Unnamed: 0,comment,title,date,name,stars,sentiment
19140,La vera Milano!Sopratutto la domenica per il mercato del antiquariato gli oratori che ti fanno mangiare a due soldi e la gente si tutti i tipi!poi già che siete lì andare alla casa museo di Alda Merini una che li ci ha vissuto e non per gli aperitivi ,Peccato per i fighetti, 12 ottobre 2018,Mercati C,3.0,neutral
17106,"Strade fortunati a visitare l'ultima domenica del mese e preso il trafficato mercato dell'antiquariato tutti lungo entrambi i lati del canale e correndo di lato. Abbiamo trovato un'ottima scoperta in Cina di Belleek, Copeland piastra e Christophe posate. atmosfera eccezionale. Una leggera nebbia a la distanza aggiunto per la sensazione di una pittura rinascimentale. Ci sono un sacco di bar e ristorante scelte lungo il canale edifici che sono bohemian e fresco. Mi piacerebbe ritornarci!",Un'atmosfera straordinaria!, 6 novembre 2018,MarOReilly,5.0,positive
16660,"non lo so, forse troppo alte le aspettative, ma non è che mi abbiano entusiasmato più di tanto!grande delusione!",niente di che...., 28 ottobre 2018,SunflowerLe1989,1.0,negative
7996,"Non siamo riusciti neanche entrare in Duomo...Per salire dì sopra dovervi fare una fila dì centinaia di metri. Forse abbiamo sbagliato il periodo di viaggio, non in dicembre.",Molto affollato, 20 marzo 2019,Alb M,3.0,neutral
2501,Zona giovanile piena di turisti. I ristoranti sono di media qualità e strapagati per il livello offerto. In genere non amo trascorrere le mie serate in questa zona di Milano. Unico punto positivo la zona della Darsena (carina e ottima per passeggiare un po'),Sopravvalutato, 3 dicembre 2017,Jacopo C,2.0,negative
1035,"Essendo una viaggiatrice, ho visitato molti musei, e personalmente non mi ha entusiasmato molto.Il palazzo è molto bello, le sale cambiano colore e le arti ben esposte, anche se un po' confusionario il percorso.Non ci tornerei, ma è davvero soggettivo.",Avevo aspettative maggiori, 29 agosto 2017,davide_ld,3.0,neutral
14770,"Circa 2700 blocchi in cemento do varie altezze a ricordo delle vittime dell'olocausto. Emozionante la visita al museo sottostante (gratuito) dove si possono ammirare le foto dell'epoca e leggere delle vicende accadute e stralci di lettere di coloro che hanno vissuto la Shoa (deportazione, sterminio...). Audioguida anche in italiano, al costo di 3 €.",Steli in cemento, 7 agosto 2019,silvia c,3.0,neutral
16731,"Difficilmente un altro monumento riesce a creare le emozioni che suscita il Duomo di Milano. Maestoso, imponente. ",Il Duomo per eccellenza, 28 novembre 2018,Roberto Como,5.0,positive
18956,"4 pallini per i locali da happy hour (carini e di vario tipo), e zero per i navigli in sé, che sono sporchi e maleodoranti. Posso capire che una città priva di mare e di fiumi punti su quello che ha, ma altro che attrazione... altrove canali simili li sanerebbero!","Carini i locali, per il resto.... BAH", 19 febbraio 2015,Gruccione,2.0,negative
6117,Tempo meglio speso esplorare altre zone della città o altre località italiane. Una volta che avete visto la bellezza di Venezia questo posto sembra una discarica.,Stick a Venezia - niente a che vedere qui, 20 agosto 2013,Chris C,2.0,negative
19327,"Esperienza indimenticabile. Parco immerso nel verde. Centinaia di persone che corrono, a piedi o in bici. Relax totale. Da fare assolutamente anche se non si è soliti fare jogging. Rilassante con panorama bellissimo.",corsa indimenticabile, 26 luglio 2017,andrea c,5.0,positive
8943,Una passeggiata nella movida Milanese! Aperitivo lungo.......lungo tutti i navigli...spettacolare!!!!!! Da passeggiarvi in tutti e due.,Belli, 10 marzo 2019,dimi1966,5.0,positive
2550,"Per via del covid hanno limitato l'accesso a molte sale, troppe, e il biglietto non è sceso di prezzo.",Troppo limitato , 15 agosto 2020,andrearoberta,2.0,negative
18959,"A parte alcuni capolavori, molte opere sono da “toccata e fuga”! Fortunatamente erano in corso due mostre temporanee ( Fra Angelico e Pittura Olandese confrontata con grandi spagnoli) decisamente interessanti. L’organizzazione generale lascia un po’ a desiderare così come la pulizia del museo. Speriamo nella ristrutturazione per i 200 anni.",Non è il mio genere preferito, 25 agosto 2019,Samuela e Vittorio Bandoni,3.0,neutral
7335,I miei preferiti Goya e Velasquez e Rubensmiei preferiti Goya e Velasquez e Rubensmiei preferiti Goya e Velasquez e Rubens,Visita bella ma troppo breve dato l' orario di chiusura, 27 agosto 2017,Paola M,5.0,positive
6318,"Rovinata definitivamente la darsena. Nel senso che il restauro poteva anche starci, ma avessero messo del verde, degli alberi, qualcosa!La Darsena è un deserto di mattoni e cemento, d'estate il caldo è totale ed è sempre tappezzata di orrende installazioni messe in piedi dagli sponsor. Sicuramente uno spazio con grande potenziale anche per attività in acqua, ma poco sfruttato.Veniamo ai tanto decantati navigli. Il problema fondamentale dei navigli è a mio parere il basso livello dei locali. Quasi tutti uguali fatticon lo stampo, come quasi tutti i ristoranti. Non c'è più nessun tipo di identità a caratterizzare la zona. Certo qualche eccezione c'è,qualche ristorante e qualche enoteca difendono il buon nome della zona ma tutto il resto a mio parere è carissima fuffa.Una nota di (de)merito per il mio adorato (in passato) Libraccio, che era il perno delle mie visite ai navigli. Libri usati al prezzo quasi dei nuovie personale disattento e totalmente incompetente (se non sui fumetti....no comment). Altro problema vero dei navigli ovviamente il sovraffolamento ele zanzare che nel periodo da primavera ad estate sono un vero flagello. Tutto sommato non raccomando i navigli per una serata, forse proprio perchèli ho veramente amati quando li frequentavo ed andavo alle Scimmie. Sicuramente meritevoli di qualcosa di originale e di non di quei mostruosi localida aperitivo senz'anima e caciari, rumorosi, volgari..",Tanto rumore per...nulla, 20 novembre 2019,Jet Lag,2.0,negative
4397,"Dato che avevamo letto di questo gioiello artistico nel cuore di Milano abbiamo deciso di visitarlo in proprio giovedi 14 settembre scorso nell'orario di apertura pubblicato ed esposto sulla porta della chiesa in Corso Magenta che i giovedi prevede la chiusura alle 22.00.Ci siamo presentati verso le 18.00, ma il sito, ahime', era chiuso. Abbiamo allora chiamato il numero telefonico della chiesa, chiedendo spiegazioni. Il signore che ha risposto ci ha detto che il sito per quel giorno ormai era stato chiuso dato che c'era lo sciopero dei mezzi pubblici (!!!!) e che lui ormai non era piu' li' e non c'era piu' niente da fare. Da notare che noi siamo arrivati regolarmente in metro da fuori Milano! Continuando ad ""arrampicarsi"" lo stesso signore ci ha suggerito di contattare il Touring Club Italiano, dato che erano loro che gestiscono le visite a San Maurizio. A questo punto abbiamo desistito.Ci dispiace quindi di aver perso questa occasione per visitare la chiesa di San Maurizio, ma ci dispiace ancora di piu' constatare che, in questo caso, la capacita' organizzativa di chi ha la responsabilita' dell'immagine turistica di Milano per i numerosi siti di cui potrebbe andare fiera, lascia molto a desiderare.",PESSIMA ORGANIZZAZIONE, 18 settembre 2017,Augusto B,1.0,negative
13854,"Duomo molto suggestivo gia da fuori... io e il mio compagno abbiamo scelto di vedere le terrazze usando le scale.... mai più!!!troppi scalini e con 30 gradi è stata una scelta pessima... consiglio di scegliere l ascensore,soprattutto d estate.. comunque tutto sommato bello.",Visita ok, 27 agosto 2019,Silvia C,3.0,neutral
1832,"Uno dei monumenti piu' famosi della citta'. Da non perdere. In parte danneggiato dai bombardamenti, mantiene inalterato il suo fascino",Splendida come da foto, 27 maggio 2019,stefano l,5.0,positive
5840,"Stavano facendo qualche lavoro, ma c’è un bel percorso pedonale, ma in primavera è meglio perché il laghetto era gelato e gli animali erano rintanati",Meglio in primavera , 27 febbraio 2018,lorenzaVogogna_vb_,3.0,neutral
9356,Abbiamo visitato il duomo sfruttando il fast track e visita guidata con Booking.Arrivati all'ingresso ci hanno indicato erroneamente lo sportello del fast track che dovevamo saltare vista la visita guidata inclusa. Arrivati finalmente alla sala delle colonne scopriamo che la visita era in inglese: booking riporta erroneamente doppia lingua. Per fortuna ci muniscono di audioguide che ci permettono di capire qualcosa.Il duomo è maestoso: il biglietto è costoso. Non è ammissibile spendere 50€ a coppia per una chiesa in continuo restauro causa smog.L'arte gotica è indiscutibilmente maestosa oltre che armonica.Avrei preferito godere di una visita guidata data la mole di cose da vedere.Sicuramente è poco storico aggiungere sempre del nuovo al duomo: occorre congelare la storia.Personalmente mi è rimasta indifferente.Giudicate voi. ,Arte che costa , 26 settembre 2019,S_Brontolo,2.0,negative
5162,"Ho prenotato l'ingresso alla cupola al centro visitatori lì vicino. Era l'1 novembre, c'era posto il 3 novembre (domenica) nel tardo pomeriggio. Noi ci siamo entrati verso le 19. Il posto è molto bello, già da fuori se ne intuisce la maestosità. Merita davvero una visita, anche perché è gratuita. Vengono fornite anche interessanti audio guide in lingua. Purtroppo del paesaggio esterno abbiamo visto poco perché la vetrata, a causa delle condizioni atmosferiche, era quasi interamente appannata.",Da visitare, 14 novembre 2019,StefaniaTp,4.0,positive
17435,Se non vai al Prado quando sei a MADRID fai un torto a te stesso.È uno dei musei più famosi al mondo quindi si Deve visitare.Ci sono varie sale e a me personalmente è piaciuto il settore NOBILTÀ SPAGNOLA del 600.Altro... insomma.Il settore commerciale (souvenir e varie) è fatto benissimo.CONSIGLIATO,Mi aspettavo di più.., 29 settembre 2018,GM,3.0,neutral
3357,"Come tutto a NY anche il parco è enorme, e anche qui bisogna scegliere cosa e quanto vederne, ma praticamente qualunque angolo ne vale la pena.",Non perdetelo, 24 agosto 2016,426Gui,5.0,positive
15167,"Struttura imponente e maestosa con rampe elicoidali di agevole accesso, consigliato a tutti anche con carrozzine, panorama di Berlino unico sia dall'interno che all'esterno dalla terrazza posta in cima alla cupola. Ingresso gratuito così come l'indispensabile audio guida. Prenotazione obbligatoria sia online 2 settimane prima  che al chiosco sul posto un giorno prima della visita, in questo caso senza la possibilita' di scelta dell'orario preferito. Consigliata la visita al tramonto.",Assolutamente da non perdere, 11 dicembre 2019,Petersimpol,5.0,positive
16584,"ormai resta poco di quella che era la parte di muro più caratteristica rimasta a Berlino, ""grazie"" alla costruzione di nuovi edifici lungo lo Spree e l'ignoranza dei soliti a cui piace lasciare scritte senza senso",il muro alla mercé del capitalismo, 6 maggio 2019,suanonna82,1.0,negative
12398,"Con una bella giornata un giro in bici nel parco è una delle cose più piacevoli che si possano organizzare. Prezzi abbordabili e una sosta sdraiati sull'erba guardando i grattacieli, non ha prezzo. Ce l'hanno a morte con i fumatori. A livello quasi patologico direi. ",Giro in bici, 16 maggio 2016,LUPORINI,5.0,positive
4354,"Merita passeggiare lungo questa galleria all'aperto, realizzata dopo la riunificazione della città, si ammirano opere d'arte ispirate alla pace, si può anche camminare lungo il fiume che talvolta qualcuno ha tentato di attraversare a nuoto per raggiungere la libertà.",Opere d'arte sulla pace su un segno di divisone, 7 agosto 2019,Michele B,5.0,positive
22,Me ne parlavano molto bene prima di andarci ma penso che non ci sia nulla di particolare almeno che non si voglia buttare soldi in aperitivi,una passeggiata come tante altre, 6 agosto 2016,PontonioG,3.0,neutral
13025,"Questa è una zona MOLTO sopravvalutata di Milano. Le guide e i siti descrivono un luogo vivace pieno di piccoli negozi indipendenti e studi di artisti. In effetti, è una brutta passerella lungo canali, certamente molto puliti, con caffè / ristoranti che superano in numero le altre attività commerciali di circa dieci a uno.Sostiene di essere pedonale, ma attenzione ai furgoni delle consegne e ai ciclisti che viaggiano ad alta velocità e non lasciano il passo a nessuno",Non preoccuparti di visitare la zona del canale/navigli., 19 maggio 2023,Exidia,2.0,negative
14033,"Si tratta di un museo che conserva prevalentemente opere spagnole, in particolare Velasquez, Goja, Murillo . C'e' anche qualche opera italiana , del Beato Angelico e del Tiziano per esempio. Non troppo entusiasmante",Museo abbastanza interessante, 5 ottobre 2022,monica p,3.0,neutral
13728,Bello ...ma preferisco moderno.. AL Thyssen c'era anche Beckamm molto colorato e particolare..menoale che al Prado sono entrato free...,Thyssen piu bello del Prado, 27 gennaio 2019,Luis Laudonia,3.0,neutral
11563,"Mia personalissima impressione. Non mi ha dato quel senso di smarrimento o riflessione che molte persone hanno scritto di provare. Non sò avrei pensato ad un sito ""diverso"" per ricordare quell'abominio. Ma ripeto è una mia personale impressione e rispetto molto i giudizi di altre persone che invece ne sono rimaste colpite.",mah.., 7 gennaio 2020,Max R,2.0,negative
8381,"Essendo un poco fuori mano non la consiglio in caso di viaggio breve. Invece se si vuole approfondire la storia, forse vale la pena ma è meglio un museo sull'argomento",Sì e no, 14 maggio 2019,Pd_rules,2.0,negative
12657,Prezzi stratosferici. Code x ore ed ore in ingresso. Totalmente disorganizzati. Da evitare in toto....,Code kilometriche.... Sconsigliato, 31 dicembre 2019,Eros V,1.0,negative
9537,Ho lavorato per anni a pochi passi da questa chiesa senza mai rendermi conto delle meraviglie che si nascondono dietro una facciata abbastanza anonima. Gli affreschi tolgono il fiato.,Poco conosciuta ma assolutamente da visitare, 16 marzo 2016,armrinaldi,5.0,positive
4321,Ho visitato il museo con alte aspettative che sono state appagate dalla magnificenza dell’intera esposizione di opere meravigliose. Tappa imperdibile per gli appassionati di arte o un motivo in più per iniziare ad esserlo!,Strepitoso, 31 agosto 2018,massimiliano l,5.0,positive
16091,Forse è il piu' bel parco che abbia mai visto. Con una bella bici lo attraversate tutto.Se andate a NY non perdetelo....,Da vedere., 29 aprile 2019,Sergio,5.0,positive
12925,"Ho prenotato on line i biglietti per la salita alle terrazze panoramiche in ascensore.Al momento di ritornare mi dicono che, per disposizioni Covid, la discesa va fatta con la scale.Trovo estremamente scorretto che una tale disposizione non fosse ben evidenziata prima dell'acquisto dei biglietti e neppure all'ingresso.Avendo un problema a un ginocchio la discesa non è stata piacevole.",Ascensore si e no, 5 giugno 2021,carlo a,2.0,negative
2591,"Vera icona di Milano, il Duomo non mi ha mai convinto del tutto da un punto di vista artistico, ma riveste enorme importanza storica e merita sicuramente la visita.Costruito nell'arco di secoli in uno stile gotico adattato al gusto italiano, è una chiesa imponente e slanciata al tempo stesso.L'interno è spazioso, impreziosito nell'abside da belle vetrate policrome, ma non particolarmente ricco di opere d'arte; notevoli le nervature delle volte ogivali che spiccano sul soffitto.Vicino all'ingresso, una scala introduce all'area archeologica sotto il pavimento, dove si possono vedere i resti di basiliche paleocristiane e di un battistero.Il biglietto d'ingresso, del costo di 15 €, si può fare online o alla biglietteria situata all'esterno, e consente l'accesso all'interno, all'area archeologica, alle terrazze panoramiche sul tetto e al museo.","Non un capolavoro, ma sempre interessante", 26 settembre 2022,elmart,3.0,neutral
15097,"Una delle più amate passeggiate dei milanesi, ma forse il posto meno attraente da vedere a Milano. È pieno di banchetti di ""roba vecchia"", tanta gente e decisamente sporco. Forse di sera si respira un'atmosfera più caratteristica e giovane, ma questa domenica mattina ci siamo ritrovati ad esserne delusi dopo soli 10 minuti ",No di domenica , 27 novembre 2016,Mac_e_Blu,2.0,negative
16207,"Atre a cielo aperto sul simbolo delle guerra fredda, una passeggiata di oltre un km dove poter ammirare bellissimi murales effettuati da artisti di tutto il mondo, ma che rende anche l'idea di come un popolo fu diviso da una guerra. ",Memoriale alla libertà, 19 maggio 2019,svavy75,5.0,positive
1170,Mi aspettavo di piu. Visto dall' empire o top of the rock sembra molto meglio. Meglio il nostro parco di monza.,Parco discreto, 17 ottobre 2016,Piero T,3.0,neutral
6665,Peccato malgrado la bellissima giornata di sole son rimasta delusa! Il canale era asciutto e sporco ! Tantissima gente visto che cera il mercato dell usato! Mangiato non molto bene ma pagato molto Peccato,canale asciutto, 25 febbraio 2014,silvy55,2.0,negative
1181,"zona di vita serale e notturna, molto turistica. Ci sono molti locali e ristoranti di ogni genere e prezzo. i navigli sono suggestivi, bene illuminati e abbastanza puliti. La darsena è meno frequentata e più tranquilla",animato e suggestivo, 21 gennaio 2018,giovannibagh,4.0,positive
3675,"Sarebbe un posto meraviglioso se le orde di barbari che non hanno educazione e rispetto per gli altri, non rovinassero questo spettacolare spicchio della città. Dovrebbe essere perennemente chiuso al traffico ma giustamente i residenti...Per chi è appassionato di cose vecchie ed a volte originali, si consiglia il mercatino dell'antiquariato una volta al mese ma attenzione i prezzi sono spesso superiori a quelli di altri mercatini!",Troppo rumore e caos, 21 febbraio 2012,Daniele M,2.0,negative
7457,Da non perdere questo monumento unico al mondo da visitare almeno una volta nella vita. Meglio arrivare presto perché le file d'attesa sono sempre lunghe!,Unico al mondo..!!, 19 aprile 2017,Enrico P,5.0,positive
11762,La bellezza della natura in un centro extra moderno è il giusto contrasto tra passato e presente in una città che non dorme mai,Immenso, 30 agosto 2018,emiliano s,5.0,positive
3960,"Piazza Duomo è Milano, negli ultimi anni sono stati fatti passi da gigante per quanto riguarda la pulizia e la sicurezza, si può salire sul tetto ed entrare nel duomo. Ci sono molti bei negozi intorno e alcuni locali rooftop carini",Semplicemente Milano, 11 ottobre 2019,LaSilvietta88,3.0,neutral
11093,"...un gioiello nascosto, in centro a Milano.Sulle rovine della Milano romana, questa chiesa e' un vero monumento al colore e alla bravura dei pittori che l'hanno decorata.Un consiglio? Lasciate perdere le pedanti visite guidate e perdetevi nelle policromie: la sindrome di Stendhal e' in agguato...","Bella, bellissima...", 2 novembre 2015,Luca A,5.0,positive
12975,"Il museo é una struttura enorme, per cui se avete intenzione di girarvela tutta, studiatevi un percorso intelligente da soli individuando le opere che maggiormente vi interessano. Nonostante la fama e l’enormità strutturale del museo, la disposizione delle opere é caoticissima e il loro valore culturale inestimabile in questo caos si disperde. Ineguagliabile la sala dedicata alle opere nere di Goya ( piano terra ): col senno di poi visiterei solo questa evitando di perdere tempo alla ricerca dell’introvabile.Non si possono fare fotografie e le indicazioni di accesso ai vari servizi ( guardaroba e toilette ad esempio) sono davvero poco chiare.",Un‘enormitá culturale svilita nel caos, 12 ottobre 2018,Ale L,2.0,negative
9091,Enorme parco tenuto benissimo. Un'oasi di verde nella caotica ma splendida New York. Adatto a tutti. Bellissimi gli uccellini che ti girano attorno e gli scoiattoli ,Bellissimo , 27 agosto 2016,Tellina2013,5.0,positive
2096,"Esternamente, bello. Per accedere alla cupola le modalità sono ampiamente descritte in altre recensioni, personalmente lo ritengo sicuramente un bel edificio, stile Tedesco/imponente, come del resto un po' tutti gli edifici storici di Berlino, ma facendo il paragone con edifici ""parlamento"", in paesi c'è ne sono molto più belli e particolari.","Bello, ma niente di ché", 6 novembre 2019,GLOM27,3.0,neutral
3724,"La zona potrebbe essere mooolto meglio. I due Navigli sono abbandonati a loro stessi e ai vandali che li usano come discarica. Addirittura c’era un’insegna stradale lanciata dentro. Belle le luminarie natalizie, ma niente di più. ",Potrebbe essere molto meglio, 21 dicembre 2017,Ermanno788,3.0,neutral
11097,"E' un distretto che vive H24 due vite parallele; di giorno le botteghe artigiane, i negozi, gli ateliers di pittura, le bancarelle, i mercatini; verso sera e di notte, essendo al centro della movida milanese,  le centinaia di wine bar, pizzerie, birrerie, ristorantini e locali con musica jazz. Da non perdere. Parcheggio difficoltoso, meglio usare i mezzi pubblici.-",La Milano di una volta, 22 ottobre 2014,roberto,4.0,positive
406,Uno dei monumenti più belli che abbia visto finora!!! Se siete a Berlino vi consiglio vivamente di visitare il memoriale degli ebrei assassinati in Europa. È veramente emozionante!!!,Emozionante, 19 gennaio 2019,Superosa,3.0,neutral
19941,"Stati mezza giornata, stancante ma ogni angolo merita e anche lo zoo per i bambini è carino da vedere.",Giro , 10 febbraio 2017,sigidima,3.0,neutral
15398,"Il significato di questo monumento è molto toccante, la parte più sensibile è che questi pilastri che cambiano altezza in base al scendere e salire della terra non c'è scritto nulla, sono di un colore scuro.Quello che non mi piace è che si trova in mezzo a una piazza qualsiasi, se non lo sai non ci passi nemmeno per di là.... Un posto immenso con una sola guardia che chiunque può fare qualsiasi cosa come salire sopra a questi pilastri perché la guardia non se ne accorge. Non c'è un cartello nulla che dia un significato a tutto ",Significativo ma niente di che, 9 aprile 2019,MirianaT,3.0,neutral
7861,"Questo centro di mondanità, locali e vita è particolarmente abbandonato a se stesso naviglio sporco, puzzolente e con oggetti che si presume non dovrebbero essere lì! Gente ce n'è e tanta, per via di locali con apeeicene a buffet a poco e simili. Qualità cocktail scarsa, cibo non ne parliamo servizio anche solo osservando praticamente assente ovunque... Non fa per me",Zona sopravvalutata, 23 maggio 2019,The Crow,2.0,negative
3416,"Sono stato a Central Park in occasione del mio recente viaggio a New York.Questo parco, su cui nutrivo grosse aspettative, mi ha sostanzialmente deluso.Sarà grandissimo, verdissimo, ecc, ma è anche trascuratissimo. Cartacce e rifiuti spesso la fanno da padrone a causa della diffusa inciviltà di residenti e turisti che non perdono occasione per lasciare un ""ricordo"" del loro passaggio.Ne consiglio comunque la visita, anche se parziale, visto che visitarlo per intero vi sottrarrebbe mezza giornata.Dedicate un po' di tempo ai simpatici scoiattoli che lo popolano, la vera attrazione sono loro.",Trascurato fino all'inverosimile, 8 gennaio 2019,Carlingo85,3.0,neutral
15831,"Non mi ha particolarmente  entusiasmato, ci sono edifici più  maestosi e raffinati. Conta il simbolo del passato.",Più simbolica che bella, 22 agosto 2019,Piero T,3.0,neutral
14223,"Affreschi meravigliosi, coinvolgenti, che mai ti aspetteresti considerando l'aspetto austero della facciata esterna. Un tripudio di colori che lascia incantati e spesso dinnanzi sostano guide pronte a fornire spiegazioni per una visita guidata. Ne vale veramente la pena.",La cappella sistina di Milano, 22 febbraio 2017,maylyth,5.0,positive
9348,Ripercorre le tappe dal nazismo alla fine della prima guerra mondiale. È  dislocata in un percorso fatto di pannelli in inglese e tedesco... audio guide sono disponibili all'entrata. È  gratuito. L'abbiamo visitato in una giornata di pioggia per cui era superaffollato e non abbiamo apprezzato la visita.. Decisamente più interessante la visita al museo sotto il monumento labirinto dedicato alla shoa.,Un passo nella storia, 6 gennaio 2018,Stefania C,3.0,neutral
113,"Troppa gente, troppo grande, nulla di che. Se volete vedere una bella piazza c’è Torino dove ogni piazza è un capolavoro",Niente di che, 18 marzo 2019,Francesco,1.0,negative
9726,"Giorno di Pasqua, faccio una gitarella a Milano. Il Duomo all'interno non lo avevo mai visto quindi vado a fare il biglietto. Alla biglietteria, postazioni automatiche, si possono scegliere due turni di visita: 12-14  e 14-16. Faccio il biglietto per il primo turno disponibile, dalle 12 alle 14. Alle 12 mi presento per entrare, dopo una breve coda. Peccato che l'addetto mi faccia presente che la visita è disponibile solo dalle 13, prima si può entrare come ""fedele"" ma molte aree del duomo, comprese nel biglietto, non sono visitabili. Ma allora perchè mi è stato venduto un biglietto con un turno di due ore dalle 12 alle 14, se poi il turno si riduce alla metà potendo entrare come visitatore solo dalle 13? Comunque ritorno alle 13 e mi rimetto in coda, ormai parecchio lunga. Un'addetta passa lungo la coda e comincia a dire che non è in grado di garantire l'ingresso a tutti, troppa coda e il Duomo chiude le visite entre le 15.30. Se si vuole provare si può stare in coda, ma non è garantito l'ingresso. E per fortuna che c'era anche un turno successivo dalle 14 alle 16 alla biglietteria!Quindi in sintesi ho comprato un biglietto con una fascia oraria, che in realtà non era poi rispettata, e ho pagato un biglietto per non riuscire a visitare il Duomo. Complimenti Milano, organizzazione perfetta! Andate a studiare all'estero come far funzionare le cose che è meglio.....","Solita organizzazione ""all'italiana""....", 30 aprile 2019,Roberto S,2.0,negative
3583,volevo fare una visita al duomo.. ma controlli necessari e fila ... mi han bloccato.. ma il vero problema è dover pagare un biglietto per una visita a un luogo possibilmente di culto aperto a tutti... lo trovo immorale a prescindere.. dovrebbero bastare le offerte... o no!!,perchè, 6 gennaio 2019,Massimo P,1.0,negative
7643,Purtroppo non sono riuscito ad entrarci perchè nel periodo in cui sono andato era già prenotato. Vi consiglio di prenotare con largo anticipo appena decidete di andare a Berlino perchè i posti per le visite si chiudono rapidamente. Dall'esterno sembra bello da vedere. ci riproverò,prenotare per la cupola!, 7 marzo 2019,Sog77,3.0,neutral
7277,"Non c'è nulla di più bello che passeggiare la sera per i navigli di Milano! Gente, locali, pub uno diverso dall'altro! Ottimo ritrovo per amici ma anche passeggiate in famiglia!",Il top per la sera, 7 settembre 2016,Luca_e_Fede28,5.0,positive
11480,da molti e come valutazione totale sembra che valga più del Duomo.A mio parere l'interno è davvero sorprendente ma la dimensione e la logistica lasciano a desiderare.,meglio del Duomo!??, 10 febbraio 2016,GusToro,3.0,neutral
18901,"Altra tappa da raggiungere assolutamente! Struttura imponente, molto ben tenuta, resa ancor più bella e particolare dal contrato tra la struttura più antica e classica e quella a forma di alveare in vetro ! Inoltre spazi molto ampi nell'esterno.",Imponente, 19 febbraio 2020,AlTrip1987,5.0,positive
378,"Non si discute naturalmente la bellezza del luogo ma l’organizzazione a due poco pessima dell’ingresso e della visita. Fatto il biglietto per la visita alle guglie per 3 adulti . Abbiamo una bimba di 6 mesi con passeggino quindi scegliamo l’ascensore. Facciamo la fila quando stiamo per entrare ci comunicano che il passeggino va chiuso e portato con noi . Pensavamo di poter salire con il passeggino visto che avevamo prenotato apposta l ascensore. Non c’è un posto per lasciarlo, dobbiamo quindi prendere in braccio la bimba è chiudere il passeggino portandoli su inutilmente! Sempre all’entrata ci comunicano che il secondo piano è inagibile per ghiaccio! Quindi ci propongono di tornare verso le 14 che si sarebbe sciolto. Ok torniamo ma niente è cambiato quindi pur avendo pagato un biglietto intero vediamo la metà di ciò che abbiamo pagato! Andiamo per riprendere l ascensore e ci dicono che la discesa è con le scale! Ma noi abbiamo pagato per l ascensore!!!! A questo punto rifiutandovi di scendere con una bimba in braccio e un passeggino chiuso comunque pesante piantiamo una grana e decidiamo di rifare tutto il percorso per scendere in ascensore.  Alle nostre accese rimostranze l’ascensore ci accorda gentilmente il privilegio di usare l’ascensore. Non immaginavo tanta approssimazione ! Estremamente delusa !",Organizzazione inqualificabile, 14 dicembre 2021,PaolaDepi62,1.0,negative
16492,"Fossero tenuti bene e puliti sarebbero da 4 stelle, ma essendo un po' degradati (soprattutto d'estate si nota il degrado) non me la sento di dare un gran punteggio.La vita notturna c'è (soprattutto aperitivi e bar), ma non è tutto sommato chissà cosa, per una metropoli come Milano.",Fossero tenuti bene..., 11 novembre 2014,Mywie,2.0,negative
16544,"Un vero capolavoro.Consiglio oltra alla visita interna con audioguida, anche l'ascensore per salire sulle terrazze (possibilmente in una giornata tersa) per godere di una vista mozzafiato sul centro di Milano.",Capolavoro, 11 marzo 2019,cosmic0,5.0,positive
18954,"La passeggiata lungo i  navigli ha il suo fascino, ma manca un vero progetto di viabilità e soprattutto..un po' di verde...tutto sommato, è una particolarità tutta milanese...certamente da da riqualificare ma con ottime potenzialità...bella scoperta però per chi non è del posto trovarsi per caso a passare di lì....;)",potenzialità da riqualificare, 27 gennaio 2012,Laura C,3.0,neutral
10921,Se arrivi dal 5 Strada ci si entra quasi per caso....ma poi ti rendi conto di quanto sia grande solo camminando.......,Polmone verde in città, 3 dicembre 2015,AnimaLatina,5.0,positive
17652,"Splendida location, un sacco di ristorantini e bar dove mangiare, un sacco di negozietti per fare shopping, un sacco di gente, musica, ecc.; peccato solo per il protrarsi dei lavori per l'Expo che sottraggono quasi tutto il piacere di essere in un angolo di Milano così ... diverso!!!","ahimè, lavori in corso", 3 ottobre 2014,Patrizia F,3.0,neutral
11275,X me questo parco e qualcosa di unico ti rimane dentro quando torni ho preso anche la barchetta nel lago bellissimo,Magnifico, 17 agosto 2017,annageda1,4.0,positive
16867,"La chiesa di San Maurizio è un vero gioiello, completamente affrescata e restaurata di recente. Credo sia una tappa imperdibile per chi visita Milano!",Meravigliosa, 23 novembre 2016,Guido B,5.0,positive
10700,"E' immenso e bellissimo, sempre frequentato da turisti e locali per tantissime attività. Averlo visto ricoperto dalla neve, poi, era un sogno che si è avverato!","Il ""Parco""", 23 agosto 2017,Daniela15_1,5.0,positive
7434,"New York è impegnativa, rumorosa, caotica, faticosa, estesa, a tratti torrida e pregna di odori forti. Qui si ritrova una tregua per ricominciare. Simpaticissimi e socievoli scoiattoli ovunque!",Tirare il fiato, 1 settembre 2015,clonet826,5.0,positive
13270,"Polmone verde in piana Manhattan. Difficile da definire: entrata sud nel pieno centro città, con relativo caos. Ampi spazi verdi più organizzati e frequentati. A nord situazione opposta: molto più tranquillo, meno persone e più “selvaggio”. Tutto molto pulito e ben organizzato. Val la pena visitarlo ma senza spenderci troppo tempo",A zonzo per il parco, 30 agosto 2019,Alberto F,3.0,neutral
9258,"Carino per far due passi, ma la maleducazione dei tedeschi è unica. Possibile poi che non sanno l’inglese? Vergognoso.",Bah, 3 gennaio 2023,The White Rabbit,2.0,negative
3210,"Il simbolo di berlino, bella, grande, con la piazza sempre affollata di gente. Bello lo sfondo con il parco alle spalle",Wow, 26 maggio 2019,PS,5.0,positive
2158,"Un po' noiosa l'esposizione foto, anche se interessanti per la storia che si racconta, del Reich di Hitler ecc...",Interessante , 16 marzo 2017,Lucia B,3.0,neutral
13722,Una porta come tante e anche il viale di accesso modesto e poco curato. Sembra che i berlinesi non vogliano valorizzare le loro attrazioni turistiche ,Sopravvalutata, 31 marzo 2019,Alessandra Cason,2.0,negative
10104,"Pessima organizzazione x acquisto biglietto, pessima segnalazione ufficio ticket, pessimo servizio....complimenti",Visita Duomo, 19 giugno 2019,Paola S,1.0,negative
13608,"Del muro di Berlino si può dire di tutto di più, ma al memoriale vi è il pannello con le foto di tutti i morti del muro. Ecco lì il muro assume un significato diverso. Attraverso la visione delle foto di quelle persone capiremmo l'assurdità dei muri siano essi di cemento o di chiusura di porti.",Impressionante, 15 aprile 2019,Roberto V,5.0,positive
9735,"Central Park è il cuore di NY, come si può pensare di non visitarlo?BICI - non è difficile noleggiarne una per girare nel parco, attenzione però perché la bici ha un percorso riservato (che essenzialmente percorre il perimetro esterno del parco) e non è consentito girare liberamente per la miriade di vialetti e sentieri che si trovano all'interno del parco.A PIEDI - il parco è molto grande e a piedi si impiega molto tempo per visitarlo ma in questo caso ... non ci sono restrizioni, si può andare ovunque.Consiglio di dare un'occhiata alla mappa del parco e pensare (anche solo sommariamente) al percorso che si vuol fare; come detto il parco è molto grande e all'interno sono numerosi i luoghi da vedere così organizzandosi sicuramente sarà apprezzato meglio.Non dimenticatevi la macchina fotografica (o smartphone) perché gli scorci da immortalare sono innumerevoli.",IMPERDIBILE, 28 agosto 2017,PavelOOs,5.0,positive
13184,"Un luogo che mi ha trasmesso angoscia per la storia che racconta.Al solo pensiero della barbarie di quei luoghi ti vengono i brividi ma una visita è doverosa.Ci sono le audioguide in italiano e fortunatamente è un museo gratuito,speculare su quello che rappresenta,l'ascesa del nazismo e la sede della Gestapo è un atto dovuto e divulgativo.esaustiva anche se ho fatto fatica a seguire il percorso.Poteva a mio avviso essere piu snello. Imperdibile.",Vale una visita a Berlino, 5 maggio 2019,Maldiviana,5.0,positive
16644,"In questo museo ci si sente immersi totalmente in quegli anni terribili, si vive un coinvolgimento pieno. Foto, testimonianze da molte parti d'Europa. Un fattor comune che fa riflettere su cio' che e' stato e su cio' che non dovra' mai accedere di nuovo.",Si vive la storia, 26 maggio 2020,PoloArtico,3.0,neutral
18930,"Da vedere se si passa dalla città, meglio se inseirito all'interno di una visita guidata per comprendere meglio il contesto e tutto ciò che rappresenta.",Tre giorni a Berlino, 21 gennaio 2020,Giulio R,3.0,neutral
1482,Il Prado è senza dubbio il museo più famoso e importante di Madrid e quindi rappresenta un vero e proprio paradiso per gli amanti dell'arte. Tuttavia per visitatori occasionali può anche risultare troppo grande e dispersivo e venire a noia dopo un po' che si cammina tra gli infiniti corridoi.,Ideale per gli amanti dell'arte, 21 marzo 2019,siddharta94,3.0,neutral
16810,"Il Canal District è bellissimo e non lasciare che questa recensione tolga nulla alla visita - semplicemente non fare la gita in battello sul canale. . . . . . . Bene, il personale e l'equipaggio erano adorabili, molto accomodanti e professionali. Questo è il punto in cui l'esperienza è finita per me. Il Canale è un unico viaggio di andata e ritorno sullo stesso specchio d'acqua. I primi 5 minuti sono davvero belli con caffè e bar che si riversano sulle rive del canale. Poi si entra in periferia con un'interessante vista di Graffiti e di unità industriali fatiscenti: il negozio ""Sex Here"" è stato un'interessante interruzione nell'architettura industriale post-apocalittica e poi quando abbiamo attraversato le recinzioni di sicurezza sfondate su unità industriali vuote, il canale la barca ha fatto una virata veloce e (molto professionale) e si è diretta indietro attraverso il Thunderdome fino ai bellissimi primi 400 metri di canale. Il mio consiglio: attraversa l'incantevole quartiere dei canali fino a raggiungere il confine della civiltà, quindi girati e torna nella bellissima Milano! Risparmia il costo del viaggio sul canale.",Povero, 10 dicembre 2018,Jeremy W,2.0,negative
5690,Un posto triste è molto squallido! Molto sporco e lasciato andare. Le pitture purtroppo sono in secondo piano rispetto allo squallore del posto.....spiace perché potrebbe essere migliore!!!,Tristissimo e squallido, 29 luglio 2019,Milu2008,2.0,negative
15404,Ci sta che se vai a Berlino non puoi non andare alla porta di Brandeburgo ma a parte questo un monumento come tanti,forse sopravvalutata, 25 giugno 2019,gusma,3.0,neutral
7118,"La cattedrale è di altissimo livello in tutti i suoi spazi, inoltre è sulla guida verde michelin, con valutazione degli ispettori a tre stelle il massimo. Con la speranza che non venga cancellata caro trip, come la precedente.",PIOGGIA DI STELLE MICHELIN, 24 febbraio 2023,MAURIZIO C,5.0,positive
16405,"Un posto dove si respira ancora l'aria della guerra, vedere questo posto dal vivo è qualcosa di unico",Emozionante, 14 novembre 2018,Raffaele D'Amato,4.0,positive
351,"Premetto che sono entrato dalle 17 alle 19 e il museo in questi orari è gratis cosa che in ITALIA è inimmaginabile.PITTURA allo stato puro.Suddiviso in tre piani e per visitarlo bene tutto non ho idea di quanto ci voglia, ma se si entra preparati e si vuol vedere bene una lista di opere 2 ore sono sufficienti.FANTASTICO.....",MUSEO UNICO, 13 ottobre 2019,soezo,5.0,positive
8899,La zona dei navigli è stupenda. E' bellissimo passeggiare la sera e prendersi un aperitivo nei numerosi locali.,Stupenda la zona dei navigli a Milano., 6 maggio 2016,Ilda L,5.0,positive
12362,Tanta pace. Polmone verde in una città certamente frenetica ( anche troppo). Cura eccezionale delle piante ivi allocare. Paesaggio incantevole. Spettacolo !!! ,Paradiso in terra, 15 novembre 2015,Alexinter64,5.0,positive
4053,Struttura molto particolare dove risiede il parlamento tedesco.... Non si paga per viatrala ma devi prenotarti un giorno prima o farlo in line costo che si visita in gruppo ,STRUTTURA MOLTO PARTICOLARE , 24 giugno 2019,Roberto S,3.0,neutral
19656,Molto bello e caratteristico pieno di locali carini e alla moda.......ma tutto questo fino alle 23.....dopo le 23 diventa un posto losco e pericoloso...peccato perchè ha un potenziale enorme..........................................................................................................................................................................................................................................................................................................................................................................................................................................!,bello e caratteristico....ma non sempre, 10 novembre 2011,Osvaldo D,2.0,negative
5204,"Nonostante io sia nata a Milano, non avevo mai visto questa chiesa. Bellissima, degli affreschi stupendi, le guide all'interno cordiali e gentilissime. Se una domenica non sapete cosa fare, non perdetevi un giro in questa chiesa!",Bellissima! da visitare, 6 luglio 2017,Anna C,5.0,positive
6712,"Spero che riaprono tutti gli otto kilometri dei Navigli,  sia per il loro fascino sia per la promozione turistica. Oggi in darsena ho visto una Gondola, incredibile non siamo a VENEZIA.  Da visitarli lo consiglio",Romantico, 13 agosto 2018,timoteo2016,5.0,positive
1033,Trovo assurdo dover pagare per entrare al Duomo. Giusto pagare per il museo o per la salita ma entrare al Duomo no... nemmeno a San Pietro si paga. Inconcepibile,Inconcepibile pagare per entrare , 29 dicembre 2019,Francesca F,1.0,negative
2631,"Il luogo più magico  e poetico di Milano, ancora popolare, ogni passo un pezzo di storia di questa città. Da visitare in un giorno feriale,con calma,  meglio in primavera, ideale per  passeggiare  magari gustando  un gelato o bere un caffè seduti prendendo il sole. ideale per fare foto di scorci caratteristici. torna il buon umore e ci si rilassa. meta di stranieri soprattutto giovani  è diventato anche un luogo cool",nel cuore, 3 aprile 2015,erichina2015,5.0,positive
18706,ci sono degli affreschi STUPENDI ... non perdetvei una breve visita ne vale veramente la pena.. la chiesa non è sempre aperta al pubblico ,CHIESA DI SAN MAURIZIO A MILANO, 11 gennaio 2014,PaolaLuisa,5.0,positive
18484,"La zona dei Navigli ha ancora alcune delle originale canali che circondato Milano, la maggior parte di loro sono stati coperti in ma ho chiesto circa la possibilità di paludosa del suolo, immagino che deve essere male perché ci sono edifici su di loro che sono state lì per centinaia di anni. Una volta al mese c'è un enorme mercato tenuto qui, c'è qualcosa per tutti; oggetti d'antiquariato, vestiti, delle pulci, mobili, il cibo, e articoli da collezione. I giorni di mercato potrai vedere una sezione reale di croce della società milanese.Questa zona è conosciuta per la sua vita notturna ma, come ho passeggiato intorno all'area all'imbrunire lo sapevo che non mi sarei sentito a mio agio, come una donna solista a passeggiare qui di notte. Mi è sembrato piuttosto malfamato durante le ore diurne e quindi cielo sa cosa sarebbe come durante le ore notturne. I canali hanno pochissima acqua nel loro, così c'è nessun romanticismo.Ho visitato, ma non ci torneremo.",Ho visto!, 4 giugno 2016,35yrdream,2.0,negative
6531,"Per me i navigli sono pieni di ricordi, durante l'università io e i miei amici frequentavamo spessissimo la zona, soprattutto per gli aperitivi e fare un giro.Iniziavamo a girare per trovare un locale che ci ispirasse, anche se poi opta amo quasi sempre per La Ringhiera, per poi fare un giro a piedi e magari allungarsi alla Darsena.Come tutti andavamo nel week end, ma ogni tanto anche in settimana per essere più liberi ed evitare la movida del fine settimana.Ci sono sicuramente tanti posti a Milano da frequentare, ma per chi non ci è mai stato, i navigli li consiglio. ",Ricordi e bei momenti , 8 dicembre 2018,Francesca K,4.0,positive
12391,"Mi aspettavo più cura del verde, il laghetto sotto il ponte raffigurato sembra acqua di stagno. Eppure affittano delle piccole barchette per navigarlo, col ricavato potrebbero pulirlo.",non curato, 27 agosto 2016,ElianaPirola,3.0,neutral
7325,"La Chiesa si trova a Milano in corso Magenta,quindi in zona centro a 15 minuti a piedi dal Duomo. Sembra di entrare in una piccola Cappella Sistina,non c'è neppure un pezzetto di muro non affrescato.Si visita tranquillamente in un paio d'ore perchè è piuttosto piccola,ma ne vale veramente la pena",imperdibile a Milano, 27 luglio 2016,Nicoletta O,5.0,positive
9495,"Armatevi di pazienza e di denaro. Si paga per vedere la qualsiasi, pure per entrare in chiesa.Fila per fare i biglietti, fila sotto il sole per entrare.Se fate il biglietto per salire le scale che portano alle terrazze, si entra dal lato sinistro e la fila è molto più breve.Il giro sulle terrazze altro non è che una passeggiata sul tetto...L'interno austero delude il visitatore.Più bello fotografarlo dalla piazza, ed è gratis.",Un biglietto per tutto, 31 agosto 2019,francesco_m_t_1979,3.0,neutral
15387,"Bella parte di Milano merita una visita. molto affollata quando ci siamo stati noi, ma grata per osservare le persone, pranzo, bevande e una passeggiata",Ottimo pranzo al Bralinn affacciato sul canal grande, 17 ottobre 2014,IrishTraveller00,5.0,positive
16871,"Incuriosita da innumerevoli descrizioni e giudizi positivi di conoscenti e amici,vivendo ormai a Milano da più di tre mesi mi sono recata ai famosi Navigli di Milano. Beh che dire, sarei rimasta volentieri a casa!!! Sporco, degrado ovunque e locali sotto la media rendono questo posto inqualificabile, soprattutto perchè ero partita con l'idea di chissà quale romantica e suggestiva passeggiata avrei fatto!!IInvece devi farti largo tra venditori ambulanti, ragazzi poco più che maggiorenni che bevono birra seduti ovunque, anche a terra, presso quei bar che definirei a dir poco squallidi. Musica, luci soffuse e paesaggio caratteristico: scordateveli!!Credetemi, se volete passare una serata piacevole e con buona musica evitate i Navigli!!",Da evitare come la peste!, 7 aprile 2014,aurea88_15,1.0,negative
2235,Central Park è un luogo fantastico. Un immenso parco verde nel cuore di NY. Merita la visita allo zoo e sicuramente il giro con le barchette a reni nel laghetto. Non si può non visitare questo splendido luogo,Fantastico, 7 luglio 2018,Mosè I,5.0,positive
6778,Era il posto turistica generico che ogni città ha - Come Matteo St o al Temple bar.Abbiamo tenuto come raggiungere continuamente infastiditi da rose o di bastoni selfie.,Tourist Trap, 2 ottobre 2018,Rebecca,3.0,neutral
10622,Sicuramente per chi vive a milano i navigli sono un punto nevralgico dello svago e del divertimento.Si tratta di vie adiacenti a questi canali alcuni dei quali ripuliti recentemente.La nuova darsena in particolare è stata rimessa a nuovo.La zona è frequentatissima dai giovani per l'aperitivo ma dopo una certa ora è completamente svuotata.Devo dire però che la zona non mi ha colpita particolarmente se non per la vivacità dei locali presenti.,carino ma..., 5 settembre 2015,valja001,3.0,neutral
6042,Ma cosa c'è di bello? A me poi sembrava pure di sentire una certa puzza...brutto artificiale e molto monotono,Delusa, 29 gennaio 2017,Arianna C,2.0,negative
5493,"Molto sopravvalutato,le bancarelle vendono di tutto è più un bazar,ci si può trovare qualcosa ma occorre cercare col lanternino,il canale non ha nulla di particolare,visitati 2 volte per verificare ma la prima impressione è confermata",Sopravvalutato, 13 luglio 2018,Oriano S,2.0,negative
16879,Con le mie amiche abbiamo avuto la fortuna di apprezzarla sia di giorno che di sera. É un'opera maestosa posta alla fine di un lungo viale. Vale la pena assolutamente farci tappa una volta a Berlino ,Incantevole e mastodontica, 31 marzo 2019,niclai2,5.0,positive
8210,"Museo importante e assolutamente da vedere se si è a Madrid. Però, c'è sempre un però. Tre piani pieni zeppi di opere soprattutto dal '500 al '700: se non si è appassionati o cultori dell'arte pittorica di quel periodo o storici dell'arte, è abbastanza inutile correre da una stanza all'altra tra capolavori di ignoti, passando minimo quattro ore a scarpinare. Più consigliato il Reina Sofia che ha in serbo molta contemporaneità.",Una tappa fondamentale , 25 giugno 2022,Tom & July in travel,3.0,neutral
11032,Abbiamo preso il treno per il quartiere dei Navigli e immagino che sarebbe stato bello in un giorno dell'estate assolata. Purtroppo per noi pioveva e deprimente con solo pochi banchi la navigazione fluviale. I Caffè e i ristoranti all'interno solo i pasti. Vale la pena una visita in estate,Area di Nizza ma deludente in una giornata di pioggia Inverno, 12 novembre 2018,MSTwo,3.0,neutral
9610,Un grande parco nel cuore della città. Abbiamo fittato le bici e percorso tutta la pista ciclabile che è una ed in un unico senso di marcia. Se decidi di tornare indietro.....devi comunque percorrerla tutta. Non si potrebbe creare un doppio senso di marcia? Per guardare le attrazioni devi lasciare la bici (chiuderla con apposito lucchetto) e addentrarti tra il verde senza punti di riferimento. La segnaletica delle attrazioni è inesistente. Nessuno dei turisti presenti sapeva dove si trovassero. Comunque è un'esperienza da fare.....rimane molto da migliorare.,Grande delusione , 25 agosto 2017,Merimotta,2.0,negative
18918,Stupendo la Cattedrale da vistare se si va a Milano non si può perdere questo monumento ubicato in un contesto affascinante,Bello, 3 luglio 2019,Gianluca,5.0,positive
4363,"Secondo me a Milano esistono dei posti molto ma molto più interessanti e belli. Da quanto e come viene decantato ne sono rimasto deluso. La sera il posto rende di più, ma viene rovinato dalla maleducazione e arroganza dei giovani che lo frequentano. Molto sporco. Gente che ti vomita per strada perchè ubriaca persa non è il massimo da vedere. Sarebbe preferibile osservare i  senza tetto sotto il porticato a 10 metri e non loro.",Posto sopravvalutato, 4 marzo 2019,71Leonardo,3.0,neutral
16735,"E' il parco dei sogni che vediamo sempre in tv: grande, pulito e molto ordinato tutti dovrebbero passeggiarvi dentro almeno una volta nella vita.",Un posto incantevole, 5 settembre 2015,Giulia E,5.0,positive
1565,"È sempre bello il duomo,ma non nei giorni di festa dove è quasi impossibike godersi la visita. Meglio in giorni infrasettimanali.",Ma anche no, 16 gennaio 2019,rudycastiglioni,3.0,neutral
14497,"Ho già recensito il Cenacolo.....giorno festivo....chiuso! Ribadisco il concetto è il paradosso dei centri commerciali aperti, locali mangerecci, luci e babbi Natale ovunque vs musei, teatri, pinacoteche e quanto più nutre il cervello......tutto chiuso.",Chiusa!, 26 dicembre 2018,Lorenzo T,1.0,negative
4564,"I navigli di Milano erano le vie x portare in città oggetti e materiali pesanti in particolare il marmo x la, costruzione del Duomo.Attualmente uno dei navigli fiancheggia vie con ristoranti bar e locali di intrattenimento (sino a poco tempo fa erano addirittura ormeggiati barconi che ospitavano bar e ristoranti) l'altro invece è fiancheggiato dalle sedi di società di canottaggio ed è sede di un cimento cioè una gara amatoriale di nuoto senza classifica questi due canali molto curati caratterizzano il quartiere -il Ticinese-che è una zona della città con vivace vita notturna.I due navigli terminano entrambi nella Darsena anch'essa caratteristica e sede di avvenimenti.Ritengo che x un turista che si fermi a Milano qualche giorno valga la pena di fare una visita al Ticinese soprattutto alla sera.",La via di Milano x il traffico pesante, 27 dicembre 2018,plm933,3.0,neutral
15130,Percorso pedonale valorizzato dai vari locali che si susseguono uno dietro l'altro e con tutte le varietà di cucina possibile. Da fare una passeggiata se si passa più di un giorno a Milano,Valorizzato, 21 marzo 2019,Ivan Grasso 😋,4.0,positive
469,"La galleria è tra le cose più belle che ho visto a Berlino, ma mi è dispiaciuto vedere che sia su una strada trafficata senza limiti al traffico e al parcheggio delle auto lungo il marciapiede che costeggia il muro. Tutti fanno foto lì, e valeva la pena magari darle più spazio. Sul retro invece una bella passeggiata lungofiume. ",Peccato non sia più valorizzata, 7 settembre 2019,Valentina A,3.0,neutral
8358,Ce una bella passeggiata è consigliato perchè in questa zona ci sono tanti pub e nella stagione estiva mettono i tavolini fuori. Come zona è più consigliata alla sera perchè non essendoci negozi come passeggiata pomeridiana risulta noiosa meglio il duomo.,Serata piacevole nei pub, 15 gennaio 2015,BimbaAle11,3.0,neutral
14611,Il posto è accettabile oltre al fatto che ogni mezzo metro ci sono dei venditori abusivi il luogo è inquinato ma a livelli altissimi non sono riuscito a respirare a casa anche il tubo di scappamento della macchina mi sembrava aria pulita no è romantico e bello quanto volete ma NO poi pieno di gente e se non vi piace camminare e ogni 2 metri sparare un flare per far capire a chi è con voi dove siete evitatelo ,n.c.s.p. Troppo inquinato, 10 dicembre 2019,the lone gamer K,1.0,negative
512,"Il Duomo di Milano non è semplicemente il monumento più famoso della città ma è l'icona stessa dello skyline di questa è vivace metropoli italiana, il suo logo la sua unica immagine( ..e questo è  un po' il suo limite)....tuttavia è anche il luogo del cuore , l'immagine di un famoso panettone di Natale e...se alziamo lo sguardo, il trionfo della dolce Madonnina che benedice la città.",Un unicum nell'architettura, 18 novembre 2013,Piera F,3.0,neutral
13561,"Una forte emozione. Da vedere, da vivere. Certo fa molto meditare a quanto sia preziosa la libertà. Alcuni murales sono particolarmente belli. E poi ci sono quelli noti",emozione, 21 agosto 2019,Marisa S,5.0,positive
19148,"Un museo molto statico, con moltissimo da leggere e zero interazione, che spiattella la storia del Reich da cima a fondo senza riuscire a coinvolgere a livello emotivo. Inoltre molto pieno di ragazzini, non mi ha colpito. ",Tedioso libro di storia, 5 aprile 2017,Ady392,2.0,negative
16574,Molto bello!!! Facile da raggiungere con i mezzi è un museo memoriale sul muro di Berlino! Museo con ingresso gratuito e nella parte alte ti permette una visuale di come era effettivamente il muro di Berlino! Unico problema alcune notizie riportate nel museo sono esclusivamente in tedesco,Museo muro, 22 gennaio 2018,ImLeAdRdIaA,3.0,neutral
9364,"decidiamo di fare una passeggiata in pieno giorno....evitando la confusione dei locali della notte sbagliando,dato che non vi è tanto da vedere a parte i piccoli mercati e i venditori ambulanti.",passeggiata di giorno, 30 maggio 2019,pietromariatucci,3.0,neutral
1774,"zona sporca e rumorosa, con un naviglio in degrado e senza verde.Non si capisce cosa ci sia di attraente. A Milano è una delle ultime opzioni come interesse possibile. Per fortuna piace a tanti così si assembrano lì e non da altri parti più belle...................................................................................................................................................................................................................",Navigli: un mistero targato Milano, 21 gennaio 2012,2teste,1.0,negative
16972,"Il polmone verde di New York, seppure artificiale (grande delusione) , è il simbolo del tempo libero e dello sport dei newyorkesi. Ci si va ad allenare,ci si va durante la pausa pranzo per fare velocemente un pasto preso al take away! Io e mio marito abbiamo trascorso una bella mattinata,abbiamo noleggiato due bici e abbiamo cercato di girarcelo un pochino, nonostante la fatica sulle salite ! Bello e da visitare assolutamente se si è a New York!",Giornata in bici, 23 ottobre 2015,Mena,5.0,positive
13246,"Sono stato sui Navigli per la prima volta,nonostante le numerose visite fatte a MilanoDevo dire che si possono anche evitare se non fosse per i numerosi locali presenti in zonaAnche se personalmente preferisco i locali verso l’arco della pace",Deluso, 16 maggio 2018,MaRiO883,2.0,negative
6737,"Abbiamo deciso di trascorrere un Primo Maggio diverso quest'anno,tra un viaggio e l'altro in Europa e nel mondo,ci siamo presi una pausa per riscoprire la nostra Milano (a soli 20 km da casa!).Siamo partiti la mattina presto,proprio come facciamo quando siamo in viaggio,metro' fino a P.zza Duomo e poi e' iniziata la nostra fantastica passeggiata per raggiungere i Navigli a piedi.Dopo aver percorso Galleria Vittorio Emanuele (con tanto di giravolta sugli attributi del toro...portafortuna!),siamo usciti in P.zza della Scala e dopo aver dato un'occhiata a Palazzo Marino ,il Teatro alla Scala e un breve saluto alla statua di Leonardo,abbiamo svoltato a sinistra verso P.zza Mercanti e il Palazzo della Ragione per un tuffo nella Milano del Medioevo.Da qui ci siamo diretti verso via Torino che abbiamo percorso sino alla fine, entrando attraverso Porta Ticinese nella P.zza dove sorge la Basilica di San Lorenzo (in ristrutturazione)e le bellissime colonne che si ergono altissime fin quasi a raggiungere il bellissimo cielo che questa giornata ci ha regalato!!!Abbiamo quindi proseguito per Corso di P.ta Ticinese e dopo aver preso due gustosi tranci di pizza calda,ci siamo fermati a mangiarli in P.zza Sant'Eustorgio,per ammirare la Basilica che conserva al suo interno le reliquie dei Re Magi...e finalmente eccoci arrivati ai Navigli.Sulla sinistra troviamo l'Alzaia Naviglio Pavese,noi ci dirigiamo a destra verso il Naviglio Grande (piu' caratteristico):indecisi tra la sponda di Ripa di P.ta Ticinese e l'Alzaia Naviglio grande,optiamo per quest'ultima e subito ci immergiamo in quest'atmosfera cosi' diversa dalla Milano che viviamo sempre che ci sembra quasi irreale.Tantissimi studi artistici,localini caratteristici e cortili quasi fiabeschi:non perdetevi per nulla al mondo Vicolo dei Lavandai....!Arrivati sino in fondo siamo tornati indietro percorrendo Ripa di P.ta Ticinese cogliendo l'occasione per vedere l'Alzaia Naviglio Grande da un'altra prospettiva!E' stata veramente un bellissima passeggiata e ci siamo ripromessi di tornare in serata (volevamo visitare altre zone di Milano) per una cenetta prima di tornare a casa,ma questa e' un'altra storia.....",Primo Maggio alla riscoperta di Milano, 3 maggio 2014,AnnaeGiampy,5.0,positive
10156,La bellezza del Duomo di Milano è indiscutibile ma la domanda è questa: chi ha pensato ad un sistema così complicato e mal organizzato per acquistare i biglietti???Fila nr. 1 per prendere il biglietto...per fare la fila per pagare!Fila nr. 2 (56 persone in attesa...con un impiegato in data 1 novembre) per pagare il biglietto; fila nr. 3 per entrare in Duomo.Se questa è l’organizzazione... Da fare passare la pazienza anche ai Santi...,Caccia al tesoro per i biglietti, 4 novembre 2019,Grazia B,3.0,neutral
17979,"Beh il distretto dei Navigli e' ampio  non si puo' definire una zona univoca .La sporcizia e l' olezzo in certe sue  zone e' davvero indegno di Milano .Certe meravigliose  realta' paesaggistiche andrebbero  curate non una tantum .Andrebbe impedito ai ciclisti di sfrecciare imperturbabili ai 55 orari in 2 metri di  stradina .In certe zone il tempo si e' fermato in altre si e' fermato troppo .Si e' costretti a scegliere le zone dei ristoranti , purtroppo . Salvo rare eccezioni come la fantastica Chiesa di S. Cristoforo su Alzaia Naviglio grande .O  certi  Vicoli . Ma davvero piu' che a Milano sembra di essere oramai  in zone  post belliche . Scegliete con cura .",CINISMO E CANDORE, 16 aprile 2018,adhocfrancesco,3.0,neutral
3589,"Ad essere sincero, questo monumento non mi ha affatto esaltato.Piuttosto banale, sia la porta di Brandeburgo che la piazza antistante.",Banale , 27 giugno 2019,Bernardino P,2.0,negative
793,"Andrò per punti perchè se no è troppo lungo:> Booking service on line poco chiaro: non si capisce dove è l'entrata, dove si ritirano i biglietti, neanche il prezzo sulla conferma della prenotazione è chiaro.> non viene richiesta l'elenco dei partecipanti su carta intestata della scuola (ma per fortuna ce l'avevo)> Il servizio telefonico non risponde mai e non ha una attesa ma semplicemente ti dicono di richiamare piu tardi> Se piove, come da protocollo, fai la fila sotto l'acqua nonostante ci sia ampio posto all'interno.> anche all'entrata della salita alle terrazze non viene indicato dove si possano ritirare i biglietti.> sulle terrazze  non c'è nessun NESSUN pannello con storia, spiegazioni di statue particolari (e ce ne sono), niente. NON BUONO; A MIO PARERE.",decisamente migliorabile, 7 maggio 2022,ANNA M,2.0,negative
2823,"Per essere un paracetamolo me lo aspettavo più indie , provo a passare da Milano Dateo, vi faccio sapere ",POCO INDIE, 27 novembre 2019,Matteo Borghese,1.0,negative
8678,"i  famosi navigli di milano,un sistema di canali navigabili con baricentro la citta' di milano,una volta mettevano in comunicazione con il lago maggiore,quello di como e il basso ticino.caratteristiche alcune trattorie che costeggiano il canali.",passeggiata meravigliosa, 15 ottobre 2018,Nicola Z,4.0,positive
15613,La visita di questa meravigliosa cattedrale è stata rovinata dalla maleducazione dello staff che per un semplice errore nel percorso da effettuare sulle terrazze ci ha urlato contro parole poco garbate.Per rendere davvero impeccabile quest'esperienza suggerirei di selezionare meglio il personale!Altra pecca le impalcature ovunque che impediscono la visuale.,Peccato per il personale..., 20 settembre 2021,Elena G,2.0,negative
6569,"Credo farebbe bene a molti una visita a questo museo, dove si capisce come un regime totalitario mediante propaganda, e appunto, terrore riesca a trasformare la gente. Attrazione gratuita e organizzata benissimo.",Molto ben organizzato, 27 febbraio 2017,Massimiliano P,5.0,positive
10389,"Un luogo dove i bambini si divertono ? Perchè ho visto solo quello , usarlo come labirinto giocando a nascondino",Ma è un memoriale  o...., 2 settembre 2019,Giordano.L,2.0,negative
11290,"L’unico museo dove è severamente vietato fare foto con il cellulare. Assolutamente assurdo, tutti molto delusi. Gente che faceva foto disperatamente di nascosto alle loro opere preferite.La direzione del museo dovrebbe adeguarsi ai tempi, vergogna. Per il resto, alcune opere ovviamente incredibili. ",L’unico museo al mondo dove non si possono fare foto, 7 agosto 2019,Roberto D,1.0,negative
20053,Un bel parco in mezzo ad una delle città più grandi al mondo... Quando sei nel parco ti sembra di essere lontanissimo dalla città!,È bellissimo!, 3 ottobre 2015,Giuseppe O,5.0,positive
7896,Sicuramente interessante ma soprattutto consiglierei la mostra interna. All'esterno al di la dei circa 200m di muro si tratta di una rassegna che si può passare molto velocemente   ,INTERESSANTE, 19 agosto 2017,DavideAbbiategrasso,3.0,neutral
3916,"La struttura carina, è seppur ci fossero anche dei bei quadri non si riusciva a seguire un ordine cronologico sensato, o se ci fosse era sconosciuto. Mi aspettavo molto di più visto il nome e i pittori esposti",Confusionario e dispersivo, 28 ottobre 2018,Maui,2.0,negative
9425,Ci sono stato per un pranzo.ho trovato buoni ristoranti e prezzi bassi.Buona cucina così.Ma circa il posto non mi sento come posso chiamare se una meta turistica... mi sono sentito deluso quando ho raggiunto il Grand Naviglio... assolutamente nulla così eccezionale... era sporca in passerelle..E piena di automobili e motociclette equitazione molto vicino al vostro tavolo da caffè fuori del bar..Non è stato il rilassante...,Mi aspettavo qualcosa di più..., 12 ottobre 2018,Mau F,3.0,neutral
15,"Canali erano esaurite pochissima acqua. Alcune parti in costruzione. Sembra essere una zona notte della nostra vita... Molti un po' folle a questo. Le bottiglie di birra tutto compreso nel modo di acqua, bevande sulla terra tutto strade. Ci sono molti ristoranti nei dintorni. Essere consapevoli dove la vostra a piedi non eravamo a conoscenza della zona e siamo finiti in una zona sempre agitato della città. Un piccolo pochi negozi e da un sacco di elementi di tipo di mercato delle pulci. Si può acquistare un telefono cellulare caso o self stick a ogni 3 ripida mi sudore! Non è quello che mi aspettavo a tutti!",Non è il migliore, 7 marzo 2013,Tiffany H,2.0,negative
12050,"Che veniate per i mercati dell’ultima domenica del mese, oppure per un pranzo in una tipica osteria milanese, o per vedere un atelier di un pittore, questa è senza dubbio la zona più tipica di Milano. Tanti locali, per tutti i gusti, che cambiano sempre, ma soprattutto bei palazzi e le classiche case di ringhiera. Veniteci e tornateci",La parte più tipica di Milano, 9 settembre 2018,miky7418784,4.0,positive
7031,"è impensabile chiudere un monumento come questo il mese di agosto!Ho visto molti turisti delusi andarsene …trovando la chiesa chiusa.Molti siti in internet danno informazioni errate.Selezionando gli orari escono quelli normali senza evidenza della chiusura.I cittadini milanesi che vogliono  riscoprire la propria città in agosto hanno molte delusioni, diversi luoghi sono inaccessibili perché chiusi o con orari davvero limitati.Un vero peccato!","Milano, Monumenti chiusi ad agosto", 16 agosto 2021,Daniela M,1.0,negative
7744,"Bellissimo parco dove passeggiare, leggere, fare un giro in bici e staccare dalla città. Peccato per le macchine che comunque si fanno sentire, dai sottopasaggi che attraversano il parco.",Carino ma pensavo meglio, 27 agosto 2018,Elisa M,3.0,neutral
10750,"Non sono rimasto colpito positivamente da questo monumento, mi ha lasciato molto perplesso tutta la rappresentazione .",molto triste, 3 febbraio 2019,Carlo A,4.0,positive
691,Io e la mia amica(disabile) abbiamo visitato il duomo e tutti i suoi musei. Tutti moto belli e il personale è molto gentile e affabile. Non posso però dare una valutazione alta in quanto è una vergogna che non ci sia una rampa che consenta l'accesso alla biglietteria impedendo quindi alle persone disabili autonome di poter fare il biglietto. UNA ASSOLUTA VERGOGNA PER UNA CITTà CHE VIENE CONSIDERATA LA PIù ACCESSIBILE D'ITALIA. Quanto vi costa mettere a disposizione una rampa?!?!?! Perché volete far sentire ancora più a disagio e impedire l'accesso alle persone disabili? Non ho parole per questa totale mancanza di civiltà.,Tutto molto bello ma una vergogna per l'accessibilità, 20 luglio 2021,Laura A,2.0,negative
1937,"Davvero piacevole la passeggiata sui navigli e la darsena di porta Ticinese..Localini, tanta bella gioventu'. Ideale per fare amicizie nuove, se non si e' di Milano. Il Naviglio e' pulito e non manda odori strani...annzi, e' ricco di pesci! ",Posto da chiacchere e passeggiata..sorseggiando un aperitivo o una buona birra.., 9 gennaio 2017,Gabriele C,4.0,positive
19856,"E' stata la più grande delusione di Berlino...per chi non conosca il tedesco o voglia leggere tutto in inglese, non c'è possibilità di nessun altro tipo di materiale a supporto della visita. Il breve filmato introduttivo di 6 minuti (in molte lingue, italiano incluso) merita di essere visto, ma è un vero peccato che tutto il resto risulti così poco fruibile per gran parte dei turisti non anglofoni. Suggestivo il muro adiacente alla struttura, la visita è gratuita quindi data la vicinanza al Check Point Charlie consiglio comunque una breve visita.","Solo per anglofoni, peccato!", 10 gennaio 2017,coleus,2.0,negative
18425,"Vicino alla Porta di Brandeburgo, questo memoriale rende appieno l'idea di smarrimento che si prova camminando all'interno di questi corridoi, con questi blocchi di varie altezze. Peccato per tutto il cemento impiegato! Purtroppo non ho potuto visitare il museo sottostante perchè la vigilia di Natale era chiuso.",Da vedere, 12 gennaio 2019,Elisa M,3.0,neutral
18890,"Una collezione ricca di capolavori dal rinascimento al tardo seicento, passando dalla pittura murale sacra dell'anno mille alle sculture romane e greche. 4 ore é la durata giusta per una visita fatta a regola d'arte. Audioguida d'obbligo. É un pó un labirinto, quindi sempre cartina alla mano. Prendetevi i vostri tempi. É veramente grande e vario. Per un pubblico veramente interessato.",Arte arte e arte, 20 luglio 2019,Pasquale F,4.0,positive
16342,"Sono un cattolico praticante. È davvero un peccato che si debba pagare per entrare in un luogo sacro come Il Duomo di Milano. I credenti sono costretti a stare in disparte. Decisi quindi di farlo notare ma mi fu detto che la navata al centro e quella di destra erano adibite ai turisti, mentre quella di sinistra era per i fedeli e la ragione che mi è stata data è la seguente: ""Solo la navata di sinistra è un luogo di culto"". Io credo sia giusto che i musei e la terrazza siano a pagamento. Ma sarebbe meglio permettere a tutti di visitare il Duomo di Milano gratuitamente e di fornire delle audio-guide acquistabili facoltativamente. Inoltre si potrebbe affiggere un cartello all'esterno che sensibilizzi i turisti sui costi di gestione di un'opera monumentale come il Duomo di Milano e permettere alle persone di effettuare donazioni spontanee per la tutela e la manutenzione dell'edificio.Tentare di convertire le genti non è forse uno dei principali compiti della chiesa? Come possiamo riuscirci se diamo questo esempio? Il nostro credo può essere comprato e venduto al solo costo di 3€?La struttura ovviamente è di una bellezza più unica che rara, insieme al patrimonio artistico celato al suo interno.",La fede ora ha un costo. Vergogna, 15 dicembre 2019,Vincenzo F,1.0,negative
19887,"Una tappa dovuta durnate un tour a Madrid, tuttavia non posso non commentare quanto l'organizzazione debba essere rivisitata. La mappa fornita non è di alcun aiuto durante la visita, pare non via sia una logica nella disposizione dei dipinti che vengono riportati sulla mappa (se c'è chiedo a qualcuno di spiegarmela). Pertanto, oltre a dover continuamente rigirare la cartina per vedere quale quadro si trova dove, bisogna segnarsi quali quadri siano vicini per non girare su e giù per il museo come trottole. Oltretutto trovo molto costoso dover pagare 6 euro per una audioguida vecchia in cui non puoi nè vedere su un display il numero digitato nè mandare avanti o indietro la traccia , pertanto se vuoi riascoltare e mandare avanti devi riavviare tutto il brano. Per il resto vi sono capolavori inestimabili, veramente ben commentati e spiegati dall'audioguida e lo staff del museo è molto gentile e disponibile. ",200 anni di museo che li dimostra tutti coi suoi quadri inestimabili (e non solo), 30 aprile 2018,Massimiliano S,3.0,neutral
7936,"L'installazione andrebbe spiegata meglio. Al momento della mia visita, una classe di studenti medi aveva preso il labirinto dei  parallelepipedi grigi come un occasione di allegri schiamazzi. Ricorda il Cretto di Gibellina",Enorme installazione, 26 gennaio 2019,senzaester,3.0,neutral
14790,"Se visitate Milano, una delle località da non mancare é la zona dei Navigli che venivano utilizzati per il trasporto delle pietre per la costruzione del simbolo della città, il Duomo.Il problema dela zona é sicuramente il grande numero di locali che a prezzi elevati, occupano l'isola pedonale e che sono per lo piú frequentati da chi non vive inn zona ma da turisti.Da segnalare che l'ultima domenica del meses, si svolge una mostramercato di brocantage veramente tipica.",Il cuore di Milano invaso dai locali, 4 febbraio 2012,dpam64,5.0,positive
9997,"Bella la passeggiata ma si sconsiglia vivamente di mangiare presso il ristorante Nobis Alzaia Naviglio grande  per la scarsa igiene,  il cibo e servizio scadenti e  prezzi elevati.",Una cena disastrosa , 8 luglio 2015,Nicoletta U,2.0,negative
16135,"Abbiamo visito il sito nel ple prime ore del pomeriggio,  non tantissima gente, ma fra quella che c'era bisognava stare attenti a vari soggetti  che si aggiravano  tra i turisti,zingarelle che ti sgusciavano accanto, e incredibile in ben due punti uomini che adescavano poveri sprovveduti facendo il gioco delle tre carte sul marciapiede.  Per fortuna ad un certo punto è  arrivata la polizia  e li ha portati via. Incredibile! I murales poi ...una mezza delusione, molti imbrattati da scritte e spruzzi di bombolette ,altri un po'  scrostati, in generale sembravano in abbandono. Ad ogni modo non si è  conservato praticamente nulla di ciò  che questo muro ha rapprentato per Berlino e per il mondo. Per noi  è  stato una mezza delusione ma si sa de gustibus...",Tappa obbligata si...però , 26 maggio 2019,adelaide s,2.0,negative
16853,"Il posto non è bello e non ha prego artistici, ma è una accozzaglia di locali che attirano un sacco di giovani che si vogliono divertire e che non si preoccupano di sporcare. D’estate è pieno di zanzare che ti mangiano vivo tanto che sono in funzione distributori automatici di prodotti contro le zanzare. A Milano c’è di meglio e di più bello.",Una delusione, 12 febbraio 2018,Francesco Paolo F,2.0,negative
15879,"Premetto che ho portato la mia mamma di 86 anni, ma la cosa scandalosa è che per entrare a vedere la cattedrale devi pagare biglietto e fare fila... inoltre quando entri la chiesa è quasi invisitabile... troppi blocchi,,, troppa strada , una immensa delusione!!! ",Visita alla cattedrale, 23 luglio 2019,Geppy 55,2.0,negative
13955,"La topografia del terrore è uno tra i tanti siti dedicati alla memoria a Berlino.È un luogo nel quale si possono gratuitamente ripercorrere le tappe della storia dell'occupazione nazista attraverso foto e materiali multimediali. Si può, altresí, osservare una parte dei resti del Muro di Berlino.Si tratta di un luogo fortemente turistico in cui la confusione vince sugli spazi di riflessione che il monumento vorrebbe creare.",A Berlino c'è di più, 22 agosto 2017,paspas84,2.0,negative
16711,"Bella e caratteristica zona di Milano, ottima per fare due passi. Fate attenzione però a non finire in qualche via non proprio raccomandabile presente ai lati dei navigli.","Bello per una passeggiata, ma attenzione ai vicoli", 3 giugno 2019,Luigi,3.0,neutral
2443,"Museo molto dispersivo, non si capisce l’ordine delle stanze da visitare. Restrizioni eccessive, non permettono foto in nessuna delle stanze. Inoltre trovo non vengano valorizzate correttamente le opere più importante e soprattutto RAFFAELLO non si chiama “Rafael” !!!!!!! ",Mmmmmmm, 30 agosto 2019,Anastasia C,2.0,negative
15062,"un vero e proprio polmone in una city dinamica. Spicca proprio un contrasto tra la tranquillità del parco, dove corrono tutti, di tutte le età, e l'esterno...in particolare l'ingresso sud, dove si trovano subito centro commerciale, Apple store, Cipriani...e si arriva sulla 5th ",full immersion nella natura, 9 marzo 2017,luisacrochet,5.0,positive
12841,"Purtroppo ci sono andato di mattina. Indubbiamente molto più interessante la sera, momento in cui si svolge la movida milanese",Da vivere la sera, 23 aprile 2016,realcastagna,3.0,neutral
19994,"Data la grandezza dell'edificio e le numerose opere presenti, consiglio di prenotare una visita guidata a tema per non ""perdersi"" .Merita !",Immenso Prado, 20 marzo 2019,Barbara L,3.0,neutral
12500,"il Polmone di NY, vi consiglio di affittare le biciclette per girarla in modo ottimale!! Gita stupenda tra scoiattoli e tanti altri animaletti!...",MERAVIGLIA!!!, 4 ottobre 2017,Maggy1972,5.0,positive
9439,"Luogo molto particolare,  l'ambiente e' gradevole e sempre vivace senza essere troppo affollato, si trova sempre un locale carino",caratteristico, 27 aprile 2017,Roberta Z,5.0,positive
6703,"La parte più grande di quanto rimane del Muro.. Tuttavia, i lavori in corso non permettono di godere la bellezza dei murales e la storia da loro raccontata per la loro interezza... Si potrebbero valorizzare meglio... Pieno di persone/truffatori che vi propongono di giocare al gioco delle tre campanelle",Storia ma non valorizzata al 100%, 21 agosto 2019,Alessandro,3.0,neutral
6116,"Museo da vedere, descrivere è riduttivo.peccato che non sono riuscita a vedere tutto..,,,buona occasione per tornare",Stupendo, 9 dicembre 2019,Federica-P,5.0,positive
9979,Parco stupendo e rilassante.Un  oasi in mezzo al deserto..giusta contrapposizione tra i grattacieli e il verde del parco,Bellissima, 26 settembre 2019,fabysmile,5.0,positive
14830,"Sono stata al museo domenica 30 settembre, ho acquistato i biglietti online, perciò abbiamo saltato la fila. All'ingresso, dopo aver depositato la borsa, ho chiesto il supporto dell'audioguida in italiano che mi è costato 6 €. La mappa con le indicazioni era poco chiara e tutte le didascalie dei quadri sono solo in spagnolo e in inglese. Per tanti di essi non esiste un audioguida esplicativa. Nel complesso sono rimasta molto delusa e l'ho trovato molto disordinato.",Visita domenicale al museo del Prado, 2 ottobre 2018,Maura M,2.0,negative
12913,"La chiesa sorge sull'area romana di Milano. Come tutti sanno, viene considerata ""la Cappella Sistina"" del capoluogo lombardo. Gli affreschi del Luini, del Peterzano e di tanti altri, sono un meraviglioso esempio della pittura del '500, periodo a cui risale la costruzione dell'edificio. Le decorazioni colpiscono gli occhi e il cuore e abbracciano il visitatore per tutta la sua permanenza. Occhi che non si staccano in particolare dai mille dettagli, anche fantastici, della scena del Diluvio Universale e dell'Arca di Noè. Bellissimo anche l'organo. La chiesa presenta due aule: una per il pubblico e una per le monache di clausura che un tempo vi abitavano. L'ingresso è gratuito.",Gioiello d'arte e meditazione, 30 dicembre 2016,lorellaberetta,5.0,positive
19695,"Una Nuova Darsena natalizia, piena di banchetti con prodotti tipici, una grossa pista di pattinaggio e la casa di Babbo Natale per i più piccini.Molto carino ma..mettete in lista una bella coda! ",Merry Darsena!, 7 dicembre 2015,Christian D,4.0,positive
3799,"Museo poco organizzato e dispersivo,sembra di stare in un labirinto!Pagato 15€,prezzo intero,ed ho subito continuamente il “NO FOTO” da parte degli stuart!Capire perché nel museo Reina Sofía potevo far foto a piacere ed invece qua no!!!!!Per di più la beffa che io foto non le potevo fare,ma mentre i cosiddetti “artisti” potevano copiare su tela in quadro e rivenderlo dentro al museo!Questa cosa è inaccettabile!Ma tutto sommato,i quadri meritano di essere visti!Dispiace mettere questo voto perché i quadri son veramente belli,ma una foto potevano lasciarmela fare",Male male, 11 ottobre 2018,Alessandro P,2.0,negative
370,"Vale la pena percorrere il km di muro che è  rimasto in piedi..sicuramente è  solo turistico..ma si avverte l evento storico ,il dolore dei tedeschi..io consiglio un giro da solo con calma ..i murales sono stupendi..direi un opera d arte..!complimenti berlino!",Emozionante, 14 marzo 2019,minu72,4.0,positive
20031,"Ho sentito che Quartiere Navigli è popolare tra gli studenti universitari. Ci sono alcuni bar e posti per mangiare vicino ai luoghi storici. Quindi, è bello da visitare vi se siete a Milano.",Posto Colorato, 16 aprile 2014,Ece K,5.0,positive
3365,Passeggio rilassante all'interno del parco scoprendo poco alla volta tutti i monumenti custoditi al suo interno in compagnia di centinaia di scoiattoli adorabili,Passeggiata rilassante, 28 gennaio 2020,ANDREA_b_r_a_o,5.0,positive
6869,Frequentando Milano per lavoro da anni si danno per scontate molte cose.Il Duomo mantiene il suo imponente fascino.Consigliata la visita a turisti che visitano Milano per la prima volta,Sempre bello, 16 febbraio 2020,Gilberto O,4.0,positive
17954,"Uno scrigno del rinascimento milanese! Assolutamente da non perdere, magari abbinando una visita al vicino museo archeologico.",Magnifica sorpresa, 24 luglio 2016,Sergio C,5.0,positive
10357,"Bellissimo sia fuori che dentro, ultra consigliata la visita alla favolosa cupola di vetro superiore (prenotazione obbligatoria, seppur la visita sia gratuita) da cui si può ammirare tutta Berlino. Consigliata audioguida.",Da vedere!, 11 dicembre 2022,ColombusDC,5.0,positive
4736,Tanta pubblicità per sti navigli poi alla fine è meglio Comacchio. Tanti tacchini e l'inter perde sempre.,Pieno di tacchini, 18 febbraio 2018,Alex L,3.0,neutral
8686,"Incantevole e immenso parco, nel cure della città, pieno di gente atta in varie attività, la fauna è meravigliosa, e abituata alle persone, per questo si possono ammirare anche da vicino i famosi scoiattoli del parco. Direttamente sul parco si affacciano due dei più importanti musei: l'American Museum of Natural History e il Metropolitan Museum of Art.",Central Park pieno di vita, 9 gennaio 2016,Boselli,5.0,positive
5320,"Bellissimo,imponente,maestoso. Perché allora dopo ore di coda per la acquisto del biglietto devo vedere dei poster appesi che ne nascondono la maestosità? Perché delle barriere che impediscono di vedere la profondità la possenza di questa meraviglia? Per Fortuna l avevo già visitato in passato senza tutti questi impedimenti e l' avevo paragonata al Notre Dame... ora no... è nascosta ed è un peccato. Mia figlia è rimasta molto delusa",Nascosto, 15 dicembre 2019,ZappaMonica,2.0,negative
16947,"Luogo simbolo della movida milanese in tutte le stagioni, ricco di locali e ristoranti è tra le mete preferite dai giovani e non. I locali sono piuttosto turistici, non si mangia sempre bene. La nuova Darsena poi, seppur riqualificata da qualche anno, è un luogo off limits in certe stagioni x via della confusione e per la grande presenza di zanzare d’estate. Peccato per la presenza di artisti di strada e venditori abusivi qua e lá.Per una passeggiata o una serata a milano ci sono posti nettamente migliori. Parcheggi in zona un po difficoltosi da trovare, con costi da 3€/h. Andate in metro.",A me non piacciono, 16 febbraio 2019,Toretto70,2.0,negative
7781,"Pessima esperienza. La prenotazione on line, non risparmi la lunga fila in piedi per entrare. Un gregge di persone stipate sia durante la salita, sia arrivati in alto, sia per scendere, sia dentro il duomo. Bisogna studiarsi la storia prima di andare perchè all'interno non si trova alcuna informazione, nè pannelli esplicativi. Uno dei classici esempi di come fare bancomat con i turisti, senza riservare loro alcuna esperienza conoscitiva, se non la vista dall'alto.",Pessima esperienza, 8 novembre 2021,Michela,1.0,negative
15991,"Bel posto, ma nulla di eccezionale.Un mega parco e basta.Molto carini gli scoiattolini che vi scorazzank dentro.",Bel posto, 29 gennaio 2016,agguerrito,3.0,neutral
8250,Piccola chiesa in corso Magenta riscoperta grazie al Touring Club Italiano. Impatto visivo decisamente sorprendente.Molto utile anche il supporto dei volontari TCI che raccontano la storia del monastero. Assolutamente da vedere.,Tesoro nascosto a Milano, 27 ottobre 2018,RB1897,3.0,neutral
5531,"Interessante esperienza anche per chi come me nn è amante di arte specialmente di pittura. Ne vale comunque la pena, e stranamente i dipinti più interessanti sono di artisti italiani, Tiziano, Caravaggio, tintoretto, da vinci...",Bello, 16 marzo 2018,Roberta G,3.0,neutral
6809,Interno cupo e spoglio.fanno pagare per entrare . Bella solo la facciata. In altre città ci sono cattedrali molto più belle,Niente di che, 15 aprile 2019,Cristina G,2.0,negative
19861,"Visti di giorno nell'atmosfera tranquilla della tarda mattina non suscitano particolari emozioni. Sporcizia qua e là pochi bar aperti (ma è fine agosto), gli immancabili segni della presenza degli imbrattamuri locali (poca fantasia, segni insulsi, il graffite è altra cosa). Forse la sera l'animazione notturna rende l'ambiente un po' più interessante per il resto nulla di speciale. La visita se non altro, è servita a stimolare la ricerca sui sistemi di irrigazione lombardi dell'800...",Mah...., 8 settembre 2012,fosforo6,2.0,negative
17199,"Il punto interrogativo è perché nel mio immaginario mi aspettavo qualcosa di diverso , invece (come sempre) una marea di gente , in ogni dove ,in ogni prato , in ogni panchina . Probabilmente la concentrazione di gente era dovuto al fatto che fosse domenica ma anche nei laghetti le barche rischiavano di urtarsi . Artisti di strada e banchetti per bibite e hot dog dappertutto, ""relaxnewyorkese""  ",?, 14 agosto 2017,Mapissim,3.0,neutral
7281,Non sono un amante dei musei d'arte ma questo mi ha molto deluso..... le pareti interne sono dipinte con colori scuri rendendo l'ambiente tetro..... anche le opere esposte non sono eccezionali.,Pessimo, 18 aprile 2018,Simo L,1.0,negative
16459,"la visita costa 15€ e comprende oltre alla mostra permanente anche quella temporanea, dove l'orario di ingresso è scritto sul biglietto peccato che nessuno ti da informazioni.preciso che non mi intendo di arte e non la capisco, la maggior parte sono quadri di artisti italiani che ovviamente vale la pena vedere, ma il resto a me non è piaciuto, troppo dispersivo non c'è un filo logico per come sono disposte le opere.",disorganizzato, 22 dicembre 2018,lattuga89,1.0,negative
15280,"Durante la nostra permanenza a Berlino, tra le altre cose, abbiamo fatto visita a questo imponente e bel monumento, ma sono rimasto un po’ deluso perché non mi aspettavo che, proprio attaccati allo stesso, ci fossero altri uffici/abitazioni che, per quanto mi riguarda, nulla hanno a che vedere con la storia. Sarebbe stato giusto valorizzarlo di più e lasciarlo come si vede nelle foto dell’epoca.😪😪😪",...un po’ deluso!!!, 8 gennaio 2020,Salvatore R,3.0,neutral
13393,"Premetto che non sono una gran appassionata di pittura, ci sono stata perché è uno dei musei più importanti al mondo. Le  sale all'interno sono belle e anche l'edificio, ma rispetto all'importanza del luogo ho trovato poche informazioni chiare nel muoversi all'interno, mappe non date ma da chiedere, audioguida che funziona solo su alcuni dei dipinti esposti... Insomma se amate la pittura classica andateci altrimenti spendente soldi x niente",Poca organizzazione e chiarezza, 11 dicembre 2017,Antonio T,2.0,negative
15544,Che dire... un monumento mondiale visto in tutto il mondo più volte. Gigantesco e bellissimo. Un punto fondamentale nella visita a Berlino,Bellissima, 22 giugno 2019,Mirko M,5.0,positive
17598,"Tengo a precisare che non sto pubblicizzando ne denigrando attività commerciali,esprimo un giudizio e fornisco informazioni da turista come meglio visitare il Prado. 1. Chi ha acquistato il biglietto online deve entrare dalla porta jerominos e li lascerà zaino e borsa in modo da essere più comodi nel girare.2 ci sono molte opere, per non perdere le più importanti vi lascio un link da seguire3 consiglio nel caso non volesse perdervi di affidarvi alla guida di un ora o prendere l'audio guida da 6 euro .3 non è possibile fare foto ,anche se non hanno saputo spiegarvi il perché.4 per la libertà di pensiero esprimo il mio parare... Un enorme museo pieno d'arte con quadri famosi come Davide e golia e Saturno che mangia i suoi figli ...nota negativa l'organizzazione del museo in quanto il percorso non è ben definito in modo cronologico portandoti pertanto ad una visita confusionale qualora fosse senza guida.",Deludente, 17 gennaio 2020,enzapappagallo,1.0,negative
10373,Visitare questo stupendo monumento è sempre emozionante e suggestivo. Il contrasto dei colori degli alabastri con il buio rendono il tutto molto misterioso. ,Sempre monumentale , 11 dicembre 2018,Antonio B,5.0,positive
8140,Più bello fuori che dentro ho visto cattedrali che mi sono piaciute di più comunque il parere è esclusivamente personale poi come storia città eccezionale e pulita,Visita a Milano, 3 luglio 2019,ricky m,3.0,neutral
934,"Sarà che li ho visti di giorno ma cosa ci sia di bello non l'ho proprio capito. Fiume maleodoranti e sporchissimi, bar e ritrovi tutt'altro che eleganti. Mah!",Ma che ci vedono di bello?, 28 giugno 2015,Rosario S,2.0,negative
15086,"Grandioso monumento ottimamente conservato, che riesce perfettamente a portare il visitatore al fasto sensazionale che la porta doveva trasmettere a chi ne varcava l'entrata. Da non perdere",La stotia riecheggia il proprio fasto, 29 maggio 2019,LuigiMaMo,4.0,positive
8454,"East Side Gallery, è il museo a cielo aperto dove resta il maggior tracciato originale del muro di Berlino con la magnifica vista sul fiume Sprea. Graffiti e murales sono stati realizzati lungo il versante Est del muro, luogo su cui era assolutamente vietato scrivere e dipingere. Qui giunsero nel 1990 un susseguirsi di artisti da 21 paesi, famosi e non. Con quel muro, non divisero soltanto una città a metà, ma una popolazione intera di famiglie che fino al 1989, anno della caduta, hanno rischiato la loro vita nel tentativo di fuggire. Merita una visita. Purtroppo oltre che museo è anche un cantiere a cielo aperto, un tentativo, spero, di rendere più piacevole e organizzata la visita.",East Side Gallery, 2 settembre 2018,marina p,3.0,neutral
3965,"Facilmente raggiungibile,un posto molto vivo soprattutto la sera,pieno di locali e ristoranti e molto bello anche passeggiare dopo cena,in coppia o con la famiglia;",una passeggiata dopo cena......., 24 aprile 2017,ester782016,4.0,positive
10005,Indirizzo sbagliato !!! Molto male Trip Advisor !!! Ci avete portati dall’altro lato della città!! Togliete questo indirizzo e inserite quello giusto.,Indirizzo sbagliato. Vi porta dal lato opposto della città., 4 ottobre 2021,Aura L,1.0,negative
15560,"Abbiamo visitato questa mostra fotografica il giorno di Natale, molto grande, molto affollata. Ci hanno dato l'audioguida in italiano, ma non siamo riusciti a seguirla perchè non c'era un percorso ben preciso e per la troppa gente. Esperienza comunque toccante.",Esperienza toccante., 12 gennaio 2019,Elisa M,3.0,neutral
17925,"Abbiamo attraversato il central park per trasferimento da Times Square fino al Guggenheim Museum (quasi 4 km).Non ci ha affascinato tanto, così come ci aveva affascinato Hide Park di Londra.Tanta gente, molte carrozze, biciclette e poche attrazioni o luoghi di ristoro.Comunque per chi ama la natura, passare dai grattacieli ai prati verdi è una buona sensazione.",Una passeggiata nel parco, 13 settembre 2019,MaxBiax,3.0,neutral
3442,"Non esiste un percorso guidato, perciò può risultare dispersivo. Documentazioni fotografiche e testimonianze",Dispersivo, 6 gennaio 2019,Tiziana D,3.0,neutral
3224,"Si possono fare on line, oppure al lato opposto sulla via dove si trova il controllod. per l'ingresso al Parlamento , dal mattino e' possibile prenotare la visita alla cupola.",Prenotazioni, 6 gennaio 2019,Tiziana D,3.0,neutral
15746,Non capisco l entusiasmo per un canale secco e poco romantico. Vabbene non aver altro ma nn per questo bisogna inventarsi x forza un lungomare,Poca cosa, 18 gennaio 2017,annaSG25,2.0,negative
10116,14 euro per gli adulti e 10 euro per i bambini sopra i 4 anni per un giro che dal sito dovrebbe durare 50 minuti e invece ne dura scarsi 35.  Costoso e deludente,Giro battello naviglio grande, 2 giugno 2018,Rossella V,2.0,negative
15718,"Non capisco cosa ci sia di tanto bello in questo posto.. si, ci sono locali per l'happy hour, ristoranti ma il corso d'acqua centrale alle vie fa veramente schifo..potrebbero sicuramente pulire meglio la zona ed abbellire la passeggiata con balconi fioriti o inserti artistici.",Non capisco..., 8 marzo 2016,Andrewholy,2.0,negative
9057,"Premesso che le poche volte che ci sono stata era sabato o domenica mattina/pomeriggio e che quindi non c'era in giro nessuno, la sera pare debba essere un luogo stupendo. Per quanto mi riguarda non ho interesse a tornarci visto che questa zona così ""chic"" a detta dei milanesi (io sono monzese e prediligo il lago di Como piuttosto che il cemento di Milano) di giorno è triste, trascurata e squallida. L'unica cosa piacevole è fare un giro sul Naviglio. L'imbarco è vicino a Porta Genova e occorre verificare gli orari in quanto, se non ricordo male, i giri iniziano nel pomeriggio. Costo: 14 euro. Zona consigliata a chi ama la vita mondana e sconsigliata a chi, come me, ama la natura. ",Quartiere trascurato come una periferia , 29 gennaio 2016,wienerwalzer80,1.0,negative
19479,"il museo  contiene capolavori indiscutibili, niente da dire... tuttavia all'entrata pare un check point di Bagdad ai tempi della guerra del golfo... passati i controlli poco gentili ai incontrano poi le varie guardiette che se ti si scosta al bambino un poco la mascherina iniziano a strillare ""mascarilla mascarilla""...... maleducati",Personale maleducato, 1 dicembre 2021,Bruno G,1.0,negative
11600,"Una rilassante passeggiata nel cuore verde di New York, bello e romantico con molti punti di osservazione",Romantico e affascinante, 22 maggio 2017,Stefania D,5.0,positive
10576,"Questa chiesa è unica in quanto le suore che vivevano in questo convento erano racchiusi dal mondo che non ci ha permesso di avere un contatto. Ciò significava che la chiesa è divisa con le suore che partecipano alla messa (cantare) da dietro un muro parziale. A piedi intorno alla chiesa ad ammirare l'affresco, ma la differenza di stile fra il lato pubblico e l'area per le suore.",Bellissima e incredibilmente interessante, 21 ottobre 2012,Caitlin,5.0,positive
6909,Purtroppo non vi è un bel percorso preciso da dove entri e poi esci quindi potrebbe capitare che molte sale non le vedi per il resto i quadri sono bellissimi senza commenti ,Museo bellissimo ma male organizzato, 23 aprile 2019,Dylaila,3.0,neutral
726,Non male come posto per passare un po' di tempo. Molto affollata e allegra. Ma potrebbe essere ancora più bella se ci fossero qualche panchina per potersi riposare un po' e dei locali un po' meno cari.,"Non male, ma...", 27 aprile 2019,Bruno B,3.0,neutral
11823,"Il memoriale non è altro che la visione diretta di una parte del famigerato muro, ancora messo più in contrasto dall'ambientazione verdeggiante ed apparentemente , ora , idilliaca. La presenza del centro documentazione con le testimonianze e della Cappella della Riconciliazione ci riportano alla realtà",Il muro nudo e crudo, 28 gennaio 2020,Donato s,3.0,neutral
12587,Per un ragazza di Milano il duomo è come un grande papà che ti protegge tutte le volte che ci passi vicino. Unico e maestose. Bellissimo,Che Eomozione, 26 gennaio 2014,ludobri81,5.0,positive
14564,"Il 15 agosto abbiamo atteso invano l'apertura. Quelli del museo accanto ci hanno detto che non sarebbe venuto nessuno ad aprire.D'accordo, è ferragosto...Torneremo domani.Più tardi è comparso un foglietto con su scritto che sarebbe rimasta chiusa anche il 16 agosto.Pessima figura con i tanti turisti a Milano.Tutto questo perché l'ingresso è gratuito?Il museo accanto regolarmente aperto.Rimasti delusi.",Chiusa, 30 agosto 2019,francesco_m_t_1979,1.0,negative
929,"Di certo uni dei più famosi posti di Milano, proprio per questo sono rimasto un po' deluso, per niente curato, per niente tutelato e poco valorizzato.Questi luoghi generano turismo e soldi, diamoci da fare.",Carino, 22 maggio 2017,frankbuongusto89,3.0,neutral
11977,"Siamo andati a fare una passeggiata ai Navigli. Posto carino da vedere, mooolti locali di diverso genere e tanta gente. Niente di più.",Passeggiata e locali!, 15 dicembre 2016,FeliAngel,2.0,negative
8605,"Bello da visitare rigorosamente di sera, ma fare attenzione ai pericoli dietro l'angolo. Meglio se tra amici o comunque più di una coppia",bello ma fate attenzione, 14 agosto 2012,coppiaMI,2.0,negative
19210,"Abbandono è dire poco. Non esprime tutta la desolazione che questo luogo, una volta incatevole ed incatato, ricorda. Poca acqua e pochi i giorni in cui l'acqua scorre nei navigli. Non parliamo della desolazione che si percepisce nella darsena. Discarica a cielo aperto. Eppure i navigli possono essere una risorsa ed un grande attrattore per l'ecoturismo. A quando la zona UNESCO?",Abbandono, 12 marzo 2012,cuscus50,2.0,negative
8539,Central Park è un parco molto grande nel cuore di Manhattan. E' incredibile che sia sopravvissuto alla speculazione edilizia dei decenni passati. Rilassatevi dalla vita frenetica di Manhattan facendo una bella passeggiata.,Fantastico!!!, 21 settembre 2016,girovago2008,5.0,positive
8910,"Memoriale molto scenografico, ma privo di ogni emozione! Blocchi di cemento uno di fianco all altro! Potevano impegnarsi di più per ricordare un momento così delicato della storia! Mah.",Da migliorare!, 16 dicembre 2018,Simona l,2.0,negative
8825,"Una meraviglia, restituita a tutti noi dopo lungo tempo. Andateci, senza se e senza ma. E sperate di avere anche voi la fortuna di trovare un clavicembalo, un violoncello e due flauti. O qualunque altra cosa che vi somigli.",Andateteci!!!, 14 marzo 2017,Marco S,5.0,positive
13497,"I Navigli sono una zona di Milano con tantissimi ristoranti,  bar, pub e la sera è super affollata di gente.",Da visitare, 18 luglio 2019,Giannifer,3.0,neutral
11965,"il museo del Prado è un museo molto grande ed offre l'opportunità di vedere da vicino opere di grandi maestri dell'arte come Goya,Velasquez,Rubens,Tiepolo,Caravaggio,Tiziano e molti altri.Consiglio la prenotazione on line, non è necessario esibire il biglietto cartaceo, noi abbiamo fatto la prenotazione da cellulare dopo aver visto la coda in ingresso e in meno di 10 minuti siamo riusciti ad entrare.Consigliatissimo!",Un'opportunità imperdibile che offre Madrid, 16 maggio 2018,pisella,5.0,positive
3753,"Consapevole del notevole afflusso di turisti, ho comprato il biglietto completo in anticipo e, ALLA BIGLIETTERIA, mi hanno consigliato di entrare in cattedrale tra le 8 e le 9.30 per trovare meno coda. Bene, seguo il consiglio, ma scopro che la cripta di San Carlo apre solo alle 11. Essendo assurdo restare in duomo 3 ore ad aspettare, chiedo consigli al personale. Mi dicono di andare intanto alle terrazze, il cui accesso è esterno alla cattedrale. Poi mi avrebbero fatto rientrare dopo le 11 senza fare la coda e nonostante il biglietto valga per un solo accesso. Ovviamente tutto questo non è vero.. al mio ritorno ci sono persone diverse che mi dicono che bisogna necessariamente fare la coda e che difficilmente mi faranno entrare una seconda volta. Non solo ho pagato per qualcosa che non ho visto, ma è successo tutto seguendo i consigli del venerando personale della veneranda fabbrica. Congratulazioni!",Organizzazione da cani, 2 marzo 2019,Marco A,1.0,negative
804,"All’imbrunire per un buon apericena che da dai 7€ ai 10€ e invece la sera il fascino delle luci. Le viuzze sono incantevoli è lungo l’alzata grande puoi trovare la gondola veneziana, i canottieri che si allenano ma anche un battello per le gite lungo il naviglio.",Di giorno e di notte, 13 settembre 2018,Giuseppe T,5.0,positive
6836,"naviglio grande. febbraio primo pomeriggio, un po' vuoto il percorso, neanche una fioriera almeno  di sempreverdi, un po' squallido. Eppure la giornata era soleggiata ma sembravo molto poco curato. Non parliamo del naviglio pavese con quelle chiatte in abbandono...... Non dovevamo mangiare per cui abbiamo cercato un bar ma niente di speciale",di pomeriggio piuttosto deludenti, 8 febbraio 2017,NovaraMaria,2.0,negative
10969,Bellissima visita alla Cupola al momento del tramonto!!!!!! Perfetta occasione per avere uno sguardo su Berlino dall'alto.. ma anche per capire come funziona il Parlamento tedesco!!!!,Bellissima la cupola!!!!, 27 luglio 2022,IlariaMenis,2.0,negative
9411,"Premetto che io sono di Milano  perciò la cosa mi sta molto ha cuore.Volevo far vedere il Duomo alla mia compagna.Iniziamo bene 3€ a testa .ok, facciamo la fila ,  una volta entrati visitiamo la navata di destra, che arriva fino alla statua dello squartato, non si puo accedere dietro l'altare!!!! allora ci rechiamo nella navata  centrale accessibile fino a metà come la navata di sinistra tutta transennata. Mi fate pagare 3€ per vedere quello che volete voi, allora mi dovete dire che cosa ce da vedere .Vergogna",Pagare 3€ per niente, 27 giugno 2019,Marco B,2.0,negative
3294,Ho detto tutto nel titolo della recensione. Unica pecca: in qualsiasi momento del giorno c'è sempre molta coda. ,SEMPLICEMENTE STUPENDO, 13 giugno 2019,Matteo,5.0,positive
15814,"Per la prima volta sono andato con famiglia e amici negli Usa e oltre ad aver girato un pò, siamo stati qualche giorno a New York. Un pomeriggio, abbiamo fatto una capatina al Central Park, e ci siamo addentrati per qualche stradina. Devo dire che abbiamo visto veramente poco, all'interno e più dall'esterno. Ma quel poco che ho notato è che l'immondizia abbandonata o la poca pulizia regnano da sovrana. Di gente ne abbiamo vista tantissima, di ogni età , nazione e gusti. Detto ciò, non siamo riusciti ad esplorarlo meglio e mi sono promesso di farlo alla prossima occasione.",Ho visto poco ma mi è sembrato molto sporco, 8 agosto 2017,AulettaCSVitalia,3.0,neutral
10530,"Visitare NYC e non recarsi al Central Park è impossibile. Il parco è pieno di turisti, atleti e gente con bambini. Abbiamo trascorso delle bellissime giornate.","Bellissimo, spazi enormi!", 19 aprile 2016,Enrico_Perillo,5.0,positive
16489,Le opere sono organizzate male e pubblicizzano nomi di grandi artisti di cui magari hanno solo un quadro! In più il tutto non è compensato da un’auDioguida esauriente! È tutto troppo approssimativo.,Museo sopravvalutato!, 1 maggio 2018,vanni66,2.0,negative
17188,Ritengo che il museo sia simbolico per una popolazione che voleva distruggerne in altraBen tenuto è gratuito Farei solo attenzione a eventuali danneggiamenti Un colpo al cuore,Un colpo al cuore, 14 ottobre 2019,Cesare the big,1.0,negative
13565,"E' la zona di MIlano che, da autentica zona popolare che conservava ancora le vecchie case di ringhiera, è stata abbandonata dall'Amministrazione comunale all'assalto dei locali pubblici (pub, bar e ristoranti) in mano a commercianti senza scrupoli che l'hanno trasformata in un casino notturno, alla faccia delle leggi e dei regolamenti, con buona pace degli autentici residenti (quei pochi che hanno resistito o non hanno potuto andarsene). Il Naviglio e le sue case meritavano un'attenzione particolare da parte degli amministratori, affinché fosse conservato nella sua caratteristica originale di quartiere popolare ma residenziale. E poi: cosa c'entrano quei finti ""barconi"" galleggianti, enormi piattaforme, alcune additrittura a due piani, ormaggiate nel canale solo per aumentare il numero dei tavoli di certi ristoranti? Perché non si è limitato l'ormeggio ai soli autentici barconi del trasporto sabbia, che avevano dimensioni e forma ben diverse? Altro che movida, è uno scempio!",La Milano scippata della sua autenticità, 13 novembre 2012,Renato,2.0,negative
7734,"Normale parco pieno di gente che corre, prende il sole, gioca... come se ne trovano in molte metropoli. Niente di che, forse perché a fine luglio è piuttosto secco e non rende al massimo!",Normale , 7 ottobre 2019,amuela,3.0,neutral
13978,Una delle chiese più belle in città. entrando si viene subito compiti dai dettagli e poi il passaggio per accedere al retro è veramente unico. Consigliatissimo,Uno Slendore, 2 agosto 2018,Marco B,5.0,positive
12688,"Abbiamo visitato un sacco di musei, ma una disornigazione come qui non l' abbiamo mai vista. Dopo ben 3 ore di coda abbiamo rischiato di non entrare perché il museo era troppo pieno...e la coda che doveva acquistre il biglietto era bloccata per dare la precedenza a chi aveva acquistato il biglietto sul web , o sul pulman, Nessuna informazione in 3 ore di coda ci è stata data.",La peggior esperienza, 31 dicembre 2018,vagabonda57,1.0,negative
2205,"Avevamo noleggiato una bicicletta con l'intento di percorrere la zona, ma si è rivelata un'impresa scomoda: sulla ciclabile in certe ore possono circolare anche le auto, lavori in corso restringono la carreggiata, il paesaggio non è granché.",Piuttosto deludente, 1 settembre 2017,viandant,2.0,negative
8551,"da non perdere ,chiaramente prenotando prima e con audioguida (è compresa nel prezzo del biglietto)Si puo' godere di una vista bellissima su Berlino ,",interessante da vedere, 5 gennaio 2020,ALEX1988,5.0,positive
13624,"Il Duomo è il centro della città, da sempre il simbolo di Milano. La facciata stupisce per i suoi innumerevoli dettagli, l’interno è maestoso e colpisce per la sua spinta verso l’alto ed il grande silenzio. Non dimenticate un giro sul tetto (ci sono ascensori sul lato sinistro della parte esterna dell’abside): uno spettacolo indimenticabile",Simbolo di Milano, 4 settembre 2019,Domenico1949,5.0,positive
19275,"Luogo che ispira il silenzio. Memoriale dedicato allo sterminio degli ebrei in Europa, l’accesso è gratuito e si può camminare liberamente all’interno. ",Testimonianza , 1 gennaio 2019,Simy,5.0,positive
18040,"bella da vedere sia di giorno che di notte, la consiglio vivamente.. qua c'è storia!! posto spesso di manifestazioni varie",tappa obbligatoria, 5 marzo 2020,mattiabE8936SR,5.0,positive
14932,"Um museo cosi' , a Berlino, dovrebbe essere tradotto in tutte le lingue del mondo. C' e' un video iniziale, interessante. Poi sono solo foto con spiegazioni in tedesco e inglese. Non erano disponibili audioguide. .. non so se esaurite o proprio non previste. Un museo che fa "" terrore"" davvero. Per altri motivi, pero'. Mette in prima fila i volti dei colpevoli, ma delle colpe , del genocidio, delle conseguenze... racconta pochissimo.  E' piu' un mausoleo che un luogo di spiegazione e informazione.",Peccato !, 16 febbraio 2018,Sara C,1.0,negative
15869,"Sono stato una fredda domenica sera di inizio Gennaio in zona Navigli a Milano con la mia metà. Non ruberò ai gentili lettori di Tripadvisor prezioso tempo per descrivere storia e aneddoti di queste lingue d'acqua artificiali che attraversano, allora più ora, la città di Milano. Mi limiterò a ricordare che furono ideate fin dall'epoca romana e poi perfezionate nel corso del medioevo e dell'evo moderno per scopi essenzialmente commerciali, ovverossia come vie di transito di merci e materiali nell'area padana, e che resero possibile, tra l'altro, il trasporto su chiatte dei possenti blocchi di marmo per la costruzione del magnifico Duomo. In parte tombati nel corso del Novecento, sono da diversi decenni al centro di un vivace dibattito politico su una loro possibile riqualificazione, con i pro e i contro dell'iniziativa, persino in termini di navigabilità dell'intero originario sistema di canali. Mi concentrerò invece su una breve considerazione sull'immagine dei Navigli nel XXI secolo, intendendo per essi non tanto l'ingegnoso sistema idraulico del passato, quanto soprattutto il quartiere urbano del presente, e forse di quello che sarà nel futuro. A me personalmente, al di là del fascino bohemien che ho potuto vagamente respirare, tra qualche ponte e qualche scorcio suggestivo, non mi hanno entusiasmato. Il motivo purtroppo è sempre lo stesso: eccesso di degrado. Che qui ho respirato più che in altri quartieri centrali di Milano. Passeggiando mano nella mano con la mia fidanzata, lungo il Naviglio Grande e soprattutto nelle zone adiacenti, provenendo da Porta Genova, ho costatato che anche a Milano, considerata non a torto l'unica città italiana di respiro europeo, occorre divincolarsi tra abusivi ed accattoni, e destreggiarsi tra piccoli cumuli di immondizia, nel contesto di generale degrado creato ad arte dalle immancabili scritte sui muri, onnipresenti ed onnipotenti, lasciate ad ogni angolo dai soliti infami, che cercano così di urlare al mondo la loro inutile e disperata esistenza. Ho peraltro letto da qualche parte che il fine settimana, tra alcool e musica, spesso da queste parti ci scappa la zuffa. Ma per fortuna non stasera. Prendo con la mia metà un frullato da Frankly e rifletto. Anche qui, come altrove in Italia, ho percepito una sostanziale assenza (o impotenza?) delle forze dell'ordine, ed in effetti non ricordo di aver incrociato, durante due ore di passeggio, vigili urbani intenti a presidiare il territorio. Insomma, più che parlare di faraonici progetti di riqualificazione dei CANALI dei Navigli, occorrerebbe parlare dei più modesti ma urgenti progetti di riqualificazione del QUARTIERE dei Navigli, affinché non diventino un'ennesima area-ghetto come ce ne sono fin troppe nelle grandi città italiane, e di cui non ne sentiamo davvero il bisogno. Occorre il pugno duro contro l'illegalità. Ma questa è essenzialmente una questione politica, come direbbe Venditti. E' ora di cena e devo decidere se fermarmi in uno dei tanti graziosi e gustosi locali del posto o preparare qualcosa al residence in cui soggiorno. Uno sguardo al degrado e via..riprendo la metro. Mi dispiace ma per adesso i Navigli non mi hanno convinto.",Navigli: io vado contro-corrente e vi spiego il perché, 24 gennaio 2020,Giuseppe il Critico,2.0,negative
12752,"un luogo dal forte significato, tuttavia strutturato in modo pessimo e fruito altrettanto male.tra i blocchi bambini che corrono, persone che si fanno i selfie ammiccanti o ridendo, gente con i piedi appoggiati ai blocchi, qualcuno seduto sopra...sarebbe forse il caso di recintare l'area e fare in modo che venga percepita come luogo di riflessione e rispetto, non un luogo in cui sedersi e scattarsi foto",luogo strutturato male, 2 settembre 2019,Dicembre,2.0,negative
9330,Posto molto carino ma sporco e troppe zanzare. Ratti in darsena. Da Milano mi aspettavo decisamente di più. Venditori abusivi disturbano il contesto . Con i prezzi che ci sono tutte zanzare ratti e venditori di colore ambulanti non dovrebbero esserci. Forse ho scelto il mese sbagliato o forse dobbiamo aspettare un’altro Expo’ x avere strade pulite in Italia. ,Molto bello ma d’estate le zanzare vi mangiano, 5 agosto 2018,Nataschapinky,3.0,neutral
14367,"Ho visto un viaggio d'affari a 2,5 mesi a Milano a pochi mesi fa, quando è la mia giornata, ho letto un sacco di recensioni positive su questo posto così ho deciso di dargli una visita.Purtroppo, sono rimasto profondamente deluso perché non c'è molto da vedere in questa zona. Solo un mucchio di ristoranti per appendere fuori lungo il fiume.Forse questo posto è semplicemente non di mio gusto, c'e il panorama è lontano da quelli mostrati in Google immagini, non è quel bellissimo",Deluso, 7 gennaio 2013,k4thy88,2.0,negative
13006,"Questa chiesa è giustamente considerata la Cappella Sistina milanese.Nel corso dei secoli ha subito diversi cambiamenti: alcune parti architettoniche sono state demolite ed opere pittoriche o affreschi sono stati aggiunti.E' meravigliosa, e lascia letteralmente senza fiato!Consiglio di visitarla con una guida preparata, per poter apprezzare al meglio la bellezza assoluta di questa chiesa.",Una vera meraviglia!, 18 marzo 2015,CHT570,5.0,positive
9566,"Per vedere due ferri che sbucano con mezza spiegazione anche no, meglio concentrarsi su altre cose decisamente più interessanti. Inoltre è davvero decentrato e lontano da tutto",Insignificante e lontano, 25 settembre 2018,Mdc._,1.0,negative
19641,La visita ai navigli mi ha molto delusouna pletora di locali senza stile una bolgia infernale caratterizzano il luogo che sicuramente non ha più il fascino che un tempo deve aver avutoNon ci ritornerò ,Niente di che, 28 giugno 2016,Manlio P,3.0,neutral
10770,È sempre un piacere visitare il duomo imponente emozionante e pieno di spirito religioso e se vai a Milano non puoi non visitarlo,"Mauro C. "" spettacolo"" ", 16 maggio 2019,Mauro C,5.0,positive
12230,"Se cercate locali gente e divertimento fate un giro ai Navigli, avrete l'imbarazzo della scelta. Dall'aperitivo in poi non vi annoierete",Locali e tanta gente, 23 aprile 2017,FLSTFB,3.0,neutral
1719,Già la chiesa di per sé òascia a bocca  aperta.. ma poi si passa da una stretta porticina e si fa dietro all'altare maggiore... stupefacente,Un gioiellino poco noto di Milano, 23 luglio 2016,Pierant0ni0P,5.0,positive
19552,Il polmone verde di Manhattan. Impossibile venire a NY e non andare a Central Park. Uno dei giardini più studiati della storia.,Una favola, 21 agosto 2018,gdd,5.0,positive
14015,"Dopo una serata a teatro (a vedere L’esorcista), abbiamo fatto quattro passi dal Teatro Nuovo per “smaltire la tensione” e, forse perché da molto che non ci passavo, lo spettacolo del Duomo illuminato ci ha proprio riempito gli occhi con la sua bellezza.",Passeggiata notturna , 11 novembre 2019,Cristiano,5.0,positive
9143,"Sono  due pezzi di  sponda  fiume dedicati  al  casino ed  al  bere con  angolo spaccio e  chi piu' ne ha piu' ne  metta , fare una  giratina  la  sera .. mah  per  sfigati  con  denaro  da  spendere  visto  i  costi ..",Solo sfigati, 12 giugno 2015,Franco R,2.0,negative
9181,prenoto online e nel giorno deciso mi presento... la visita comprende solamente la visita alla cupola dalla durata media di 20 minuti con audioguida gratuita... simpatica perchè si vede berlino dall'alto ma si può benissimo evitare.. spreco di tempo,simpatico ma si può evitare benissimo, 18 dicembre 2018,Kass,2.0,negative
17797,Parco carino ma a confronto dei parchi di Roma e Parigi niente di eccezionale ...anche il lago è insipido..... mi aspettavo di più ,Niente di eccezionale , 3 dicembre 2017,carlagargiulo,2.0,negative
8198,"Imperiale il Duomo, solo c'è troppa gente. Non si riesce a passare per le strade, quando libererete le strade metterò 5 stelle. I ristoranti costano troppo. Risolvete please.",Molto bello, 6 febbraio 2020,Ciaccia M,2.0,negative
6250,"Sono andato ad ottobre per vedere i colori dell'autunno ma purtroppo ancora non era cominciato il cambio di colore. Onestamente mi aspettavo qualcosa in piùil parco è tenuto bene ma nulla di eccezionale. La cosa bella è vedere da lontano i grattacieli, per il resto nulla di eccezionale ",Central Park, 22 ottobre 2018,Vincenzo P,3.0,neutral
17028,"Arrivando da Porta Genova e via Casale si arriva al Naviglio Grande che è davvero carino.Dicono che da quando è stata ristrutturata e pulita questa  zona è tornata un po Vecchia Milano con una miriade di bar,ristoranti,negozi di specialità locali e mercatini dove mangiare in relax o fare un buon aperitivo.",Una Milano diversa, 30 gennaio 2017,bruno066,4.0,positive
8002,"Il museo di per se ha poco da dire, conosciuto a livello mondiale, credo che ci sia davvero poco da aggiungere ma, visto e considerato che si parla di musei internazionali la differenza la fa appunto l’accoglienza!Pessima è dire poco, mi riferisco ad un episodio increscioso di cui il ragazzo che sta al guardaroba si è reso protagonista!Il ragazzo con L’orecchino ed i capelli ossigenati bianchi si è dimostrato MALEDUCATO IN MANIERA ASSOLUTA!!!! Si è innervosito perché nell’attesa mio figlio giocherellava con il tagliando in plastica che serve per ritirare lo zaino ticchettando sul banco! Si è subito rivolto a noi con frasi incomprensibili e la seconda volta ancora più violentemente ci ha insultato con linguaggio poco definibile!A quel punto sono intervenuto ed è nata una discussione inaudita e senza sensoCredo che certa gente non dovrebbe stare al pubblico e tanto meno al servizio di un museo di questa portataINDECENTE!!!Metto un punto perché meno non posso!!!!!Sono arrabbiato e deluso!!!!MALE MOLTO MALE ",Capelli bianchi, 17 dicembre 2019,crisoxx,1.0,negative
2352,Non ero mai stata mai famosi navigli mi hanno delusa sono tenuti malissimo  anche se l' acqua è' poca bisogna pulire le rive togliere le cartacce e abbellire con qualche fiore,Molto trascurati sporchi, 20 novembre 2016,Iesolo2013,2.0,negative
7157,entusiasmante Goja e la sia peinturas negras oltre alle sue opere tradizionali. L'esperienza è valsa il viaggio.,entusiasmante, 2 giugno 2022,renato r,5.0,positive
6837,"Il Museo dispone della collezione di pittura spagnola più completa al mondo, da El Greco a Ribero, da Velázquez a Goya. Molto importanti anche le collezioni della pittura italiana e di quella fiamminga. La prima comprende opere di Tiziano, Tintoretto, Veronese e Botticelli, mentre la scuola fiamminga è rappresentata, tra gli altri, da Rubens e Bosch. Sono presenti anche pitture francesi, olandesi e tedesche, nonché sculture e arti decorative.",Grandi emozioni, 29 febbraio 2020,MaryFort-2017,5.0,positive
5184,"È semplicemente spettacolari e fantastico - deve vedere a Milano : ) molto piacevoli ristoranti sul fiume, tanto piace.",Quartiere dei Navigli, 25 aprile 2017,kremena06,5.0,positive
6374,Bellissimo parco come da fama per dimensioni qualità e quantita di piante presenti. Vale la pena un giro in barca a  remi per lo spettacolo rilassante che si gode.,Parco e barca, 12 settembre 2016,Carlo L,5.0,positive
19372,Monumentale e grandiosa costruzione dallo stile gotico .Testimonianza raffinata e stupenda .Ogni guglia un opera d arte.Da visitare !!Da osservare in tutte le ore del giorno e in tutti  i mesi dell anno,Esperienza unica, 27 dicembre 2018,SImona Parmeggiani,5.0,positive
7254,"Una delle pochissime sezioni di muro rimaste, duvenuta tappa obbligata. Purtroppo i murales di un tempo, incentrati sulla dicotomia est-ovest, sulla libertà, sulla storia tedesca, etc ... siano stati rimpiazzati da street art recentissima, spesso a carattere new-age che nulla ha a che vedere con Berlino ed il suo passato. Il tutto sa molto di posticcio ...",Muro posticcio, 2 maggio 2019,pebo2014,1.0,negative
3192,"Visitato domenica 13 settembre: tengo a precisare che la recensione negativissima non è riferita al monumento, ma all'organizzazione. Biglietto per sola Cattedrale: e qui nulla da eccepire, anzi: 3€ gli adulti e 2€ i bimbi, prezzi ultrapopolari, con il Duomo che meriterebbe potenzialmente altri valori. Purtroppo, una volta all'interno ti accorgi che il prezzo non è giusto: intanto tutta la navata sinistra non è visitabile, ma riservata alla preghiera e contemplazione; peccato che la app ufficiale del Duomo (molto bella e completa) contempla diverse emergenze che si trovano fuori dalla vista e non avvicinabili: un solo esempio ridicolo: la meridiana solare che attraversa tutta la cattedrale in quanto parallela alla controfacciata è divisa in due da dai pannelli legnosi che delimitano la zona dedita alla preghiera e non permettono di vedere né dove inizia la linea di ottone né il foro che permette alla luce solare di insinuarsi nella costruzione. L'abside alle 15.30 è stata chiusa perché alle 16 sarebbe iniziata una celebrazione eucaristica. Insomma era visitabile 1/3 del piano della Cattedrale. Deludente",Visita azzoppata, 15 settembre 2020,Tetoconti969,1.0,negative
392,Ci sono stato 20 anni fa e rispetto ad allora ho trovato caos. Strade all' interno da attraversare piene di biciclette e risho. Poi reticolati e recinti. Andate a vedere i giardini di Londra piene di fiori e d'ordine. Brutto.,Brutto, 12 agosto 2018,Aldo C,1.0,negative
16103,"Da una suggestiva Piazza si rimane impietriti da una costruzione di pregevole architettura, la particolarità delle forme e l'imponenza aggraziata di un Monumento d'altri tempi... Entrando, ancor più meravigliato per dimensioni inconsuete ...Da visitare da terra alle sommità!",MAESTOSO, 24 febbraio 2020,giuboselli,5.0,positive
14382,Ti senti catapultato in una realtà meravigliosa....ogni angolo racconta di natura... di distacco dalla città... ti riempie il cuore....,Love Central Park , 1 aprile 2019,Carmen V,4.0,positive
17440,"I navigli sono veramente molto carini,anche dal numero di locali che si può trovare.Una situazione del genere in Italia non è così comune.Se però si è andati solo una volta in Olanda,il tuto vi apparirà come nulla di eclatante.Da vedere!",Molto carino, 9 dicembre 2014,Simone D,3.0,neutral
9291,"Palazzo antico con cupola moderna, un mix tra il passato ed una visione futurista sorprendente e non compresa da tutti ",Curiosità , 2 marzo 2019,Jd.cal,5.0,positive
1267,Tanta gente.. In una domenica pomeriggio autunnale ma di bel tempo abbiamo potuto ammirare questa parte della città facile da raggiungere e dove abbiamo trascorso un paio d'ore a passeggio tra questi caratteristici canali che attraversano Milano. ,Uno scorcio da non perdere, 17 ottobre 2018,salentinodop,3.0,neutral
1245,Davvero un luogo da non perdere  uno dei tanti parchi di Madrid  pulito e curato  per passeggiare in tranquillità e godersi una pausa ,Immenso , 11 febbraio 2019,DEBORAH R,3.0,neutral
2996,"niente di che, c'è molto altro da vedere e visitare, tempo non certamente ben speso. Consiglio di recarvi altrove. simpatico il baretto vicino. Piccolo ma delizioso. Non c'è su trip altrimenti lo recensirei.",niente di che, 9 novembre 2018,ToninoRc,2.0,negative
11994,"Ragazzi è un parco grande e bello ma riepilogando le cosiddette attrazioni:Una statua, due fontane, un bel portico con puzza di piscio, un castelletto finto. Per il resto un bel parco con un grande lago. Non vale la metà del parco di Monza.",Un bel parco senza attrattive, 3 maggio 2019,Overland_Joe,3.0,neutral
17725,"Bisogna prenotare dal sito la visita.. siamo arrivati comodamente con il bus 100 che ferma lì davanti, audioguida multilingua, quella italiana a tratti sembra un prof che rimprovera l’alunno.. si gode di un panorama a 360 gradi sulla città.. da vedere",Finestra su Berlino, 8 gennaio 2020,gennaro1970,3.0,neutral
18230,"andato di notte e quindi il duomo era chiuso.... comunque sia il duomo che il corso sono bellissimi , da visitare assolutamente",di notte, 2 settembre 2019,Luca R,3.0,neutral
2891,Tratto del muro caratterizzato dai 1000 murales. E' singolare perchè è assolutamente inserito nel contesto urbano e fronteggiato dai palazzi modernissimi della Mercedes. ,Senza dubbio la parte più caratteristica di Berlino, 30 agosto 2022,Rone066,5.0,positive
7798,"Central Park  è un posto stupendo per tanti motivi ,  per la  vegetazione che offre al centro di Manhattan  ,   un parco esteso  di circa 3,5 km2  ,    dove  all'interno ci diversi laghetti ,  offre  una pista di circa 9 km di perimetro  dove  correre a piedi in bici o con pattini , tutte le settimane  ci sono  diverse  attività  sportive organizzate ,  basta sedersi su una panchina e stare a guardare  intorno ,si ha  la sensazione di  essere in un film  .",Uno dei parchi più belli al mondo !, 8 settembre 2016,Lino B,5.0,positive
14156,"Fantastico,il cuore verde di ManhattanCurato nei minimi particolari ,davvero bello .tutto pulito ,illuminato e sorvegliato",Honeymoon, 2 agosto 2018,mayamaltese,3.0,neutral
2745,Suggestivo scenario. Nulla da dire. l'Italia è un patrimonio culturale da tutelare e valorizzare. I Navigli sono l'emblema di cotanta bellezza.,Splendido, 3 settembre 2019,Umberto Sannino,5.0,positive
14301,quante volte sono passata davanti a un simile splendore senza sapere che era taledire che è splendida può sembrare riduttivovarcata la semplice soglia rimani a bocca aperta davanti ai capolavori di Luinida non perdere,è proprio la cappella sistina di milano, 2 ottobre 2018,Dalila M,5.0,positive
5153,"La zona dei navigli a Milano è una delle più vive della città, soprattutto la sera quando dai più piccoli ai più grandi si riversano lungo questi corsi d'acqua e lungo le stradine interne per andare fuori a cena, per un'aperitivo, per un gelato o semplicemente per una passeggiata. Nelle calde estati milanesi sono uno dei punti dove trovare un pò più di fresco. Ogni tanto ci sono anche anche mercatini che rendono ancor più viva la zona. Ottimo punto per ritrovarsi con gli amici.",Pieno di vita e ottimo per girovagare la sera, 26 marzo 2012,Nellamiavita,3.0,neutral
15105,"Per chi come me è abituato al mare e ci è cresciuto non mi impressiona, arrivati in mattinata acqua putrida che se guardata attentamente contiene bottiglie di birra , oltre ad un cd ed ad un cellulare Questo accanto al ponte centrale con il quale si attraversa proveniendo dalla metropolitana .Non mi ha impressionato ,pieno di locali con prezzi cari il triplo di altri luoghi.Se per voi questo luogo fa fico,tenetevelo .Non è poi così speciale , personalmente ho preferito più la parte interna della città .","Esperienza discreta ,niente di eccezionale .", 9 maggio 2021,Il degustatore,1.0,negative
14589,"Se si è a Madrid obbligo la tappa al Prado, la sua fama lo precede però... non mi ha entusiasmato tanto. Molti quadri sono a carattere religioso, bella la galleria dedicata a Rubens, tanti artisti spagnoli. Ho preferito altre pinacoteche,  gusto personale.Consiglio il biglietto on line, anche se per le entrate gratuite (come i bambini) non si riesce a prenotare. Altrimenti se dovete comprare il biglietto arrivate presto. Noi in fila alle 10 entrati alle 11.30.",Famoso, 25 febbraio 2023,Micaela1711,3.0,neutral
15356,"Piazza enorme, tanti turisti ma non sempre pulita. Mi capita spesso di trovare feci di cani e non sempre viene pulita.",Milano è sempre Milano, 6 marzo 2020,domenicodelcoco81,3.0,neutral
7160,Un veloce passaggio per qualche foto affacciati al lago. Un panorama bellissimo sostenuto da una giornata di sole e cielo azzurro con il parco innevato. Da non perdere! ,Incantevole, 4 gennaio 2018,Valentina D,5.0,positive
14217,"Un breve sosta durante le calde giornate per una passeggiata lontano da traffico e dal rumore, sotto le piante.",Pomone verde in città, 29 luglio 2019,PaolaOmarMattia,4.0,positive
16976,"Reduce da un giro in alcune purissime cattedrali francesi - Metz, Reims, Amiens, Troyes, Soissons - ritrovo, a molti anni dalla mia ultima visita, un Duomo di Milano ancora peggio gestito e più devastato dal suo eterno cantiere, esterno e interno. All’esterno lunghissimi percorsi obbligati per l’acquisto dei biglietti di ingresso, e già a metà mattino belle code. Preferiamo la poco segnata e gratuita “porticina dei fedeli” ed entriamo, tanto del grandioso e barocchizzato interno poco ci importa. E anche qui, in fondo alla navata sinistra, campeggia un bel cantiere, spazio vietato a visitatori e fedeli: ma è possibile che in questa ricca metropoli e “capitale morale” del Paese non si trovi il modo di finirlo o gestirlo meglio questo interminabile “cantiere”? Sembrerebbe che tutto o quasi debba essere speso in sicurezza, a difendere l’edificio con un presidio di militari e guardie armate che neanche a Kabul. Torno con il pensiero e nostalgia e tanta invidia alle recenti esperienze di Francia, dove i laicissimi nostri ""cugini"" saranno talvolta arroganti e supponenti nei nostri confronti, ma le loro belle cattedrali (quando non se le bruciano), hanno saputo conservarle e gestirle con grande efficienza. E senza alcuna apparente necessità di corpi armati a difesa. Siamo solo noi nel mirino di Al Qaida?",Che tristezza!, 8 ottobre 2019,ANTONIO707,2.0,negative
10902,"su suggerimento del governo di visitare le bellezze d'Italia e per aiutare una zona martoriata dalla precedente pandemia,abbiamo pensato di visitare la città di Milano e non solo.Purtroppo misteriosamente questa chiesa era chiusa  come il museo civico mentre altre attrazioni come il Cenacolo risultavano regolarmente aperti.Che dire ,forse i custodi volevano fare le ferie nel mese d'Agosto!!!!!!!",INSPIEGALMENTE CHIUSA, 16 agosto 2020,alberto f,2.0,negative
15843,"Visitando Madrid per la prima volta, non poteva mancare la visita al Museo del Prado.Il museo è bello ed organizzato in diverse sale, con un percorso piuttosto complesso e non molto lineare.Qui la fanno da padroni i capolavori di Goya, Velasquez e Rubens ( l'artista che ho preferito di più), ma ci sono anche opere di artisti stranieri.Tutto molto bello, peccato per il grave disservizio: 1/4 delle sale era chiuso temporaneamente al pubblico.Quando ho chiesto spiegazioni mi è stato semplicemente detto che sarebbero state riaperte alle 16 e che col biglietto di oggi mi avrebbero fatto rientrare nel museo.Peccato fosse domenica ed alle 16 fossimo già sulla strada per l'aeroporto per tornare a casa.Ci siamo sentiti presi in giro, considerando il fatto di aver pagato comunque biglietto intero.Merita comunque la visita.. Ma non andate di domenica ( ho avuto il sospetto fossero chiuse per mancanza di personale).Bello ma....ho trovato mancanza di accoglienza e di professionalità. ",Bello Ma....., 26 settembre 2018,svedesaccio,2.0,negative
18916,"Con il più Sacro e dovuto Rispetto, il Dovere della Memoria però non deve sempre far dire ""Va bene!"" per quanto viene fatto per non far dimenticare la più grande tragedia europea e il crimine che deve essere sempre ricordato, soprattutto alle giovani generazioni.Questo memoriale è davvero brutto: il senso di desolazione e disorientamento, spersonalizzazione e omologazione è il messaggio che si vuole dare? Ok, ma forse si poteva farlo in modo diverso. Se poi si pensa (per carità, ultimo pensiero ...) che questo orrore è costato 25 milioni di euro ...",Quando è brutto è brutto!, 1 gennaio 2019,Luca Z,1.0,negative
9890,Non so perché credevo in qualcosa che mi lasciasse più segno dentro .. invece l'ho trovato banale .. anche con le sue opere eccezionali . Esternamente la struttura non l'ho trovata particolare come altro a Madrid . ,'Pensavo molto di più', 23 febbraio 2018,Angelo R,3.0,neutral
19455,Senza le audioguide è difficile capire la Valenza dell'esplosione.La disposizione è un Po confusionaria.,Margine di miglioramento , 30 dicembre 2017,Valentina F,2.0,negative
8915,"ll Memoriale dell'Olocausto o, Memoriale della Shoah è situato nel quartiere Mitte di Berlino, progettato da Peter Eisenman Il Memoriale è composto da oltre 2.500 lapidi senza nome come i deportati dai nazisti. E' un monumento impressionante e riesce a dare un'idea della mostruosità di ciò che è stato fatto ad un intero popolo.",impone una riflessione a chiunque, 6 giugno 2019,domfus,5.0,positive
5129,Costa troppo per quello che offre. Soldi buttati. Certo l’arte è una questione di gusto ma anche sforzandoci e dopo aver anche visto il Louvre di Parigi il Prado ci ha delusi. Ad ognuno la sua scelta! ,Delusi! , 24 marzo 2019,viaggiatori5260,1.0,negative
8411,"Se ci si trova a Milano, non può mancare un giro al Duomo! Ammirare la maestosità del Duomo è un'esperienza che non si dimentica facilmente.Consiglio di fare il tour all'interno per vedere la struttura da dentro e godere del panorama fantastico presente sul tetto! ",Tappa obbligata, 17 luglio 2016,SethDA,5.0,positive
11424,"Una piazza fatta di parallelepipedi di cemento di varie dimensioni è per me un po’ poco per ricordare lo sterminio nazista. Decisamente anonimo come memoriale. Gratuito e vicino alla Brandeburgen Tor, la porta di Brandeburgo.",Si poteva fare meglio, 16 agosto 2022,Andrea P,2.0,negative
9996,"vale la pena di vederlo , passando da milano....è caratteristico , ma va bene per chi ama la movida , i locali da aperitivo , le serate all'aperto . d'estate è isola pedonale , un giretto si può fare anche se si è astemi.....purtroppo milano è una città un po'snob , il divertimento è patinato , sforzato e la pulizia generale lascia a desiderare",è uno degli angoli più caratteristici di milano, 20 febbraio 2012,lazia99,3.0,neutral
13374,Una grande piazza con la porta di Brandeburgo con attorno tutte ambasciate ultramoderne non mi ha per niente convinto molto meglio il ns Colosseo .,Normale piazza, 5 novembre 2019,rdisalv@yahoo.it,3.0,neutral
49,"Milano nasconde i suoi tesori agli occhi dei più, ma per chi ama la bellezza e la cultura, questa chiesa in pieno centro meneghino, è da assaporare.",Entrate assolutamente!, 10 dicembre 2015,bercifede,5.0,positive
11286,"Museo enorme con opere molto importanti, da non perdere quelle di Rubens che sono a due poco stupende. Peccato per la pessima gestione e le indicazioni per niente chiare sul percorso museale .Le foto sono assolutamente vietate dentro al museo , anche se non si capisce il perché , visto che è l’unico grande museo a non permetterle. Davvero deluso da questa scelta del museo",Confusione fatta ad Arte, 12 ottobre 2022,Jeshua,1.0,negative
11819,"Sicuramente da fare, una passeggiata di poco più di un paio di km partendo da Berlin Ostbahnohof e finendo al ponte Oberbaumbrucke (tra l'altro uno dei migliori da vedere). I murales sono molto belli e significativi, il bacio è il più famoso ma meritano tutti.",Passeggiata obbligatoria, 27 agosto 2018,simopotamo,5.0,positive
1363,"ad essere sincero, da una vita sento parlare dei famosi navigli, mi aspettavo di meglio.. in più quest'anno non hanno nemmeno fatto il classico mercatino natalizio ""oh bej oh bej"".. perchè spostato in piazza castello.. di certo ha come pregio di essere un angolo un po' più tranquillo rispetto ad altri posti",mah, 10 gennaio 2012,kid_romeo,3.0,neutral
8898,"Una chiesa da vedere obbligatoriamente. Meravigliosi e ottimamente conservati gli affreschi, splendido il coro delle monache di clausura, davvero un piccolo grande tesoro italiano sfortunatamente poco conosciuto. L’entrata è libera, consultare gli orari, l’offerta ai volontari del Touring Club Italiano che sono i custodi è cosa gradita.Un gioiello italiano incredibile a poca distanza dal Cenacolo, dalla Vigna di Leonardo e dalla chiesa di Santa Maria delle Grazie. Insomma Corso Magenta regala grandi capolavori.",La Cappella Sistina di Milano, 7 novembre 2017,AleTraveller86,5.0,positive
1772,Sapete dirmi quanto tempo occorre x visitare bene il Prado? Devo andarci mercoledì e volevo un parere sul tempo espresso in ore da parte di qualcuno di voi. Grazie ,Viaggio a Madrid , 20 agosto 2017,Roberto D,2.0,negative
13853,Un rigagnolo di acqua sporca travestito da fiume. BohhhhhSe a Milano nn c'è ne mare e fiume non bisogna soforzarsi per crearlo artificialmente.Tanti bei locali e BASTA.Questi sono i navigli.Non oso immaginare cosa può essere quella pozza d'acqua in estate,Ma cosa è? , 15 dicembre 2017,fra s,1.0,negative
2772,"...Peccato.... che non si possano fare foto e i pagliaccetti che devono controllare sono peggio dei poliziotti...Che tristezza..ma fatevi una vita.Per il resto merita una visita obbligatoria perché ci sono opere d'arte dal valore inestimabile.Ps troppo caro l'ingresso.... 15 euro. (senza audioguida)Inoltre consiglio la visita nel primo pomeriggio, perchè al mattino c'è sempre la coda come i caproni.",Le opere migliori a Madrid sono qui...peccato...., 2 novembre 2017,Alfonso D,2.0,negative
8202,Veramente meravigliosa! Un grazie ai volontari del Touring Club Italiano che con il loro contributo permettono di poter ammirare questa chiesa mweravigliosa.,Meravigliosa!, 29 giugno 2015,Geranto,5.0,positive
16964,Evitare questa zona puzza graffiti ovunque niente come VeneziaAppare come una città bassa sobborgo di tendanon perdete tempo o di denaro,Foro curerÃ il suo corpo dominato dal cancro Graffiti nel muro, 28 settembre 2018,browns1028,1.0,negative
2535,Central Park è una delle tappe fondamentali : consiglio vivamente di noleggiare una bicicletta. noi l’abbiamo presa per tre ore e siamo riusciti a girare tutto il parco !!!! FANTASTICO ,Visita fantastica , 22 novembre 2017,mrscamy,5.0,positive
12496,"in realta' avevo visto un servizio del tg che parlava delle elezioni europee e uno dei collegamenti era davanti alla porta di brandeburgo . considerando che ci saremmo andati di li a poco l'ho seguito con interesse . mi ricordo che gia' per televisione non mi ha entusiasmato . vedendola dall'esterno ,di persona ,in effetti non mi ha dato emozione , pensavo fosse mastodontica invece era abbastanza piccola mentre molto piu' imponente e' il viale che attraversa berlino che inizia dal portale",pensavo meglio, 9 giugno 2019,valeriapuffo,3.0,neutral
4771,"viene raccoltaa la storia del Germania Nazista, con fotografie e documenti.E' interessante, ma difficile da seguire senza audioguida",audioguide solo in tedesco, 7 gennaio 2017,Luigi E,2.0,negative
7340,"Mi ha un po' deluso, forse perchè non c'era acqua nei canali, comunque è un buon posto per fare quattro passi e trovare un locale per un buon aperitivo.",un po' deluso, 9 febbraio 2016,Fabio F,2.0,negative
16872,"Classico museo, per noi italiani è quasi normale. Ben strutturato e guida gratuita efficace.Tantissima roba da vedere",Classico e bellissimo, 24 ottobre 2018,Flaminia B,4.0,positive
9312,"Per chi adora mangiare in riva al mare ascoltando il rumore dello stesso, devo dire che fare la stessa cosa, seduti di fronte ad un canale decisamente sporco e con i ratti che passeggiano beatamente, risulta di dubbio gusto.Certo Milano non si trova sul mare e, quindi, bisogna accontentarsi.",Mah!!!, 11 novembre 2017,mike02081970,3.0,neutral
514,"Ci hanno detto che questa è la zona per la vita notturna e così ci siamo avventurati verso il basso per vedere ciò che la zona ha da offrire. Piccoli negozi e ristoranti carini erano ovunque, e ci siamo trovati totalmente godendo della zona fino a quando non abbiamo girato un angolo e abbiamo trovato una banda di ragazzi locali appendere fuori e che urlava a vicenda... come due bande di rumble... paura mia moglie mezza a morte.Sono contenta che ci aveva già fatto il nostro shopping perché ci hanno fatto e lasciato la zona... per non tornarci mai più...",Siamo stati godendo della zona fino al..., 15 agosto 2016,Tony A,2.0,negative
581,Museo da vedere ci sono i più importanti pittori tra cui il Tiziano stupendo! Con la guida telefonica tutto è più comprensibile . ,da vedere , 15 dicembre 2018,Beatrice M,3.0,neutral
11298,Un angolo di Milano rinnovato e pieno di vita. Fuori dai luoghi comuni si gode il rilassato scorrere delle acque e un' urbanistica autentica e ricca di vita.,UNA MILANO DIVERSA, 25 aprile 2016,Piero C,4.0,positive
3269,...grandi capolavori che personalmente ho apprezzato meno di quelli del Reina Sofia...i capolavori sulla guida cartacea dell ingresso a mio avviso andrebbero integrati com altri...no foto concesseaudioguida okcaos x trovar sale ed opere,bello ma.., 3 maggio 2018,MARiALAURA65,3.0,neutral
7201,"C'è un solo modo per apprezzare questa zona, restarci il meno tempo possibile. Quindi, per intenderci, passeggiata fino al ristorante, cena (si mangia abbastanza bene un po' dappertutto), passeggiata di ritorno all'auto. Assolutamente da evitare l'aperiti-truffa, specialmente in estate, dove ""zanza"" di ogni tipo invitano i passanti a sedersi nei bar (l'offerta è simile ovunque: cocktail annacquati da 8/10 euro e stuzzichini imbarazzanti...). Evitare anche il dopo cena del sabato, quando  la zona si riempie del popolo dell'hinterland e sembra di essere in una qualsiasi altra città burina italiana con gente che litiga, da di stomaco, urina o peggio... Ovviamente da apprezzare i ponticelli, alcuni palazzi e il vicolo dei Lavandai.",TOCCATA E FUGA, 1 gennaio 2018,ghouse,3.0,neutral
217,Tanto enorme quanto mimetico. Piu' un labirinto dove far giocare i bambini che altro. Mettere in evidenza per nascondere? Credo non riescano a fare i conti col loro passato,Tristino, 15 luglio 2019,maxximiliano2017,2.0,negative
9574,"E' sul ciglio della strada , già l'argomento di questo memoriale è triste... ma vederlo da vicino è anche peggio.... la gente poi ci si fa anche le foto....",;-(, 13 dicembre 2019,dolcebrunella,2.0,negative
12306,Cena di compleanno sul Naviglio grande posto fantastico peccato per la sporcizia che prevale da tutte le parti venditori abusivi in continuazione a disturbare mentre si cena più altri venditori abusivi con secchi carichi di birre e quant'altro sulla passeggiata senza alcun controllo locali strutturati su vendita di vino e birra mal accoglienti per famiglie a serata inoltrata molta gioventù ubriaca e altro .,Serata di compleanno , 10 luglio 2016,Claudiopizzi,1.0,negative
6175,"avevamo acquistato i biglietti per saltare la coda su get your guide.Ma abbiamo ugualmente fatto una coda di circa un'ora.All'ingresso non ci hanno fatto entrare,perchè le nostre ragazze di 16 anni ,pur avendo diritto all'ingresso gratuito,dovevano avere un ticket,non emesso dal sito internet,e per il quale bisognava fare una ulteriore coda al botteghino di svariate ore..Superbi.arroganti",Pessimi, 3 maggio 2018,AlinoKing68,1.0,negative
15611,"Abbiamo cenato e sono andato un paio di volte in questo hotel quando il tempo è stato bello e la serata bellissima. Ma che lascia a desiderare. Forse abbiamo perso la roba migliore, ma era come un turista reale "" get - em - in e ottenere - em - fuori "" posto dove, a meno che non ci è piaciuto bere la sera, c'è il vero centro del posto.",Una parte interessante della città, 25 luglio 2017,Patti C,3.0,neutral
10248,"Non sono un amante dei musei, ma devo dire che sono rimasto impressionato da questo museo e naturalmente dai dipinti di Picasso, con particolare riferimento al Guernica! da visitare se si è a Madrid ",Bellissimo, 27 ottobre 2017,Beppe P,4.0,positive
12476,"Bellissimo e indescrivibile visto che si trova nel mezzo dei grattacieli di New York. Le zone imperdibili sono:il ponte, il tributo a John Lennon e la statua di Alice nel paese delle meraviglie. Se siete a New York una passeggiata nel parco non deve assolutamente mancare. Unico.",Il parco, 22 marzo 2017,paolomax13,5.0,positive
15598,"Parto subito dicendo che personalmente sono una che preferisce piccoli paesini caratteristici alle grandi metropoli ma tappa obbligatoria se visiti Milano è il Duomo naturalmente e in particolare io e mio marito volevamo far visita alla tomba del Cardinal Martini. Allora il Duomo è maestoso , altari belli e curati la riproduzione della Madonnina stupisce quando ci si avvicina perchè non ci si rende conto di quanto sia grande da fuori. Purtroppo una nota negativa c'è stata . Mi hanno sempre parlato della super efficienza meneghina in ambito lavorativo ma io in questo caso ho dovuto appurare il contrario. Attenzione non mi lamento dei tempi di attesa perchè per un opera d'arte del genere è ammesso aspettare, il problema è l'organizzazione in se.Allora partiamo dalla biglietteria ci danno il numero (avevamo 100 numeri davanti) c'erano 5 casse aperte 1 faceva solo gruppi , le altre tutto il resto con priorità alle prenotazioni via web, fin qui tutto bene. Il problema nasce nel momento in cui di 4  casse in realtà solo 1 ragazzo lavorava perche le altre facevano 1 persona poi l'operatore si alzava girava per la stanza a parlare con gli altri a fare battute.... nulla in contrario se ci fossero 10 persone in sala ma con la sala piena... boh detto questo non ho capito bene la gestione dell'entrata in Duomo. Ripeto non mi ha infastidito l'attesa, arriviamo all'entrata, perquisizione e controllo borse e metal-detector , contenta di collaborare al controllo per la sicurezza di tutti noi, entriamo , visitiamo poi cerchiamo la tomba del cardinal Martini ma lo possiamo vedere solo separati da delle limitazioni, ci spostiamo verso l'uscita e chiediamo informazioni per raggiungere la zona di preghiera ci dicono che dobbiamo uscire e fare la fila nell'altra zona rifare il controllo con i soldati e rientrare. Allora anche qui nessun problema per il tempo di attesa o rifare la fila , ok lo facciamo ma mi chiedo se non avesse più senso mettere una persona all'interno che per chi chiede di passare anche nella zona preghiera possa accedere se è già all'interno visto che è già stato controllato. Mi chiedo come mai l'efficienza Meneghina non abbia pensato ad ottimizzare le cose in questo senso, a me sembra una soluzione logica più che altro.... magari un motivo c'è in realtà ... boh",Weekend a Milano, 12 dicembre 2018,erosfabiola,3.0,neutral
18873,I navigli di Milano e un simbolo con il vico dei lavandiaion e i suoi negozi  storici sopratutto di sera e un luogo che puoi ascoltare della buona musica,Visita, 22 giugno 2018,bpatrizia793,4.0,positive
3013,"E' stata una meravigliosa scoperta. E' bellissima, ci ritorno appena riesco e credo che non sarà solo una volta. Da visitare.",Sono entrata per caso girando per Milano, 28 agosto 2016,daniela_merendin3xly,5.0,positive
23,In questo momento il museo è visitabile in maniera molto ridotta. Ho trovato la visita molto deludente.,Noioso, 8 agosto 2020,Irene antonacci,2.0,negative
16545,Leggo.su recensioni che la cupola si puo visitare gratis .. andiamo il 2 gg che siamo a berlino e scopriamo che bisogna prenotare xche nn ganno entrate  piu di 80 persone circa.  Facciamo coda locale di fronte e prenotiamo.x domenica alle 10.. nn controlliamo nulla ci fidiamo della precisione tedesca.. domenica mattina arriviamo puntuali .. con documenti alla mano e foglio rilasciato da loro.ma ci dicono che prenotaz x il sabato e quindi nn possono farci entrare controllano anche elenco del sabato ma nn ci siamo gentilmente ci dicono che dobbiamo prenotare di.nuovo..siamo andati.a fare rimostranze..ma nulla.. la trafila e quella e noi nn avendo tempo x altri gg..ci perdiamo la cupola.in coda 2 ragazze italiane cinhanno detto che e successo anche a loro.. mah.. strano,Vederlo.. e staro.impossbile, 19 gennaio 2020,Steee64,1.0,negative
13572,"Molto caratteristico, sopratutto di sera dove si riversa tutta la Movida milanese grazie a tantissimi locali e localini presenti tutto intorno ai navigli.",Caratteristico , 29 ottobre 2017,bafio76,3.0,neutral
13904,Non era molto vecchio caldo e puzzolenti . c'era musica dal vivo come l'altro quartiere da consegnare a notte. siamo stati solo tre giorni a milano e questo quartiere è stata una perdita di tempo.,Non lo consiglierei, 4 gennaio 2015,MAHNAZS,1.0,negative
15093,"Personalmente mi aspettavo qualcosa di più per quel che mi era stato detto.Sicuramente il posto ideale per una serata in compagnia, per chi ama il genere di serata ""happy hour"", ma niente di più.",Non il mio posto preferito, 2 giugno 2014,Ylenia B,3.0,neutral
297,"Sono stata oggi ai Navigli col mio ragazzo per una passeggiata domenicale. Ero convinta di percorrere uno scorcio diverso di Milano, che non tenda al grigio e allo sconforto...aspettativa delusa! Un posto tristissimo, sconsigliato. ",Che tristezza!, 8 novembre 2015,Veronica P,1.0,negative
13536,Opera significativa per il suo significato ma esteticamente semplice. Un passaggio veloce è sufficiente. ,Passarci velocemente, 2 novembre 2019,Alessandro N,3.0,neutral
2895,"Il museo non è esageratamente accattivante però la vista del muro ""originale"" e la documentazione fotografica fornisce un quadro reale della storia. L'accesso è gratuito.",Un passaggio è indispensabile, 30 agosto 2022,Rone066,3.0,neutral
7036,"ZONA tranquilla anche se la sera dopo le 24 girano figure poco raccomandabili.Zona piena di locali,quindi si può scegliere dove mangiare",Tranquillo, 1 agosto 2012,Corsa200,3.0,neutral
7521,"La movida Milanese ???? non credo sia questa la Movida Milanese, Navigli da sempre in stato di degrado, Battello con gita, di una sostanza tra il triste e il grottesco.... Locali in genere fotocopie uno dell'altro, pochi coraggiosi che offrono servizio e qualita'... Quando questo capolavoro di Leonardo avra' la giusta Luce ?, qui dovrebbe vincere l'arte, la cucina , la storia,... invece ne esce un fiumiciattolo sporco con rifiuti galleggianti, ricco di locali stanchi... anziche' Vissuti...",Degrado in Movida, 11 gennaio 2013,blukalu,2.0,negative
11429,"Bello passeggiare in una piccola Venezia! Tantissimi locali, musica e luogo della movida milanese! Fermatevi qui per l'aperitivo!",Romantici, 21 maggio 2019,Lo1974,3.0,neutral
2794,"meta assolutamente imperdibile, camminare all'interno per godere appieno delle molteplici attività che vengono svolte",imperdibile, 3 settembre 2016,marco m,3.0,neutral
12358,"Abbiamo noleggiato le bici per tre ore (2 adulti e 2 bambini al rent official per 102 usd..non poco) e abbiamo fatto il giro del parco. Tutto sommato abbastanza anonimo nulla di interessante , inoltre con la bici puoi girare solo sul ring esterno, mentre se vuoi entrare nel parco devi andare a piedi.Ho visto parchi molti più belli e interessanti, forse qui quello che lo renderebbe speciale é forse il nome Central Park. Da tenere in conto che in estate fa caldo e c'é molta umiditá , inoltre in bici ci sono diversi sali e scendi e quindi é necessario avere una buona scorta di acqua ( nel parco ci sono molti che la vendono a 3/ 3,5 $ a bottiglietta) .Ogni tanto ci sono dei bagni (abbastanza terribili) e in alcune zone (specie agl ingressi e al noleggio bici) il puzzo di escrementi ed urina dei cavalli é insopportabile...alla fine ci vieni giusto perché tutti ti dicono vai!",Nulla di che., 6 settembre 2018,marco_G_MIL,3.0,neutral
17138,"Sicuramente affollato, evitate un pò di coda se prendete on line i biglietti prima, da visitare assolutamente!!",Un Must per Madrid, 8 agosto 2017,Davidd,5.0,positive
18799,"Questo meraviglioso parco è curato in ogni minimo dettaglio, quando si è troppo stanchi dalla frenesia di New York rifugiarsi al suo interno è davvero piacevole e rilassante. Completano il quadro i numerosi scoiattoli e le varie statue al suo interno.",Il polmone verde di New York, 12 aprile 2016,Madda g,5.0,positive
4987,"Niente è offerte su questo posto, che non ero affascinato. ci sono posti migliori per la sera di spesa a Milano credo.",Non è il migliore, 24 ottobre 2013,Mohsenkh,2.0,negative
12521,"È quanto di più attinente alla tradizione spagnola, ricco di opere ma disordinato nell’allestimento.Molte sale, ma opere di molti artisti famosi sparse per la molteplicità di sale del museo senza un filo logico.Altra cosa che non mi è piaciuta, l’impossibilità di scattare foto senza flash sia con telefonino che con macchina fotografica.Alla fine si stimola il visitatore che non intenda acquistare il catalogo a rubacchiate qualche foto di nascosto.Utile il “salta la fila” se si vuole visitare il museo in orario di mezza mattina, se si va all’apertura è inutile.In ogni caso, resta imperdibile per la quantità di opere in esso contenute.",Bello ma..., 2 novembre 2019,lumanise,3.0,neutral
3528,Trovarsi al cospetto del Muro studiato sui libri di scuola é un'emozione che travolge e conferma l'inutilità di conflitti e divisioni tra i popoli. ,Emozionante, 21 agosto 2018,AlmeLauria_PZ_,5.0,positive
1905,Premetto che la mia valutazione è legata alla mia ignoranza circa il collegamento tra questa esposizione open air su Varsavia e la location Berlinese. Ho trovato difficile anche leggere le molte didascalie in inglese sulle lastre fotografiche della mostra. Meglio il video all’inizio che in pochi minuti ha reso l’idea della devastazione di Varsavia a seguito dei bombardamenti. Non lo consiglierei tra i primi luoghi da visitare tenendo anche conto della numerosità di potenziali mete a Berlino.,Un po’ fuorviante, 16 settembre 2019,ParlAle,3.0,neutral
13381,"È la seconda volta che lo visito ed è sempre affascinante. Molto grande, richiede un certo tempo per vederlo. La sera, quando l'ingresso è gratuito, la fila è interminabile ma il biglietto costa la metà  (7,50€).",Sempre bello, 8 gennaio 2018,simona b,5.0,positive
2778,"La facciata è rivestita in pietra grigia di Ornavasso. All'interno, la navata unica è coperta a volta e bipartita in due spazi da un tramezzo che separa lo spazio delle monache, che assistevano alla messa da una grata, da quello dei fedeli. In entrambe le aule la navata è fiancheggiata da alcune piccole cappelle coperte da volta a botte, sormontate da una loggia a serliana. Sia la volta, che le pareti laterali, la parete divisoria e le cappelle sono ricoperte da affreschi realizzati nel corso del Cinquecento: notevoli sono gli influssi, oltre che della scuola lombarda, di quella forlivese, in particolare di Melozzo da Forlì, ma anche di Marco Palmezzano. Viene chiamata la cappella sistina di Milano",Gioiello sconosciuto, 21 febbraio 2018,Alessandro F,5.0,positive
5818,"questo monumento si trova proprio nella piazza a fianco della porta di Brandeburgo, al centro di vie molto trafficate e quindi visibile quotidianamente dai berlinesi e da tutti coloro che transitano a memoria dell'Olocausto, regna un assoluto silenzio nonostante l'ubicazione e dà un senso di claustrofobia e soffocamento addentrarsi tra i cunicoli",in centro a memoria dell'Olocausto, 18 marzo 2019,paola p,5.0,positive
13307,Si arriva facilmente con la metropolitana. Per me non ha comunque l'impronta emotiva che danno altri luoghi storici di Berlino. Comunque da vedere,una passeggiata lungo il fiume ammirando le opere d'arte dei diversi artisti, 6 settembre 2018,lucia885,3.0,neutral
13052,"Non capisco come mai l'attrazione simbolo di Madrid abbia la peggior organizzazione rispetto ad altri musei o a Palazzo Reale, perche' con quattro entrate non fanno distinzioni fra guppi ed entrate singole ?  bah ....",Pessima organizzazione, 26 settembre 2019,ale290x,1.0,negative
16400,"La bellezza di questa opera artistica non si discute.....ma......è possibile una volta vederlo senza impalcature?Perché pagare il biglietto per entrare in chiesa ""luogo di culto""?, posso capire le guglie ma la chiesa ....?Perché le pubblicità di pellicce , macchine, alcool e tanto altro sulle fiancate della chiesa? non sapevo che la chiesa avesse degli sponsor. Ne avrei altre mille da dire ma mi fermo qui. Le due palline solo perchè la sua presenza imponente non può avere il minimo.",Sponsor e soldi, 13 febbraio 2023,Anto,2.0,negative
1051,"Un museo di 50 anni fa.Pieno di capolavori, per carità... ma a livello di struttura e regolamenti, andrebbe svecchiato...",Un museo vecchio, 8 agosto 2019,Narcysus White,2.0,negative
9442,Uno dei momenti più belli ed emozionati della mia vacanza berlinese...museo gratuito perfettamente concepito nell ottica di far maturare quella coscienza civile che tutti noi dovremmo avere! Da non perdere!!!!,Un viaggio nella storia, 16 maggio 2017,Moffetta M,5.0,positive
5845,"Il muro, o meglio i muri sono due, molti non lo sanno che muri sono stati costruiti distanti uno dall'altro per rendere quasi impossibile la fuga, in mezzo una strada ed a fianco garrite che rendevano quasi impossibile l'attraversamento. Pochissime persone sono riuscite a scavalcarli ed attraversare la strada sempre pattugliata anche con cani.",per non dimenticare, 6 maggio 2017,giramondo,1.0,negative
411,"Alla sera si respira un'aria molto confortevole, si trova sempre il localino che si adatta alle proprie aspettative sia per la cena che per il divertimento, con novità di tendenza",Sempre molto caratteristico, 29 novembre 2015,Innocente F,4.0,positive
17898,"Mi hanno portato a visitare i Navigli a Milano. Ho visto una marea di persone inimmaginabile. SInceramente non sono stato entusiasta, anche perchè non c'era granché da vedere e/o da visitare tranne gli innumerevoli locali che distribuivano birra a volontà. Sinceramente non ci tengo a ritornarci. Piuttosto andrò a visitare altri luoghi più interessanti che ci sono a Milano, tipo qualche mostra di pittura o una visita al Castello sforzesco.",Tantissima gente e tanta confusione, 24 maggio 2018,FLV-66,2.0,negative
16526,"Central Park è senza dubbio una tappa obbligatoria per chi decide di visitare la grande mela!!!! Si possono svolgere diverse attività all'interno di questo immenso parco: dal pattinaggio su ghiaccio a una bella corsa mattutina,da un giro in carrozza(decisamente troppo caro) a un giro immerso nel verde in bicicletta ! Io e la mia ragazza risiedevamo vicino al Museo di Storia Naturale e la mattina era una piacere passeggiare all'interno del parco per arrivare sulla 5th avenue(15minuti di camminata). Il parco è pieno di scoiattoli che si avvicinano ai turisti! Consiglio vivamente la visita del parco per chi trascorre qualche giorno a New York!!!",Come in un Film!!!!, 3 gennaio 2017,IlGiulioelaBetta,5.0,positive
16289,"Sono stata in visita con la mia famiglia domenica 12 giugno. La valutazione negativa è riferita alla disorganizzazione totale della gestione dell’edificio.Parto dai controlli dove ci è stato negato l’accesso poiché eravamo in possesso di bacchette per suonare la batteria acquistate poco prima all’Hard Rock. Ci viene richiesto di lasciarli altrimenti non sarebbe stato possibile entrare se non entro tre giorni dall’acquisto dei biglietti… ma nonostante avessimo i biglietti prenotati con orari stabiliti, all’entrata ci viene comunicato che all’1 la visita sarebbe terminata in quanto avrebbero dovuto ospitare una celebrazione eucaristica. La navata sinistra non è accessibile poiché è l’ingresso dedicato ai fedeli, tutta la zona della navata centrale è delimitata da divisori per  riservare lo spazio alla preghiera. Per l’ingresso alle terrazze, anche se con orari prestabiliti, c’è una lunga fila d’attesa terminati i cento scalini non si può neanche ammirare al meglio tutta l’area poiché coperta da pannelli e strutture per il restauro! Al costo di 15€ per visitare l’interno, le terrazze a piedi e l’area archeologica, si aggiungono 2,50€ per l’acquisto di un velo per coprire le gambe e le spalle, più il prezzo dell’audioguida (in quanto senza non conoscereste la storia che si cela dietro). La maestosa ed imponente struttura è comunque meravigliosa, con le coloratissime vetrate, la cripta, il battistero, le guglie e l’organo più grande d’Italia, patrimonio artistico e culturale di cui andare fieri se non fosse per il solito scopo di lucrare!",Meraviglioso ma…, 14 giugno 2022,Raffaella Passaro,2.0,negative
4808,"Vista al tramonto, oltretutto andataci di proposito, sono rimasta un po' delusa. Me l'aspettavo più imponente, più grande... Ma è un simbolo della città e non potevo non farci un salto. ",Pensavo meglio, 25 agosto 2019,Stefania,2.0,negative
13906,"Si tratta di una parte molto vecchia e brutta di Milano che sta cominciando a essere rinnovate ma è molto lontano dall'essere bello , in realtà è piuttosto unatractive un mercatomolto unatractive non volerci vedere . siamo venuti in un sabato a vedere il mercato e, inoltre, era , la sualontano dal centro della città ci siamo sentiti molto delusi qui",Lo sportello posteriore di Milano, 3 ottobre 2018,TonyCardenas,1.0,negative
843,"La cattedrale in sé non ha bisogno di loro o di recensioni. Purtroppo invece la gestione del sito non è di pari livello. Scendendo al battistero non tutte le didascalie sono tradotte anche in inglese.Inoltre la navata principale non è percorribile fino alla fine e questo non solo durante la messa (come è comprensibile e giusto che sia ) ma in generale. Salendo le scale per raggiungere le guglie inoltre si arriva fino al tetto dove poi si trovano impalcature e lavori di restauro che non permettono di proseguire oltre, senza che questo fosse segnalato al momento di comprare il biglietto.",Gestione discutibile., 18 settembre 2018,58grazia,3.0,neutral
19588,"Grande zona verde all'interno di Manhattan, caratteristica la zona dedicata a John lennon con artisit che ripropongono brani del cantante. Per il resto una enorma zona verde con un laghetto all'interno.",una grande zona verde all'interno di Manhattan, 5 agosto 2022,Paolo B,3.0,neutral
14653,"Visto per la prima volta,Una volta entrati non sapevamo da che parte cominciare!È immenso, splendida camminata.Unica nota peccato se piove!Difronte al museo di storia naturale",Una città!!!, 3 gennaio 2016,Vida,5.0,positive
2860,"Che dire il duomo e' il duomo...fa gia' da parte sua la parte del leone, e' un po'macchinosa l'organizzazione e biglietteria per la salita, la cattedrale internamente a mio avviso dovrebbe essere piu' curata e sopratutto con maggior sicurezza. sempre bello visitarla",da milanese..ogni tanto ci vuole un ripasso, 18 ottobre 2016,Marco B,3.0,neutral
12172,"niente di che effettivamente.. si c'è vita, locali e ristoranti ma forse mi aspettavo qualcosa in più ",mi aspettavo meglio, 12 febbraio 2019,Aleeee90,2.0,negative
8979,"Per essere un parco artificiale, nato da un idea e non esistente da sempre, è davvero un posto sorprendente. Lo abbiamo girato in tandem ed è stato una continua scoperta. Un meltin pot unico di persone provenienti da tutte le parti dl globo e capaci, ad esempio, di raccogliersi intorno alla mattonella di IMAGINE cantando in coro la famosissima canzone di BEATLES. Un luogo unico capace di far sentire tutti comunità.",Un simbolo della maestosità statunitense, 30 luglio 2018,Vito P,5.0,positive
10370,"Luogo oggi strafamoso tra i turisti italiani e no, fino a 70 anni fa zona molto popolare e povera di Milano. Non fatevi ingannare dalle insegne retrò e dai locali pseudo romantici: i più vecchi non hanno più di quarant'anni e prezzi e qualità dei locali fluttuano senza una vera ragione. Interessanti i negozietti di oggetti vintage o quelli che riparano vecchie radio, oppure vendono abiti militari. Diffidate dei quadri in vendita, per lo più vecchie ""croste"", e cercate la casa di Alda Merini, la grande poetessa milanese da poco scomparsa che qui abitava. Le poche pietre dove le lavandaie si consumavano le mani a lavare la biancheria dei ricchi si sono conservate nel ""Vicolo Lavandai"", di fianco al ristorante ""Al Brelin"". vi si svolgono spesso mercatini delle pulci, mercatini delle piante in primavera e simili. Recatevi di prima mattina, per non finire schiacciati nella calca",Dove la tradizione popolare si mescola al pittoresco un po' artefatto, 24 gennaio 2019,Maria,3.0,neutral
12233,"Ho potuto visitare questa sorta di memoriale in ricordo del Genocidio eseguito dai nazisti, ebbene forse non l'ho capito io ma non è per niente valorizzato (parere personale) e nemmeno curato come dovrebbe essere, camminando fra la distesa di blocchi a varie altezze si sente la freddezza e l'abbandono ma io sinceramente avrei eseguito un opera diversa con maggior cura e maggior impatto verso i visitatori....Comunque va visitato per non dimenticare lo scempio fatto...",Memoriale?..., 8 gennaio 2020,claudioz69,3.0,neutral
1513,un pò di delusione perchè mi aspettavo il duomo più grande...e anche la piazza.. e poi troppa gente!,un pò di delusione.., 9 marzo 2019,TonyT,3.0,neutral
2544,"Sicuramente è una zona piena di locali ma oltre quello nient' altro.Dicono sia la zona bella ed in di Milano ma personalmente non condivido questo pensiero.Ovviamente un passaggio conviene farlo,ma ripeto oltre i locali non aspettatevi altro.",Piena di locali, 12 gennaio 2015,Savydrums,2.0,negative
7384,troppa attesa per entrare  troppo caldo non organizzato come si deve dispersivo rispetto ad altri musei,troppa attesa per entrare, 28 febbraio 2018,andrea_catanzaro95,3.0,neutral
7382,Sicuramente la peggiore attrazione di New York. Sarà anche il polmone della città ma è anonimo e noioso da visitare. Ricordo solo camminate infinite con sporadiche distrazioni architettoniche. Inoltre ci sono pochi bagni (io a dir la verità non ne ho visto manco uno ma mi fido della mappa),Una noia mortale, 20 settembre 2016,aletuve,2.0,negative
2419,"Ci sono stata in autunno ed è veramente un posto magico. Il polmone verde di NEW York ha  dei colori incredibili, gli alberi sembrano stati accostati per dare un effetto scenico. È' sempre pieno di gente, tantissimi bambini che hanno spazi dedicati a loro, artisti di ogni genere, sportivi che corrono, persone semplicemente sedute sulle panchine a godersi il parco. È' ben tenuto e ci sono tanti scoiattoli sui prati. È' molto grande e girarlo in bicicletta è' forse la soluzione migliore, le gite con le carrozze non sono economiche.Ci sono dei laghetti e varie statue sparse, ci sono anche dei punti panoramici dai quali si vedono degli scorci di paesaggio molto belli. È' un posto da non perdere.",Magico, 25 novembre 2017,S-PARENTI,5.0,positive
12602,Berlino è sempre stata una città che mi affascina e infatti una volta visitata ha confermato tutto. Monumenti strepitosi e maestosi. Luoghi affascinanti e pieni di storia. ,Museo a cielo aperto , 4 novembre 2019,Christian F,5.0,positive
9626,"Bellissimo il posto ma abbiamo avuto molta paura a causa delle varie sottospecie di maranza che invadevano a ondate la piazza, combattendo coraggiosamente a suon di Alicante e sacoche gucci tarocche contro i grandi proprietari del luogo: i piccioni.Questi ultimi avevano un grande esercito di turisti al loro seguito che armati di flash e cappellini hanno combattuto inutilmente contro i grandi conquistatori: gli zanza. ",PAURA, 5 settembre 2022,Edoardo V,3.0,neutral
5251,Siamo andati lungo i navigli e alla Darsena a Milano con i ns.nipotini per vedere le barche con a bordo due tenori che percorrendo il naviglio arrivavano alla Darsena cantando delle canzoni di repertorio lirico e natalizie.Una serata particolare e da ripetere senz'altro il prossimo anno.,Atmosfera natalizia, 4 maggio 2019,daniela_arcari55,1.0,negative
13078,"Ho visto parchi DECISAMENTE piú belli. Central Park ha molta fama ma conviene continuare a guardarlo bene in tv visto che dal vivo é solo un grandissimo parco senza uno straccio di manutenzione, senza zone curate come aiuole, fiori, prati...ci sono alberi rinsecchiti ovunque e non potati. ","Grande si, ma non curato", 3 aprile 2018,Lia B,1.0,negative
10943,la location non aiuta certo a capire il vero significato. Ormai un'attrazione turistica e niente più.,per dire che ci sei stato, 25 giugno 2019,gusma,3.0,neutral
5774,"Abbiamo partecipato al giro organizzato per l’ora di merenda da Neiade sul Naviglio Grande e Darsena sul motoscafo Corsaro: organizzazione eccellente gestita con professionalità, cortesia ed efficienza dai due membri dello staff presenti a bordo. Promesse mantenute in tutto e per tutto: ottima cioccolata calda/te accompagnati da biscotti di buona pasticceria, equipaggio di ospiti variegato (compresi bambini) molto ben accomodato a bordo. Lo spettacolo del Naviglio Grande  nel periodo natalizio è unico e affascinante, così come l’arrivo in Darsena con accompagnamento (fortuito ma graditissimo) di fuochi d’artificio e giochi d’acqua. Questo ha reso in parte impraticabile la Darsena e per ovviare a questo piccolo inconveniente il comandante ha deciso di prolungare la navigazione sul Naviglio Pavese fino alla Conchetta: anche qui siamo rimasti tutti a bocca aperta davanti alla chiusa leonardesca vista dall’acqua. Brava Neiade! Bravo equipaggio! Sempre più bella Milano! ",Magico, 29 dicembre 2019,56Tetto,5.0,positive
155,Mi aspettavo il parco più grosso e ben tenuto tipo quelli di Londra ...C'è da dire che a dicembre la vegetazione non è rigogliosa...comunque bello lo scenario con i grattacieli che fanno da contorno!!! Pochi artisti e chioschi per prendere anche una sola bottiglia di acqua.... ,Deludente, 25 febbraio 2016,CristinaM,3.0,neutral
9035,Ormai è  un rito ogni volta che siamo a NY passeggiata x Central Park. Un momento piacevole nel verde ma tra i grattacieli. Se avete tempo fittate anche una barca. Come sempre stupendo!,Rilassarsi, 24 agosto 2016,seav66,5.0,positive
2175,"Si prenota con giorni di anticipo, si paga non poco per salire con ascensore e si sceglie un orario tra varie fasce. All'arrivo, con buon anticipo, ci viene detto che l'orario è indicativo e che si deve fare la coda. Il che significa sbagliare l'orario prescelto di almeno 30-45 minuti.Organizzazione da rivedere.",A che serve l'orario della prenotazione?, 19 aprile 2022,Papapizzo,1.0,negative
8727,Da visitare! Se possibile acquistate i biglietti online per fare una fila più breve (un po’ di fila c’è sempre essendo dovuta ai controlli di sicurezza). Bellissima la sezione dei pittori fiamminghi/olandesi. Buono ed economico anche il ristorante all’interno che torna utile dato il tempo necessario alla visita.,Uno dei musei più importanti al mondo, 15 aprile 2019,Raffaele T,5.0,positive
19352,"Museo enorme con opere di grande valore e di artisti molto famosi. Unico problema è che è forse disposto male, non c'è un vero e proprio percorso di visita e ritrovarsi a dare un senso logico alle varie sale coi dipinti non è sempre così facile.",Bello e imponente ma mal organizzato, 29 novembre 2019,Virginia R,3.0,neutral
16708,"Visita che impegna non meno di tre ore, vista la numerosità degli artisti e  delle opere esposte. Una collezione di capolavori che non si può mancare di vedere se si è a Madrid",Capolavori da ammirare, 8 giugno 2018,ROBERTO B,5.0,positive
5154,"Semplicemente bellissimo. Un'oasi verde circondata da splendidi palazzi.Non esiste posto che non ti faccia ricordare una scena di un film.Ci vorrebbe una vacanza intera per girarlo.Attenzione: non è tutto in piano !!!! Armatevi di buone scarpe e allenamento se girate in bici. Per i pigroni esistono le carrozzelle o calessini con autista ciclista, ma i prezzi sono davvero alti.",Bellissimo, 26 agosto 2016,lorefabi,5.0,positive
12919,"Luogo di memoria. Purtroppo ho visto una ragazzina poco intelligente che giocava e saltava sopra i blocchi di cemento, probabilmente anche i genitori erano poco intelligenti e non hanno capito il luogo che stavano visitando.",Luogo di memoria...ma non per tutti!, 19 agosto 2019,Lidia C,4.0,positive
13796,"Central Park è fantastico.. Un parco enorme che ha tutto.. Si sta davvero bene li.. Io ed il mio ragazzo ci siamo stati due volte durante il nostro soggiorno a New York, l'abbiamo girato a piedi e non ce l'abbiamo fatta a vederlo tutto, è immenso !!    Strawberry Fields è una bellissima zona del parco dedicata a John Lennon, ci sono artisti di strada che cantano le sue canzoni.. Un posto magico.. Poi i vari laghetti, splendidi.. La parte che più ero impaziente di vedere è conosciuta come The Mall a Central Park, è il tunnel di alberi che si vede spesso nei film.. Fantastico.. Poco prima di arrivare lì, siamo passati da una piazza piena di gente che ballava suonava e cantava.. Un calore incredibile ed un'atmosfera unica! New York è magica e Central Park è il cuore della magia!! ",Un posto stupendo!, 5 settembre 2015,Marika,5.0,positive
1985,"Per chi come me è un appassionato di storia tedesca è stata una mezza delusione.Tantissime foto,molte già viste e riviste in molti libri,audioguide solo in tedesco,qualche documento (solo in fotocopia) Insomma niente di originale,bello certamente per  i neofiti,ma niente più.Per essere in Germania e a Berlino mi aspettavo molto molto di più.Chissà dove tengono le raccolte e testimonianze più belle e toccanti del periodo.",Niente di che, 8 gennaio 2017,Fabio,2.0,negative
18081,"Un tempo sede del più importante monastero femminile della città, ricostruita nel ‘500, è interamente decorata con affreschi e viene indicata come la ""Cappella Sistina"" di Milano. Il monastero era già documentato in età carolingia, occupava larghi spazi, ma grandi parti sono andate distrutte. Quello che oggi resta è meraviglioso. Gli affreschi coprono ogni più piccola parte e sono tutti da ammirare. Si parla di quasi 4000 metri quadri di stupendi affreschi di scuole diverse: da quella leonardesca a quella di Bernardino Luini. Anche il bel coro ligneo è da ammirare. Si perde nell’insieme, ma va visto con attenzione ai suoi particolari. Merita assolutamente una visita, un capolavoro unico.","Stupenda, fantastica, unica", 12 gennaio 2016,PieroFranco,5.0,positive
8131,"Forse mi sono creato delle attese troppo elevate oppure essendo nato nella città con il parco recintato più grande d'Europa sono abituato bene! Ad ogni modo è un must irrinunciabile, tenuto benissimo e con scoiattoli che si mettono in posa per le foto...Le critiche sono più che altro rivolte alla viabilità, one way in senso antiorario per le biciclette che non possono praticamente abbandonare l'anello esterno perdendosi gli scorci più belli del parco.",Natura a Manhattan, 12 agosto 2016,Robi Andreoni,4.0,positive
1614,"Forse perchè vivo in campagna o forse perchè idealizzavo troppo questo parco ma sono rimasta delusa. Non vi è una zona di esso che non sia affollata e soprattutto rumorosa. Tutti si sentono in diritto di suonare, cantare o avere casse per ascoltare musica a tutto volume....Ok siamo a N.Y. ma un pochino di pace non guasterebbe. Comunque da visitare almeno una volta.",Chissà cosa mi aspettavo, 29 maggio 2017,Doriana32,2.0,negative
2195,mi aspettavo di vedere una zona bellissima. ho sempre sentito parlare della zona come di un quartiere in di milano ma lasciamo perdere.mi sento di dire che sono trascurati passati non curati una delusione. i negozi i ristoranti tutto in genere e' ancora aperto ma sara' il periodo capodanno sara' che non vanno piu' di moda ho trovado questa zona squallida sorpassata che avra' avuto certamente in passato un suo fascino ma oggi e' in piena decadenza,delusione totale, 2 gennaio 2014,soezo,2.0,negative
5400,Non ci mangerò mai più in questa fogna a cielo aperto! L’aperitivazzo sui Navi? Ma anche no grazie. Meglio una pizza take away e una birra nel bar dell’indiano che profuma di te. ,Una fogna a cielo aperto! , 29 maggio 2018,Filippo_Barbieri,2.0,negative
11300,Un pò fuori dal percorso turistico ma assolutamente da non perdere. Un grazie ai volontari disposti a darti esaurienti informazioni.,Particolare, 24 ottobre 2016,Giulio B,4.0,positive
9190,"Personalmente trovo che siano ampiamente sopravvalutati. Probabilmente il fatto che si trovino alla periferia della città li rende così apprezzati. In realtà non offrono niente di più di localini furbi dove farsi spennare. Visitati prima che inizi la movida si possono vedere le vecchie case di ringhiera e gli antichi lavatoi, poi tutto viene sommerso da un un fiume umano.",Sopravvalutati, 11 dicembre 2015,gabrichicca,2.0,negative
19947,"Locali in ogni dove, i navigli da mangiare li chiamerei. Hanno il loro fascino... di una Milano da bere!Carini ma credo che a Milano ci sia altro. Da farsi però una passeggiata ",Affascinanti, 18 aprile 2019,Giuseppe C,3.0,neutral
11924,"È ancor più bello che visto in uno dei tanti film in cui appare. Stupendo quando coperto dalla neve, unico luogo di aria nelle arsure estive. Resta il desiderio di passeggiarci in autunno, dove raggiunge il massimo.",Fantastico, 22 giugno 2016,RubHagrid,5.0,positive
8787,Non perdetevi l'occasione di visitare questo gioiello. E grazie ai volontari del T.C. che assicurano l'apertura e le visite.,Meravigliosa, 19 dicembre 2016,Ellis,5.0,positive
3137,"Visita di non più di 5 minuti, giusto per una foto ricordo e nient’altro. Neanche nei dintorni c’è niente di interessante.",Deludente, 14 ottobre 2019,Mat1teo,1.0,negative
13559,Veramente grande. Pur seguendo i percorsi alla fine si finisce un po' per andare a caso. E' comunque molto curato e merita una visita. Gli zaini devono essere lasciati agli ingressi dove ci sono appositi armadietti  con una cauzione di un euro che verrà alla fine restituito.,Immenso, 8 giugno 2019,Fabio D,4.0,positive
10081,Sicuramente un luogo da visitare ma personalmente le aspettative sono state abbastanza deluse. Alcuni bei murales contrapposti ad altri anonimi o bruttini. Bello il lato fiume con bei localini dive poter sorseggiare qualcosa di fresco durante le giornate di calura estiva. Visto una volta non è un posto dove tornerei.,Da vedere ma..., 31 luglio 2019,F P,3.0,neutral
18618,"Il voto medio non è per la qualità delle molte opere contenute, bensì per un percorso di visita poco lineare che costringe spesso a tornare sui propri passi. Misterioso il misto del piano terra che pone di seguito medioevo e Goya. Anacronistico il divieto di foto in tutti gli ambienti.",Una maniera di esporre un po’ datata., 12 luglio 2022,Francesco Z,3.0,neutral
3007,"Sono rimasta delusa dalla mia visita a questo museo (Settembre 2018).  magari visitarlo in gruppo è più divertente. Nel complesso, bella struttura e staff cordiale",Delusa, 7 settembre 2019,Maria G,1.0,negative
17542,"Sono stato con mia moglie entrammo dalla parte dove ce il Palace hotel,appena entrammo vedremmo un laghetto c'era un uomo che stava pescando e tiro fuori un pesciolino,a quel punto si avvicinarono 3/4 animaletti abbastanza grandi tanto e vero pensai che era scoiattoli ma guardando meglio era proprio dei Topi di fogna a quel punto andammo via addio Central Park.",Pessina esperienza, 19 agosto 2018,Naprobo,1.0,negative
14534,"Bello, ordinato, pieno di bambini, scolaresche, turisti..... Tutto ordinato e perfetto come nei film. Una passeggiata assolutamente da vivere.",Come in tv, 29 dicembre 2016,JackOleim,4.0,positive
6796,"La zona pedonale che va dalla Darsena lungo il Naviglio Grande si presenta gradevole dal punto di vista paesaggistico, ma si apprezzerebbe maggiormente se si evitassero gli atteggiamenti spagnoleggianti dei camerieri dei vari bar lungo la strada che propongono con invadenza il loro locale: è evidente che se voglio sedermi per mangiare o bere qualcosa, lo faccio senza bisogno di venire sollecitato.Fra l'altro, i locali, a prima vista, non stimolano certo una sensazione di pulizia e di qualità dei prodotti. Da paese incivile gli scarabocchi sui muri, ormai contrabbandati per arte da strada. Molti turisti stranieri ma di basso livello (sandali infradito, pantaloni corti, tatuaggi esagerati, necessità di docce anti sudore).Insomma, si apprezzerebbe di più se frequentato meglio.",Paesaggio intrigante ma non accogliente, 5 giugno 2016,Paolo P,2.0,negative
11339,Chiesa affrescata totalmente da Luini. Un piccolo gioiello a due passi dal sant'Ambrogio e Piazza Cadorna. Una piccola deviazione che vi lascerà incantati!,Da non perdere!!!, 24 agosto 2016,Lorsurf,5.0,positive
18775,"un concerto di colori e poesia,gestito con garbo e dedizione dai volontari touring.Tenuto aperto tutto l'anno",lo stupore del rinascimento lombardo, 13 aprile 2017,ggigino47,5.0,positive
14274,Prima volta ai navigli è sono rimasto davvero colpito dal suo fascino e dai tantissimi locali presenti su entrambi i lati che offrono aperitiva a tutte le ore.,Da vedere, 2 ottobre 2022,armrus,5.0,positive
4674,Niente di speciale  solo giusto per passare una giornate nel verde . Scappare un po dai grattaceli inormi.Si puo nollegiare una bici per girare con comodo per 20 dollari 2 ore.,Central park, 26 aprile 2018,Ibrahim H,2.0,negative
9124,Posto meraviglioso. Ma se mangi dello street food piccante e poi ti scappa di andare in bagno sono dolori. Restroom difficilissime da trovare,Mancano i bagni, 28 maggio 2018,silesile,2.0,negative
5574,"In una calda domenica primaverile, passeggio un paio di ore tra darsena e navigli, e penso che non mi piacciono i luoghi troppo affollati e mitizzati come questi.Molto sporco e decadente.",evitabile, 2 aprile 2018,cufidus,2.0,negative
7629,"Allontanarsi dal traffico di New York e immergersi per un paio d'ore in questo luogo è doveroso! L' abbiamo girato sia in bici che a piedi, facendo jogging...bellissimo ",Paradiso!!, 10 luglio 2016,Fabrizia D,1.0,negative
16011,"E' un giardino immenso, pieno di gente e di animali, soprattutto scoiattoli che vengono a mangiare tra le tue mani. Non è difficile incontrare artisti di strada con i loro spettacolini accattivanti, persone a prendere il sole, quelle che fanno jogging, vanno in bici o passeggiano. Consigliata la passeggiata intorno al lago e il fitto di una bici. Visitare il central park è stata una delle più belle giornate che ho trascorso e new york e la sensazione che si prova nell'uscire da per pezzo di natura per ritornare alla frenesia della grande mela è indescrivibile!!",Molto bello!!, 18 settembre 2015,Mipiacelabirra,5.0,positive
6951,"Scuramente un punteggio medio per il Prado è una valutazione severa, tenuto conto dell'immensa bellezza delle sue collezioni. Vi sono conservati capolavori di pittori spagnoli, ma anche del resto del mondo e ogni sala racchiude un tesoro. Ma non avevo mai visto un museo di tale livello (e ne abbiamo visti ben più di uno) organizzato così male. La visita diventa una fatica immane dato che, seguendo audioguida e il minuscolo pieghevole fornito, sembra non esserci un percorso logico tra le innumerevoli sale e troppo spesso trovare l'opera descritta risulta una vera caccia al tesoro. Ne siamo usciti distrutti dopo ore di visita. Spero di ritornarci in futuro trovando un museo più ""amichevole"".Il ristorante interno è di qualità media e con prezzi più cari di quelli cittadini.",davvero poco organizzato, 28 giugno 2022,galadiel67,3.0,neutral
12186,"Central Park é un posto Bellissimo,  sia perchè questo è un fatto, tutto curato, con i vialetti, con il ""campo di fragole"" in ricordo di John Lennon, la fontana, la statua di Alice nel paese delld mersviglie o di Balto ... poi c'è l'aspettativa che hai nella testa data da film,  racconti di amici, libri e giornali, foto.... tutto vero. La realtà è anche  che quest'anno ho trovato Central Park bellissimo MA invaso dai topi. Non topolini di campagna, proprio toponi! !! Ne abbiamo visti di notte e ci siamo detti vabbeh è notte, escono attratti dagli avanzi di cibo lasciati sulle panchine o nei cestini. Poi ci siamo stati di giorno ed erano comunque li!!! La cosa assurda è che le persone li guardavano come fossero scoiattoli. .. indifferenti.... secondo me assurdo che a New York possano accettare una cosa del genere !!!😡",Bellissimo ... ma ?!, 25 agosto 2016,triccioli,2.0,negative
17583,"Mezza isola di Manhattan è occupata da questo parco perfetto per bambini, sportivi e turisti. È l'unica zona di Nyc dove potete vedere il cielo. Attraversato da varie strade è l'ideale per correre soprattutto nelle zone più a nord dove arrivano meno turisti. Dimenticatevi di attraversarlo tutto a piedi. La possibilità di perdere l'orientamento è molto alta ma niente panico... Basta guardarsi intorno e trovare una delle tante uscite verso le due strade che lo delimitano a est ed ovest. Consiglio il giro in bicicletta per potersi godere o due immensi laghi e le enormi aree verdi a nord. Svariati musei sono all'interno o ai lati del parco.",Un parco grande come mezza isola, 6 aprile 2016,Raffastaffa2,5.0,positive
3828,"Il Central Park mi ha sempre attirato perché al centro di New York e di moltissimi film. Ci ho corso diverse volte la mattina presto, devo dire tanta polizia sempre, e tanto ordine e rispetto. Il parco è davvero molto bello con tanti angoli famosi. Ma il parco di Monza non si batte!!",Visita con mio papà , 31 maggio 2018,Bonettiarreda,5.0,positive
12299,"Organizzazione da rivedereLa quantità e la qualità delle opere esposte è di tutto rispetto.Peccato che l’organizzazione della sequenza delle opere proposte nei vari percorsi con la numerazione delle stanze è allucinante. Il voto all'organizzazione da 1 a 10 per me è zero.Nella visita si perde almeno un’ora per orientarsi fra le stanze.Un suggerimento facile facile per migliorare la visita … ogni stanza deve avere un numero univoco, eliminate i numeri XX/a e /b fanno solo confusione.",Museo bello ma organizzazione da rivedere, 9 agosto 2019,rgrape10,3.0,neutral
1428,"Una numerazione dele sale con un ordine più logico aiuterebbe maggiormente, non si dovrebbe attraversare 5-6 sale per raggiungere il numero più basso e poi rifare il cammino a ritroso. Comunque tante, tantissime belle opere (una buona parte di artisti italiani) in un ambiente che aiuta a disperdere la calca e l'affollamento ",Caotico ma meraviglioso, 5 settembre 2019,PParas,5.0,positive
5342,"Dopo aver camminato e camminato per New York entrare a Central park e come lasciarsi alle spalle tutto il caos e lasciarsi trasportare in giro per le stradine o in riva al lago o meglio fare un giretto con la bici e poi in barca insomma un po di relax  lontani dal centro caotico,bellissimo.",Cuore verde., 15 novembre 2018,tuliana,5.0,positive
8503,"Era aperta alle 19! I volontari FAI sono insostituibili, chiedete a loro per qualsiasi cosa. Gli affreschi si devono vedere per apprezzarli.",Affreschi bellissimi, 21 marzo 2019,Patrizia G,5.0,positive
15410,"I Navigli, con le case popolari, gli ambienti bohémiens e le vecchie osterie, godono da qualche anno di grandissima popolarità e sono stati aperti numerosissimi ristoranti e pub. La qualità non è però andata a pari passo, anzi è decisamente scesa, mentre ovviamente i prezzi sono saliti. I menù si sono imbastarditi e i piatti tipici della tradizione milanese si sono rarefatti o sono cucinati mediocremente. Peccato! Sono le conseguenze del turismo di massa",troppo turisticizzato, 9 luglio 2016,pictor,3.0,neutral
17805,Bellissima chiesa un stile gotico. Assolutamente da visitare. Stupenda opera d'arte simbolo di Milano. Stupendo! ,Bellissimo , 19 dicembre 2018,Michele C,5.0,positive
8013,"Io sono dell'idea che almeno una volta nella vita ""bisogna""andare a New York e vuoi non far visita al parco di tutti i parchi?Merita veramente anche se nel nostro caso l'abbiamo visitato a piedi velocemente e non per intero,in ogni angolo ti sembra di esserci già stata perché l'hai visto più volte girato nei film,Central Park e tutta Manhattan sono veramente magiche!!",Bellissimo!!, 12 giugno 2017,Claudia R,3.0,neutral
16394,"Premetto che i due pallini sono stati attribuiti soprattutto perchè l'organizzazione della visita non é stata, a mio giudizio, all'altezza della precisione teutonica. Avendo organizzato il nostro viaggio a Berlino con largo anticipo, mi sono informata sulle modalità di visita al Reichstag, vista la sempre notevole affluenza di pubblico. Ho quindi prenotato la visita sul sito, con le modalità indicate (seguendo scrupolosamente quanto suggerito) ed ho infine fissato la data e l'ora della mia visita. Dopo alcuni giorni, ricevo una mail nella quale mi si dice che l'orario ed il giorno prescelto (tra quelli, a suo tempo, dati come disponibili) devono essere cambiati e ci vengono proposte nuove soluzioni. Scelgo tra le alternative proposte e ricevo puntuale conferma: mi viene specificato che in caso di visite di Stato o lavori del Parlamento successivamente calendarizzati, la visita potrà essere annullata. E questo, ovviamente, ci sta. Un paio di giorni prima del viaggio, mi arriva una mail in cui mi si dice che, per sopraggiunti lavori del Parlamento, la visita non é più possibile e non ci sono altre date disponibili nei giorni in cui noi (in 2 persone, non in 15...) saremo a Berlino. Prendo atto della cosa e comprendo che i lavori di un così importante organismo, non possono soggiacere alle necessità di due turisti italiani. Senonché, il giorno e l'ora previsti per la visita, ci rechiamo egualmente al Reichstag, anche se solo per una visita esterna, e troviamo una fila di persone in attesa della visita stessa, che evidentemente, quindi, poteva essere fatta.... in quel momento si avvicinano persone che organizzano visite a pagamento (non proprio a buon mercato, almeno quelli che ci hanno contattati nell'occasione)  e ci offrono, pagando, la possibilità di effettuarla. Onestamente non ci é piaciuto molto questo approccio e non abbiamo accettato, però non capisco il motivo per cui a noi é stato detto, dagli uffici che prenotano le visite e che sono indicati dal Reichstag stesso, che la quella prenotata - ripeto, con largo anticipo - non era più possibile.",Organizzazione non convincente, 15 febbraio 2019,Ilaria57,2.0,negative
8408,"Le opere d'arte eterne che sono in questo. Museo ne giustificano ampiamente la fama, tra Goya, Rubens e Raffaello ci si perde nell'ammirarle.Ci si perde nel vero senso della parola perché la loro disposizione è poco chiara e non vengono per niente valorizzate.Oltre a questo la scortesia del personale è imbarazzante, nel museo non è permesso fotografare e spesso chi prova ad effettuare uno scatto furtivamente viene rimproverato come un bambino dell'asilo da gente che probabilmente non ha nemmeno l'idea di dove si trova.","Museo eccezionale, organizzazione scadente", 10 agosto 2019,Angelo,3.0,neutral
3512,"Tanto osannati questi Navigli, poi la delusione di trovare una brutta periferia, brutte case, una serie inutile di locali tutti uguali, con un canale di scolo in mezzo. Mi hanno lasciato solo tanta tristezza.",Brutti, 22 ottobre 2018,Camilla R,1.0,negative
6315,"Parti del famoso muro di Berlino che divideva la Germania dell'est dalla Germania dell'Ovest. Un muro che serviva per dividere, isolare è diventato una galleria a cielo aperto, pieno di opere significative e molto belle. merita la visita.Gratuito, lungo la strada, da ammirare passeggiando",Dal letame nascono i Fiori, 27 febbraio 2020,Clara O,5.0,positive
10293,"Bellissima esperienza in bici, noleggiata a pochi dollari. Per completare il giro ci si impiega 1h circa, ma consiglio di prendersela con comodo e fermarsi a gustare i paesaggi che offre il polmone verde di NY.Ovunque giri nel parco è stato girato un film, consiglio anche di fare un giro a piedi e di inoltrarsi nel centro del parco.La posizione in città è ottima per proseguire il viaggio verso qualsiasi destinazione. Assolutamente consigliato ",Giro a piedi e in bici, 10 agosto 2019,A&S,5.0,positive
513,"Decidiamo di prenotare la visita al Museo prenotando su internet e pagando il supplemento “salta fila” così da godere l’intera mattinata nel museo. Appena arrivati ci rechiamo al banco delle audio guide e qui veniamo a conoscenza che sono disponibili solo in lingua spagnola e inglese….niente Italiano. Sarebbe stato carino segnalarlo anche nelle info sul sito, così da avere l’opportunità di prenotare una visita guidata, guide a disposizione solo all’esterno del museo.  Abbiamo chiesto una guida cartacea e ovviamente non era disponibile.Molte delle opere presenti sono di pregio ma abbiamo trovato la disposizione alquanto singolare, specie nella esposizione delle opere italiane (anche Caravaggio) poco valorizzate. Luci non sempre adeguate alla buona fruizione delle opere. I musei non devono solo contenere.",Visita…..guidata, 9 ottobre 2021,Bianca per sempre,2.0,negative
19387,"un posto unico in una metropoli così caotica, perfetto per praticare sport o per starsene tranquilli e rilassati.",stupendo, 4 maggio 2016,tomma s,5.0,positive
17949,"Un parco un po' più grande del normale , niente di che.  Se una persona passa l'oceano per visitare New York non lo fa di certo per vedere alberi e foglie.  Lasciate perdere. ",Niente di che..., 23 ottobre 2015,Riveela,1.0,negative
10567,"Per visitare questo edificio ed entrare nella parte più interessante, ovvero la cupola di vetro, è necessario effettuare la prenotazione (è possibile farla online oppure recarsi personalmente nel gabbiotto poco distante, scegliendo l'orario di preferenza).Una volta entrati e passato il controllo di sicurezza (leggete bene cosa potete introdurre negli zaini), si prende un grande ascensore e si viene condotti fino alla base della cupola in vetro (tenete la giacca perchè la cupola è aperta sulla sommità e c'è parecchia corrente). Giunti qui, potete richiedere un'audio-guida gratuita che funziona tramite dei sensori di posizione: percorrendo la rampa, sarà la voce guida a dirvi di fermarvi e osservare la città, fornendovi tantissime informazioni su edifici, storia e curiosità. E' stato davvero super interessante e ci ha aiutato tantissimo ad orientarci in cattà anche nei giorni successivi.",Vedere Berlino da una cupola di vetro, 10 gennaio 2020,La regina della scarpetta,5.0,positive
12251,"Nessun problema di fila ad entrare, ma all'interno la disposizione delle sale rende un po' difficile la visita. Ovviamente non si discute il patrimonio artistico presente che è veramente incalcolabile.",Caotico , 13 febbraio 2020,Antonella C,2.0,negative
8274,"Acquistiamo il biglietto on line (Duomopass) per evitare le lunghe file alla biglietteria. Un addetto ci consiglia di salire prima sulle terrazze per poi scendere dall'interno direttamente in Duomo. Buon consiglio. Abbastanza rapidamente saliamo sulle terrazze e, nonostante l'alta affluenza che nei punti più stretti costringe a qualche fila, arriviamo fino alla terrazza principale. Gran parte di essa non è accessibile per lavori di restauro in cui è coinvolta anche la struttura che sorregge la celeberrima Madonnina. Ma apprendiamo che i lavori di restauro sono abbastanza frequenti. Da qui iniziano le dolenti note. Dalla terrazza, anche a causa dei lavori, non si riesce a comprendere come scendere in Duomo. Un addetto a cui chiediamo informazioni ci invita a leggere i cartelli, che indirizzano invece verso la zona chiusa per restauro. Finalmente ad una terrazza inferiore troviamo del personale gentile che ci fornisce le corrette indicazioni. Arriviamo così davanti ad una fila mostruosa che scopriamo essere quella per l'ascensore. Noi cercavamo le scale. In mezzo alla folla troviamo un'addetta che ci comunica che le scale per la discesa sono ancora chiuse (ore 12.00 di un giorno festivo) e sta cercando di farle aprire ma che comunque, anche se non compreso nel biglietto, possiamo comodamente usufruire dell'ascensore ... facendo la fila mostruosa!!!. Finalmente, dopo insistenza di tutti quelli che avevano optato per la discesa a piedi, la signorina comunica l'apertura delle sospirate scale. Ci dirigiamo verso le stesse, superando la fila per l'ascensore, tra lo scontento di chi non comprendeva  perchè passavamo avanti. Insomma basterebbe qualche piccolo accorgimento per non far incorrere i turisti in spiacevoli situazioni. Per quanto riguarda il monumento, magnifico. Dalle terrazze all'interno, dalla Cripta di San Carlo alle vestigia del Battistero, tutto da non perdere, ma un pò più di organizzazione e gentilizza contribuirebbero a lasciare nella mente e negli occhi del turista solo la magnificenza del luogo e l'unicità dell'esperienza.",Come perdersi in un bicchiere d'acqua, 13 gennaio 2019,HelenJo71,3.0,neutral
14257,"Metri e metri di   murales banali,  pacchiani e retorici .  Street art ? ma per favore.  Per me non vale proprio la pena di perderci tempo.","1,3 km. di sbadigli", 13 settembre 2019,CVZ66,2.0,negative
17234,"avendo avuto l' occasione di visitarlo 15 anni addietro, si rimane stupiti da come sia stata modificala la logica del luogo",troppo rivisitato, 29 settembre 2019,Stefano M,2.0,negative
17162,"Beh, i canali sono belle, ma almeno durante il mio viaggio è stato posto tranquillo e sporca. Niente per me e persino la gente del luogo mi ha detto di andare altrove.",Noioso?, 20 luglio 2016,646visitor,3.0,neutral
14050,"Una semplice camminata vicino a un muro pieno di murales,,,non vi perdete niente se nn ci andate,, e se nel caso vi deludesse cm é successo a me , li vicino c’è un grande centro commerciale ",Muro di Berlino , 15 dicembre 2018,kekkoje,2.0,negative
12491,"Ci sono un sacco di ristoranti, negozi, street food qui! L'hotel è vicino al Duomo. È più un hippy e battevo area.",Ottimo luogo di ritrovo, 22 maggio 2017,Kai,5.0,positive
5182,"Non amo particolarmente i parchi,ma questo è spettacolare!!Belli i laghetti e la statua di Alice nel Paese delle Meraviglie.Grandi prati verdi con gli scoiattoli che giocano indisturbati.",Bello., 22 giugno 2018,Federica M,1.0,negative
11650,"Luogo in realtà bellissimo e la darsena recentemente ricostruita si presenta come luogo di ritrovo per giovani e non nel fine settimana. Peccato che ciò porta degrado, ubriachi e persone molestie. Da poco ho visto la vigilanza sul naviglio. Ma anche tanti ragazzi giovani sdraiati a terra per l eccessivo uso di alcolici. Peccato.",Senza infamia e senza lode, 16 settembre 2018,AlexSulleNuvole,2.0,negative
17931,"Assurdo! All'ingresso poca gente, il covid ci assiste. Appena arriviamo, lo staff del museo ci dice che non possiamo entrare con lo zainetto pur essendo presente il multiderector. Chiediamo dove poter depositare lo zaino ma ci dicono che dobbiamo portarlo in hotel!!!! Possibile che una struttura così importante non sia dotata di una zona deposito? Fortunatamente ha prevalso il buon senso di un vigilante che ci ha fatto mettere lo zainetto in una busta di plastica... ",No zainetto! , 19 luglio 2020,tiziano g,3.0,neutral
13922,"Era da qualche anno che non visitano il Duomo, pur abitando a Milano. Con l'arrivo di alcuni amici veneti abbiamo approfittato per andarci....ENTRATA A PAGAMENTO!!!! Non esiste proprio. Neanche il Vaticano è a pagamento. Anche se sono solo 3 euro nessuno entra in Duomo da solo, sempre in compagnia di qualcuno...la Cattedrale bellissima come al solito, ma le impalcature che chiudono la vista di  gran parte della Chiesa ...Non esiste. ",Mah..., 2 giugno 2019,cridambra,2.0,negative
14123,"Il parco e' grande  passeggiare correre ,  è stato molto carino affittare la barchetta a remi sul laghettoPer girare munitevi di scarpe comode alla cartina sembra piccolo ma sono kilometri quadrati ",Rilassati e respira, 4 settembre 2015,Manuela D,3.0,neutral
7960,"Si tratta di un luogo sicuramente affascinante e particolare. Purtroppo troppo poco valorizzato secondo me, in particolar modo bel mesi freddi.Si tratta di un luogo sicuramente da visitare ma lo consiglio soprattutto a chi visita Berlino nei mesi più caldi o almeno nelle giornate di sole.",Bello ma nei giorni giusti, 10 dicembre 2022,Veronica C,3.0,neutral
12024,"Per quanto mi riguarda è stata la parte più bella di Berlino, il muro ricoperto di graffiti è davvero un'opera d'arte, andate a vederla",Assolutamente da vedere, 7 marzo 2022,LaZiaJ,5.0,positive
3162,Il restauro è fatta in maniera mirabile e i volontari sono motivati al punto di essere commoventinel trasmettere lò amore per questa autentico capolavoro della storia di Milano,Ballando con le stelle si può commuovere, 18 ottobre 2016,Giampaolo B,5.0,positive
2787,"Da vecchio milanese non posso che amare il rione che si sviluppa attorno ai navigli Grande e Pavese, anche perché ho abitato quasi in riva alla darsena quando ancora funzionavano i barconi. Del resto le attrattive, gli angoli pittoreschi, gli scorci caratteristici non mancano davvero. Il ponticello ad arco e il Vicolo dei Lavandai, le alzaie e il lento fluire dell'acqua, i magnifici cortili e gli studi dei pittori, certi riflessi al tramonto e l'ombra di Alda Merini che sembra passeggiare ancora tra noi, tutto questo dà un'impronta unica e indimenticabile all'intero quartiere. E allora perché assegnare un punteggio così basso? Perché dalla sera in poi, e per tutta la notte, l'intera zona è sostanzialmente preclusa a chi vuole apprezzarla in tranquillità. Non è più - non dico ""fruibile"" - ma nemmeno avvicinabile, tanta è la confusione, il chiasso, l'inciviltà di troppi. Non rimane che visitarla al mattino, ma è un limite imposto e non tutti possono permetterselo.","Bello e caratteristico, ma invivibile di sera e di notte", 1 ottobre 2016,fi_decorso,2.0,negative
10844,"enorme, bellissimo, pieno di vita, caratteristico insomma, da vedere assolutamente!Io personalmente ho amato fare jogging a central park",Jogging USA, 4 giugno 2020,Alessandro M,2.0,negative
1738,"Allettati, mia moglie ed io, da una pausa di verde in una valle di cemento come Manhattan, decidiamo di noleggiare due biciclette ed andare in Central Park. All'interno diverse attrattive tra cui il piccolo zoo, la statua di Balto, di Alice, più laghi ecc. Il traffico di persone anche all'interno era incredibile e, cosa che meno mi è piaciuta, l'impossibilità di girare in bici a proprio piacimento. C'è un senso di marcia obbligato anche per le biciclette! Bici che possono circolare solo sulla strada principale all'interno del parco mentre in tutte le altre vanno portate a mano. Tanto valeva non affittarle. Peccato. ",Verde ma affollato come la fifth , 16 agosto 2018,Riccardo C,3.0,neutral
11310,a vederlo in foto sembra solo un ammasso di blocchi di cemento messi li in ordine... ma camminando in mezzo rende bene l'idea tra saliscendi vari nonostante la sequenzialità rischi per un attimo di perderti ,se non sei li non rende, 20 maggio 2019,235paolop,3.0,neutral
6594,Per gli amanti dei due pittori se no è semplicemente una esposizione di quadri tetri e oscuri un po’ ansiante e poi è caro il biglietto molto meglio spender i soldi altrove come lo zoo magari,Noioso, 14 novembre 2018,Zeddapiras,3.0,neutral
10165,"Un posto spettacolare, il polmone di New York, il parco è immenso, consiglio di noleggiare una bici e godersi lo spettacolo! Ci sono tantissimi scoiattoli che corrono per ilParco! Davvero bello! I colori della natura ti lasciano senza parole ",Che colori!, 6 dicembre 2017,Giuseppe991,5.0,positive
6871,"Salve, io non sono una turista ma una cittadina che vive a Milano da 15 anniIl giorno 18 agosto sono venuta con due amici di Valencia per far loro vedere il Duomo di MILANOIo  volevo solo andare alla mesa intanto che loro facevano il giro turistico;per prima arriviamo al ingresso e ci mandano a prendere i ticket(io ho detto che non sono una turista ma che voglio andare alla mesa)invece no,""dovete comprare i biglietti', facciamo la lunga strada dal ingresso alla biglietteria (e assurdo fare una biglietteria cosi lontana dal ingresso,un altro svantaggio per i turisti)Dopo che paghiamo(che già pagare per entrare in una chiesa e da vergognarsi, ma la religione dove e? pure quella dobbiamo pagarla 3 euro,che mondo che state creando mamma mia)  torniamo al ingresso ed se come avevamo le spalle scoperte ci manda indietro a comprare i mantelli da 2.5 euro, un altro furto, 7.5 e buttati nelle tasche della chiesa  non e finita/al secondo ingresso prima di fare quei controlli ho tolto apposta il mantello e lo tenevo in mano per vedere cosa dicono, sa cosa hanno fatto? MI HANNO PASSATO ADDOSO IL CONTROLLA METALLI,PURE SULL MANTELLO CHE TENEVO IN MANO ED ERO CON LE SPALLE SCOPERTE(UN VESTITO LUNGO NERO MA CON LE SPALLE SCOPERTE siamo a 35 gradi )SONO entrata senza che  nessuno(al secondo ingresso erano in 4)mi diceste:SI COPRIALLORA LE COSE SONO CHIARE/MARKETING E MACHINA DI SOLDI A GO GO,A NESSUNO IMPORTA COME ENTRO NELLA CHIESA UNA VOLTA PAGATO INGRESSO E MANTELLO   CHE DELUSIONE:BOCIATTO","PESSIMA ESPERIENZA ,TRATTA MALE E DERUBATA COME CITTADINA DI MILANO ED NON TURISTA", 21 agosto 2019,Bianca Maria,1.0,negative
16621,"Poca attenzione nei dettagli, niente da dire per le opere ma ci sono un paio di disattenzioni: museo organizzato bene ma è facile perdersi senza la mappa date le poche indicazioni, alcune opere non si vedono al meglio data la luce  probabilmente posizionata male o troppo forte di intensità",Disorientante, 26 gennaio 2019,Vittorio,3.0,neutral
18642,Inserita in un tour di Milano preparato per un amico che è venuto a trovarci da Bari. Una tappa da non perdere.,Tour per Milano, 17 settembre 2020,Mirco R,3.0,neutral
18597,Abbiamo pagato € 20 in un taxi per arrivare lì e non c'è niente lì solo una. Canale con ristoranti entrambi i lati! Speravo di bar ma sono una rarità a milano,Noioso, 28 maggio 2014,7508martin,1.0,negative
11453,"Odio i navigli. Belli da vedere se vieni da fuori, ma sbagliatissimo frequentarli se vivi a Milano. Ci sono i peggiori cafoni che vivono a suon di apericena.",odio i navigli, 15 agosto 2019,Manuel C,2.0,negative
2277,"Sembra assurdo, ma è un luogo piuttosto anonimo, non suscita nessuna emozione nel fruitore. Delimitato da un lato dal fiume, dall altro una mega arena e un centro commerciale. Murales deludenti e piuttosto brutti. E' un luogo da vedere per la sua unicità almeno una volta nella vita, ma non di più e personalmente non tornerei a vederlo.",Da vedere ma deludente, 29 luglio 2019,Ghepard97,2.0,negative
3928,"Un pezzo di natura all'interno dei grattacieli. Un luogo veramente bello, veramente tenuto bene e soprattutto pulitissimo. Da italiano non avrei mai creduto di trovare un parco cosi curato a New York, in Italia ce lo sognamo... Probabilmente gli americani hanno un senso civico migliore del nostro.La cosa che più mi ha fatto rimanere a bocca aperta è stata la notte di capodanno, una cosa da un altro pianeta vedere festeggiare migliaia di persone di ogni età, da 1 anno agli 80 anni, nel modo più tranquillo possibile. Nessuno aveva bottiglie di spumante per farti il bagno, niente petardi, niente risse... solo qualche ubriaco ma si contavano su una mano.",Un isola verde nel mare di New York, 3 gennaio 2017,Samuele,5.0,positive
19409,"Il vero polmone di new York.  Uno dei luoghi più caratteristici di tutta la città, consigliato per un pomeriggio assolato ed una fuga dalla città ",Imperdibile , 16 aprile 2017,Raudy21,5.0,positive
8732,"Confusionario, opere ammassate alle pareti senza un apparente criterio logico. La maggior parte delle opere sono Italiane, di spagnolo c'è veramente poco",Sopravvalutato, 6 gennaio 2020,anna B,3.0,neutral
6482,Organizzazione mediocre.L'audio guida non consente una visita  guidata che permetta una sequenza logica del museo.Molto dispersivo.Non mi ha soddisfatto per niente.,Mediocre, 3 maggio 2023,ROBERTO R,2.0,negative
11235,"Piuttosto una distanza dal centro del Duomo. Siamo andati a piedi ma è lunga passeggiata. A mio parere non perdete tempo. Ho trovato squallido e sporco. I canali non sono ben tenute. Le foto sul web fanno sembrare attraente, ma si mangia a tutti.",Pessimo, 19 ottobre 2013,pilsmum,1.0,negative
4408,Non vale nemmeno un occhiata. Mi chiedo. Perché è come può essere valutata da tripadvisor meglio del duomo c e qualcosa che non va ,Perché meriterebbe?, 10 dicembre 2018,fabio f,1.0,negative
10125,"Vi prego, tirate fuori le telecamere e ditemi che sono vittima di un programma tv di scherzi: trovo assurdo che io possegga un bonus cultura da 500 euro e non possa usarlo per visitare una delle più belle e importanti testimonianze della nostra cultura e della nostra storia. Infatti, innanzitutto ho provato ad acquistare un biglietto online, ma erano disponibili solo due combinazioni: una escludeva le terrazze e l'altra permetteva di salirci solo con gli ascensori del servizio fast-track, che costava molto di più di un biglietto normale. Di conseguenza ho aspettato di comprare il biglietto direttamente presso la biglietteria e dopo lunghi minuti di attesa, arrivata allo sportello non mi è stato spiegato perché non potessi comprare una delle combinazioni con le terrazze più economiche. Anzi, oltre al danno anche la beffa: non so per quale strano motivo ma la biglietteria non accetta il pagamento con la 18 app, affermando che si possa fare solo dal sito. Io dico, devo aspettare di andare in biglietteria per scoprirlo, quando è troppo tardi?! Il duomo sarà bello quanto volete ma dovrebbe esserci una maggior chiarezza sul sito e soprattutto la possibilità di usare il buono per vedere l'intero duomo, senza la fregatura di dover comprare il biglietto più costoso. Infatti, vale la pena salire le terrazze a piedi perché sono stupende e ci si mette massimo 5 minuti.",Ridicolo, 20 settembre 2019,La Recensitrice,1.0,negative
6189,"Lo consiglio a tutti, è talmente grande che si rischia di perdersi. Consiglio di affittare le biciclette per girarlo tutto. La visita allo zoo è d'obbligo!",Turismo , 1 novembre 2016,Davide S,5.0,positive
12826,"eccezionale luogo di culto, gigantesco, immenso. Una delle chiese più belle del mondo, senza dubbio alcuno",capolavoro, 15 marzo 2019,ALIGE,5.0,positive
2797,"I navigli sono da vedere, sia di giorno, sia di sera. E' una tappa obbligata e pieno di movida durante la sera. L'unica cosa che volevo aggiungere è che bisogna tenere gli occhi ben aperti, sono frequenti gli scippi e certe zone molto buie sono pericolose.",Tappa obbligata a milano, 8 settembre 2014,vale185,3.0,neutral
11731,Il Duomo di Milano è semplicemente straordinario e rende il centro unico e indimenticabile. Lascia sempre aBocca aperta!,Sempre eccezionale, 17 giugno 2017,EU 4ever,5.0,positive
15886,"Sono stato più volte a visitare questo posto, l'ultima a gennaio 2019, purtroppo sempre di sera essendo a Berlino per lavoro.Ma, nella sfortuna di non aver potuto visitare le sale sotterranee, ho avuto l'occasione di addentrarmi tra i blocchi, al buio.Esperienza fortemente emotiva, che amplifica ancora di più il significato dell'opera.Luogo da vedere e da far vedere, e soprattutto da capire.",Visita notturna, 8 marzo 2019,MOSTRONOVECENTO,5.0,positive
18708,"diciamocelo... a Milano ci sono solo poche cose da visitare, tra cui il duomo. Si affascinante , ma niente di speciale.. molte città con più storia sono presenti sul suolo italiano di cui ne vale la pena visitare.. MILANO= SHOPPING e punto",NIENTE DI PARTICOLARE, 16 settembre 2019,livornesedocche,2.0,negative
11717,"Ma chi lavora al Duomo ha ordine di non sorridere? Sicuramente mancano di affabilità! Chi lavora al pubblico dovrebbe prendersi cura del cliente!Peccato perché la visita sarebbe bellissima se non ci  fossero impalcature ovunque a rovinare paesaggio e foto!Sinceramente, per il prezzo del biglietto, non certo economico, ci si aspetta qualcosa in piu! ",Un biglietto da quasi 30€ per vedere impalcature.... , 12 ottobre 2020,daniela c,1.0,negative
12057,"Molto carino un po’ dispersivo.Siamo entrati durante il periodo di tempo gratuito dalle 18/20 il martedì , per queste cose il personale è poco chiaro.La mostra è carina ",Carino, 30 maggio 2018,DanielaBertoldi,3.0,neutral
14032,"Grandioso, memorabile, imperdibile. Non potete dire di aver visto Madrid senza essere passati da qui. Il sabato dalle 18:00 è addirittura grauito...",Museo del Prado, 17 febbraio 2020,Il Coach,5.0,positive
3529,"Il duomo di Milano è bello da visitare, con degli affreschi che colpiscono molto, consiglio di visitarlo. Pieno di religiosità ",Bello, 5 luglio 2021,giamat85,5.0,positive
2674,"Bel museo, fate i biglietti prima, eviterete codeMolte opere, peccato siano quasi tutte tra il 1500 e 1800Mancano tutti i pittori contemporanei",Tante opere , 3 gennaio 2020,Piano_F,4.0,positive
15244,"Lo sviluppo del quartiere Navigli ha prodotto il moltiplicarsi di  locali di tutti i tipi e con una frequentazione non sempre rispettosa, molti maleducati ed incivili. L'offerta nella zona è altissima a discapito della qualità. Si affollano truppe e bande di ogni genere che pensano solo a fare chiasso dopo aver bevuto troppo. Assolutamente da ridimensionare.",La zona è troppo affollata, 25 gennaio 2016,Pietro F,1.0,negative
11233,"Maestoso palazzo di stampo sovietico che incute rispetto. Per visitare la cupola occorre necessariamente prenotare. Non solo per saltare la fila, come avevamo letto sulla guida. Non si accede senza prenotazione ed è raccomandabile farlo con largo anticipo. Noi infatti non siamo riusciti a salire. Maestoso dall'esterno, è valso comunque un salto. E una foto di rito.",Imponente e maestoso, 7 settembre 2019,Valentina A,3.0,neutral
835,"Trovo ridicolo menzionare questo posto come attrazione turistica. In una Italia bellissima,piena di chilometri e chilometri di costa, dire che i Navigli siano belli da vedere è veramente singolare. A mio avviso si tratta unicamente di due canali a volte anche maleodoranti. Senza parlare delle zanzare che ti assalgono ferocemente.Forse è un luogo simbolo per la gioventù milanese che lo ha come punto di riferimento.In Italia sono ben altri i posti che meritano attenzione.",Ridicolo, 10 ottobre 2016,Maurizio A,1.0,negative
16849,"Purtroppo la darsena ha subito un cambiamento peggiorativo.Avere a disposizione l'acqua e non sfruttarla , bisogna essere veramente stupidi.Si poteva fare tutto ad eccezione di quello che hanno fatto, una boscaglia abbandonata e sporca.",Una volta c'era l'acqua, 24 dicembre 2012,Vladimirto,2.0,negative
16602,Bellissimo il Duomo .Più di 80 min per poter entrare. Due militari al controllo sicurezza che rallentano affisso di turisti.Scandaloso per una città come Milano.,Scandaloso , 3 gennaio 2019,terazzan,1.0,negative
2690,"Bel parco, ma come tutta New York mi aspettavo ben altro. Pieno di gente, avrei voluto mangiare qualcosa ma a parte i baracchini degli hot dog o gelati non ho trovato niente.",E' un parco., 8 settembre 2015,ginoGoffri,3.0,neutral
2470,X chi non l'avesse mai fatto consiglio di fare una visita in piazza Duomo e galleria Vittorio Emanuele nel periodo natalizio. Devo dire che è veramente molto suggestivo  si respira la magia del Natale con il suo albero gigantesco  il mercatino  e le luminarie sui palazzi circostanti. Poi c'è la galleria che ti lascia a bocca aperta con il suo albero di svaroski e l'illuminazione della cupola centrale    ,Piazza del Duomo  nel periodo natalizio, 5 gennaio 2020,antoniofargnoli,1.0,negative
16670,"Un luogo che molti amano ma che, a mio avviso, dovrebbe essere più valorizzato. La Sporcizia è sovrana. Troppo buio, troppo nero o colori scuri. Niente di che nonostante la presenza di locali interessanti",Mah , 11 febbraio 2017,Flo89,2.0,negative
6755,"Passare a New York senza un giretto a Central Park, significa non aver visto la città. A piedi, in bici, ovunque... caminare perdersi e ritrovarsi nel polmone della città ",Mitico , 25 novembre 2017,Francescodacrema,1.0,negative
16707,"gente, gente, gente dappertutto.locali inutilmente costosi con qualità-prezzo scarsissima, pieni e stravalutati, senza merito.sporcizia derivata dall'inciviltàimpossibilità di parcheggiare",un carnaio sopravvalutato, 1 maggio 2017,Massimo P,2.0,negative
14260,"Mi rendo conto che un museo che ha così tante presenze possa avere difficoltà a gestirne i flussi ma onestamente la visita è stata molto faticosa. Il museo naturalmente ospita delle opere meravigliose ed è immenso. L'audio-guida mi è sembrata superficiale e nonostante non fosse super affollato in alcune sale c'era talmente tanta confusione che non si riusciva a godere davvero delle opere (troppi gruppi in contemporanea, persone che chiacchierano ad alta voce). Sinceramente un po' delusa dall'organizzazione...",Caotico, 9 maggio 2018,BL59,3.0,neutral
345,"x chi vive in città il caos dovrebbe essere oramai facente parte del proprio essere...ma nn x me; questa zona di giorno il traffico la fa da padrone...di sera potrebbe essere addirittura romantica se nn ci fossero tutti quei locali che intrattengono gli avventori, troppo vicini gli uni agli altri...troppi ubriachi in giro e tra gli altri si nascondono i borseggiatori...un vero peccato x la mia città!!",caos, 6 giugno 2013,Alessandra B,2.0,negative
3796,"Forse la cosa menobella della città... troppo acclamata, molto meglip altre zone visibili anche con il cityboat",Niente di che, 26 maggio 2019,Antonio L,2.0,negative
4817,"Passeggiare lungo ciò che resta del Muro, ammirando i murales ed il messaggio che la cultura popolare e non istituzionale ha voluto lasciare su quelle pietre.Alcuni di questi murales sono arcinoti, il bacio tra Breznev ed il Segretario della DDR o la Trabant che sfonda il muro. Anche quelli meno famosi e fotografati però lasciano qualcosa dentro al turista che cammina nella storia recente, ",Passeggiata suggestiva, 4 gennaio 2020,GusGoose83,5.0,positive
11768,"Sulla bellezza del museo niente da dire, su come è organizzato nemmeno...ma le opere presenti non erano di mio gradimento...probabilmente Goya e Velasquez non fanno per me.Nota importante: coda infinita per entrare in orario serale perchè dalle 18.00 alle 20.00 c'è l'ingresso gratuito.Però leggendo bene le informazioni scritte vicino all'ingresso si legge la possibilità di entrare (sempre dopo le 18.00), senza coda da ingresso riservato, pagando metà prezzo. Considerando che le riduzioni sono comunque valide, gli studenti entrano gratis in ogni caso (con student card italiana) e gli adulti paganti intero possono visitarlo a 7,50€ anzichè 15,00€. Se siete disoccupati non gli basta che sia scritto sulla carta d'identità..ma vogliono un foglio che attesti la disoccupazione.Per chi non vuole passarci mezza giornata..direi che è un'ottima occasione per non spendere molto!",Bel museo...ma non fa per me!, 26 agosto 2018,Jamalamal,3.0,neutral
3563,"Disposizione delle sale caotica, non mi ha entusiasmato. Vista la fama che ha pensavo molto meglio...","Vale solo il nome, se avete poco tempo passate oltre.", 1 maggio 2018,Gaia S,1.0,negative
1951,"Get your guideVisita con guida tedesca che ci ha risoIn faccia quando ha visto che eravamoItaliani e non parlavamo tedesco.Alla richiesta di alcune info in inglese,Ci ha risposto con supponenza che avevamo acquistato il tour in tedescoE ci ha deriso di fronte al gruppo.Un atteggiamento di grandeIgnoranza !!!",Reichstag, 3 marzo 2019,Marco B,1.0,negative
10912,"Il duomo di Milano, nella sua imponenza e maestosità, è sempre bello visitare. Un grande valore artistico. Ora occorre avere pazienza per la fila e i controlli di sicurezza per entrare. Ma si viene appagati di poter ammirare tanta bellezza.",bellissimo, 27 gennaio 2019,K-Kamelia,5.0,positive
18641,"A differenza di quello che c'è scritto sul sito del Duomo, anche se si prenota, si deve fare da una a due ore di coda per entrare sulle terrazze. Per l'entrata al Duomo dipende dall'orario. Un po' di coda c'è sempre anche solo per entrare nella chiesa.",Coda anche se si ha la prenotazione, 8 aprile 2023,Roberta R,1.0,negative
10315,"Un luogo incantevole per una passeggiata di notte o di giorno. Bellissimi negozi, edifici, la vista e l'atmosfera. Ottimi ristoranti",Vale la pena di visitare - un gioiello nascosto, 13 gennaio 2013,BristolPete1,5.0,positive
18937,C'era una buona scelta di ristoranti canalside variegati che offrono una varieta' di opzioni di menu. Unico inconveniente è stato valore ampiezza media e l'interruzione continua di pasto da venditori ambulanti di fiori ecc. sui tavoli esterni.,Buona scelta Dominicane locali, 26 gennaio 2017,Jonathan B,3.0,neutral
3020,"zona molto divertente di milano, piena di ragazzi e ragazze nei piccoli bar lungo il naviglio. locali molto low cost",zona giovanile, 2 gennaio 2017,waltertagliaboschi,3.0,neutral
1442,"Central park è un rifugio spirituale dalla caotica città di New York... E' stato un vero piacere rilassarsi in quel parco. Do 3 stelle perchè il lago che si trova all'interno puzza di una maniera nauseante, da vomito. In alcuni punti è trascurato. Ci ritornerei volentieri...ma starei lontano dal lago.",Un pò di verde..., 17 giugno 2016,Achille1985,3.0,neutral
151,"Non si può andare a Berlino senza passare per la East Side Gallery, ma purtroppo è diventato un luogo troppo turistico. Invece che essere ammirato per i bellissimi graffiti, ormai viene utilizzato dai visitatori come lo sfondo di foto ricordo in stile fashion blogger, che personalmente trovo di poco gusto, questo vale specialmente per i tratti più noti, per i quali dovrete fare la fila anche solo per riuscire a vederli.Considerato quanto sopra consiglierei di farsi una passeggiata nelle ore meno affollate, per esempio di prima mattina. Nonostante tutto, ho trovato la passeggiata lungo il muro, di circa 1km, particolarmente toccante.","Luogo imperdibile, ma molto turistico", 4 novembre 2018,Giulia C,3.0,neutral
459,"Abbiamo visitato questo memoriale che salendo sulla terrazza del memoriale si capisce bene cosa poteva essere la divisione durata 30 anni! Si scende alla stazione metro che veniva chiamata stazione fantasma perché quando c’er Il muro alcune stazioni erano state chiuse ed il treno passava ma senza fermarsi , e all’interno della metro c’e una piccola mostra fotografica con le cartine di quando erano state chiuse . Davvero interessante. E dato che non porta via molto tempo , credo sia una visita da non perdere. La salita alla terrazza è gratuita",Per non dimenticare..., 8 marzo 2019,feduccy,5.0,positive
3734,"Se devo essere sincera mi aspettavo di più. Sicuramente la zona è caratteristica ma non offre molto, se non una serie di innumerevoli locali, bar, pizzerie, ristoranti e pub.... Non fate la gita in barca... sconsigliatissima... un vero furto 14€ a persona per 50 min su una barca lentissima senza che venga spiegato nulla...",Deludente..., 26 aprile 2018,Diana N,2.0,negative
8708,"I mercati doveva essere il giorno che abbiamo visitato, ma erano così. Abbiamo anche fatto una gita in barca sul canale, che era rilassante, ma non c'è molto da vedere. Ci sono posti carini in cui mangiare qui ma non c'è molto altro da vedere. Abbastanza deluso con il nostro giorno, era abbastanza piacevole ma non era niente di speciale.",Navigli è una non da me., 16 maggio 2016,Rache24,2.0,negative
13187,Central park è una delle prime cose da visitare a new york. Anche se è al centro delle strade di manatthan è assolutamente silenzioso con solo il cinguettino tranquillo dei passerotti e le zampette degli scoiattoli. Stupendo,Davvero magnifico, 21 aprile 2016,Letizia L,5.0,positive
14722,"Una chicca, è la seconda volta che ci torniamo. E' la nostra piccola a sistina"". Chi non la ha mai vista ci deve andare assolutamente",Una chicca, 1 settembre 2018,_Fabio_018,5.0,positive
11380,"La struttura si presenta bella e maestosa, c’è davvero tanto ma proprio tanto da vedere, noi come scuola abbiamo commesso un enorme errore, ovvero quello di visitarlo senza una guida di conseguenza, gli alunni si sono subito annoiati e siano usciti dopo pochissimi minuti!",Viaggio d’istruzione, 30 aprile 2019,Massimiliano M,2.0,negative
4534,"Su questo tratto dell'originario muro, lungo poco più di un chilometro. Artisti più o meno famosi hanno disegnato murales che rappresentano la storia di Berlino e della Germania dell'ultimo secolo. I dipinti si susseguono alcuni coloratissimi altri in bianco-nero, alcuni comprensibili altri necessari di spiegazione. E' un discreto manufatto da visitare, soprattutto per gli amanti del genere.",Iconografia dei cambiamenti a Berlino, 3 febbraio 2020,Donato s,3.0,neutral
19727,"L’idea non è male, ma prima di portare i turisti forse sarebbe stato meglio sistemare gli argini. Si passa in mezzo a lavoro in corso, ferraglia e rottami di ogni genere. La spiegazione registrata è ridicola. Decisamente mal organizzato.. sconsiglio la spesa di 15 euro da spendere in qualche locale. Fate il giro a piedi, molto meglio!",Delusione, 19 agosto 2019,Elisa B,2.0,negative
18041,I navigli sono molto carini e piacevoli belli i locali che puoi trovare in zona ottimo posto dove fare un buon aperitivo e stare in compagnia ,Tipico milanese , 21 gennaio 2018,Pasquale P,3.0,neutral
11742,"Non sono molto appassionato dello stile classico dei dipinti raffiguranti, per la maggior parte, scene di quotidianità o ritratti!!!Non essendomi informato prima (mia ignoranza) mi aspettavo anche un po’ di arte moderna o astratta. Comunque, se si passano pochi giorni a Madrid è un giorno di questi dovesse piovere, lo consiglio!!!dico se dovesse piovere perché per me la città merita decisamente di più!!!",Se dovesse piovere...., 17 dicembre 2018,Emiliano,3.0,neutral
4634,"Purtroppo devo dire che mi ha deluso, pensavo di trovare un monumento più integro invece ho trovato solo un piccolo tratto di muro senza significato, non mi è piaciuto",RIMASTO POCO, 25 giugno 2018,GiuseppeN88,3.0,neutral
15960,MA PER FAVORE!!!! sono tornato dopo qualche anno e già  non mi avevano entusiasmato.Ero andato di sera e con i ristoranti aperti e la gente per strada era una bella vista .Bella ma nulla di che.Di sabato mattina,Ma per favore, 2 aprile 2022,soezo,2.0,negative
18050,"Un polmone verde in una città frenetica.Mi sono emozionata, mi sentivo dentro un filmAnimali che non avevo mai visto da vicino.",Dentro un film , 26 ottobre 2018,Madagascar,5.0,positive
4483,Bellissimo il naviglio di Milano.. bellussimo andarci ai navigli per aperitivi o cene... licali molto carini alla moda anche da queste parti...,Movida...., 17 febbraio 2019,Patrizia R,4.0,positive
6434,Non si può immaginare quanto sia grande questa oasi di verde nel centro di New York. Vale la pena trascorrere almeno un'intera giornata nel parco noleggiando le biciclette e girarlo nella sua interezza,Fantastico, 19 settembre 2018,Stefano T,5.0,positive
1204,"Luogo suggestivo e molto bello, troppo affollato di gente che rideva strillava e correva in un luogo che dovrebbe invece far riflettere.",Suggestivo , 23 luglio 2019,DeboraP,3.0,neutral
41,"Freedom. Un museo a cielo aperto..murales ,street art per la libertà e la pace.. No more walls ,freedom",No more walls, 28 febbraio 2019,AndreaM16192,5.0,positive
14392,"non mi ha entusiasmato più di tanto credevo meglio, poi sarà anche un caso di sera mi fa molta paura anche perché ho visto ragazzi poco raccomandabili aggirarsi nelle vicinanze. ",mi fa un po paura, 28 agosto 2015,Erasmo P,3.0,neutral
9259,Ero stata ai Navigli diversi anni fa e fu un'esperienza alquanto deludente direi...tornata in questi giorni di festività natalizie ho avuto una piacevole sorpresa un luogo incantevole un po vintage dove perdersi senza il caos dei turisti consiglio una sosta pranzo o aperitivo ad Officina 12 un locale dove la vecchia Milano incontra lo stile moderno da non perdere!,Una scoperta, 4 gennaio 2020,DomenicaSerroni,5.0,positive
13342,"Chi va a Berlino,non può perdersi questa escursione.Per me è stata bellissima,non importa il tempo che si perde per registrarsi e prenotare la visita.Il parlamento  ha alla cima una cupola di vetro trasparente  da cui vedere Berlino a 360 gradi e con le audioguide puoi scoprire tanti luoghi o particolari di questa città.",Escursione  da non perdere, 18 maggio 2019,maria antoniett... b,5.0,positive
19562,"Bellissimo e grande ! Sembra non finire mai, tutto molto caro nello stile new York ! Verdissimo e soleggiato , proprio come bei film ! ",Da sogno, 29 ottobre 2017,Tammitammaran,5.0,positive
6385,Visita con immagini e documenti storici L unica pecca era solo in inglese e tedesco L immagini però parlavano da sole ,Storia di Berlino, 17 gennaio 2017,patrical70,2.0,negative
7578,"Il Duomo fa sempre un certo effetto, stupendo. Il posto é sempre affollato ed é normale. Consiglio di farci un salto!",Spettacolo, 31 marzo 2019,Isabella G,4.0,positive
16428,"Bellissima la visuale dall’alto di Milano, ma pessima la scelta di far pagare il biglietto A prezzo pieno quando metà della struttura è inaccessibile per via dei lavori in corso.",Metà duomo chiuso per lavori, 20 marzo 2019,Veronica P,2.0,negative
12396,Sono rimasto deluso dalla visita. Vista in TV me la aspettavo molto diversa più storica... peccato l'impatto non mi ha dato sensazioni particolari. ,Deluso, 1 aprile 2023,GianlucaB-CristinaG,3.0,neutral
15575,"Il museo è molto grande ma già dalla fila di ingresso ti rendi conto della scarsa organizzazione. Noi avevamo già acquistato il pass art che consente l’accesso salta coda a questo museo + il reina Sofia + thissen. Negli altri due tutto ok ma qui abbiamo comunque dovuto fare una fila X farci timbrare i biglietti. Non parliamo della fila al guardaroba sia per depositare che per ritirare (fila unica!). Ma la cosa peggiore è sicuramente la mancanza di un itinerario da seguire, il museo è grande e rischi di perderti delle opere importanti. Vale la pena di andare comunque, non fosse altro per la magnificenza opera di Bosch!",Museo dispersivo e poco organizzato , 13 marzo 2018,PrendereilVolo,3.0,neutral
14180,"La movida a Milano si muove molto tra i Navigli e se volete locali questa è una delle zone da vedere, anche se a mio parere architettonicamente il posto è quasi squallido.Per giovani",Movida, 15 ottobre 2015,Theredand,3.0,neutral
295,Tappa obbligatoria per chi visita new york... consigliamo di fittare una bici (se ne trovano parecchie nei pressi del parco) in modo da poterlo vedere tutto... si estende per parecchi km;,che spettacolo!, 26 novembre 2015,giamega,5.0,positive
9588,"Nulla di entusiasmante. Un luogo di evasione dal caos del centro con molti locali per un aperitivo o per un pranzo/cena. Luogo che, tolti i locali, ho trovato triste.",Delusione, 31 ottobre 2021,Jessica G,2.0,negative
5462,"Ci siamo capitati per caso una mattina passeggiando a zonzo per la città,  sarà che era inverno, ma acqua non ce ne era, in compenso c'erano un sacco di rifiuti,  altro che Napoli!",deludente, 2 dicembre 2014,r3ziel,2.0,negative
532,"Il percorso illustra come Gestapo e SS abbiano deliberatamente usato il terrore come strumento politico. L'esposizione è interessante, però potrebbe essere organizzata meglio. Ci sono audioguide in italiano, ma è piuttosto complicato capire a cosa si riferiscono i diversi punti. Sui pannelli ci sono dei numeri, ma non sono gli stessi cui fa riferimento l'audioguida, che inoltre illustra solo una parte dal molto materiale fotografico esposto.  Viene distribuito un depliant che dovrebbe spiegare come muoversi, ma é anch'esso confuso. Detto ciò, la presenza dell'audioguida è comunque lodevole, l'esposizione ampia ed utile. ",Interessante, 16 luglio 2018,Roberta C,3.0,neutral
3427,"Pomeriggio a Central Park in bici a noleggio. Fantastico posto dove trascorrere momenti piacevoli e di relax al di fuori della metropoli.Persone a passeggio, persone in bici, di corsa, oppure sdraiati a prendere il sole o a fare un pic-nic. Stupendo, pulitissimo, molto curato, sorvegliato da decine di pattuglie di polizia. Avremmo voluto poter stare piu tempo in quell oasi di relax",Un isola di verde nel mezzo della metropoli, 9 giugno 2019,Alex T,5.0,positive
18803,In realtà ci troviamo di fronte ad un pezzo di muro e null'altro ma che comunque rappresenta la recente storia di questa città. La cosa che non mi è piaciuta è che diventa tutto un po' come un parco divertimenti.Vi sono altre cose interessanti da vedere ... meglio dedicare più tempo a quelle.,Tristezza e riflessione !, 2 ottobre 2018,Paolo Ivo P,3.0,neutral
19050,"Fulcro della movida meneghina questa zona restaurata in modo stupendo, risale al XV secolo quando il duca di Milano Ludovico Sforza li fece costruire con lo scopo di permettere il raggiungimento della città sia dal Ticino che dall'Adda.Queste vie d'acqua furono progettate con un sistema di chiuse da Leonardo da Vinci per ovviare al problema del dislivello dei terreni e rendere così possibile la navigazione. Con lo sviluppo delle ferrovie la zona perse d'importanza ma negli ultimi decenni è tornata in auge con la nascita di locali molto frequentati sia dai milanesi che dai turisti. Il sabato vi si svolge la fiera di Sinigallia e ogni ultima domenica del mese un mercato dell'antiquariato molto amato dai milanesi e dai collezionisti.I navigli meritano una visita non solo la sera.",La movida meneghina, 7 settembre 2015,Denis V,5.0,positive
9895,"Sconsiglio la visita perché priva di qualsiasi contenuto culturale, estetico e turistico.Fate altro",Totalmente inutile, 25 agosto 2019,Alessandro G,1.0,negative
4279,"Girato più volte nel nostro soggiorno in città; che dire, uno spettacolo. Un'area verde immersa nella città. Oltre agli infiniti giri a piedi che si possono fare, consiglio il giro in bici: sicuro, la strada circonda il parco e lo si riesce a girare tutto senza problemi. Quando avrò l'occasione di tornare a New York, sicuramente passerò molto tempo in questo fantastico parco.",Pedalata nel verde di New York, 29 settembre 2021,V3rd3ram3,5.0,positive
11070,Non organizzati per ricevere un pubblico Per entrare abbiamo fatto una fila di più di un oraNon ne vale la pena per quello che ti fanno vedere ,Da rinunciare , 16 gennaio 2019,Fabio G,1.0,negative
17208,"Sono tornato alcuni giorni fa a rivedere questo capolavoro milanese.La sua facciata abbastanza anonima non lascia intendere cosa c'è nell'interno di questa chiesa cinquecentesca che faceva parte pel più grande monastero femminile di Milano, di suore benedettine di clausura.Infatti la chiesa è divisa da un muro in due parti, una esterna, cui accedevano i fedeli, e una interna riservata alle suore, che assistevano alle funzioni attraverso una grata e ricevevano la Comunione per uno sportelo nel muro.La bellezza sta nel fatto che ogni centimetro quadro delle pareti interne è completamente affrescato da Bernardino Luini (che fu il principale allievo di Leonardo) dai suoi figli e dai suoi allievi.Nella sala dei fedeli le immagini sono religiose, mentre nella sala delle suore, nella quale si trovano un bellissimo coro in legno e un organo, prevalgono immagini di quella natura cui le suore, entrando in clausura, avevano rinunciato.Un particolare curioso: nella sala delle suore, in una cappella laterale, si trovano tre immagini dell'Arca di Noè; in quella della salita sull'Arca delle coppie di animali, si notano tre cani. Bernardino Luini amava dipingere in un angolo dei suoi dipinti un cagnolino, che era un po' il suo logo. Così in questo affresco di cani ce ne sono tre!Assolutamente da vedere, tanto più che la chiesa è tenuta aperta gratuitamente dai volontari del TCI.",Un vero capolavoro, 24 dicembre 2022,Stefano91,5.0,positive
230,"Mostra storica sulla polizia segreta nazista nel sito del Quartier generale della Gestapo, ove restano solo parti di muro.",Straziante, 5 giugno 2017,franco,3.0,neutral
19299,"Ero stato molte volte a Milano ma quasi sempre di corsa e per lavoro per cui non avevo mai potuto soffermarmi a visitare i tanto decantati Navigli con la loro ""atmosfera magica"". Ci sono stato qualche giorno fa spinto dalla curiosità ed approfittando di due orette inaspettatamente libere da impegni ed con grande delusione mi sono reso conto che non mi ero perso assolutamente nulla. È incredibile come un posto che ha avuto tanto rilievo nella storia di Milano sia lasciato nel più totale degrado, ridotto come è ad un fosso di acqua putrida e piena di rifiuti, a tratti maleodorante e circondato sui due lati da locali semi chiusi e mal scombinati, frequentati da qualche turista che vi si avventuri. Si stenta a credere che la zona sia il cuore della vecchia Milano decantato dalla stampa e dalle leggende metropolitane. ",Un rigagnolo sporco , 22 marzo 2015,Nicola B,1.0,negative
7204,"Per chi ama l'arte e apprezza le bellezze del nostro Paese, non può non rinunciare a cinque minuti di shopping per fare tappa in questa nascosta Chiesa in Corso Magenta. L'apparenza inganna in quanto solo entrando si può apprezzare la bellezza di questo gioiellino ristrutturato per venti anni: affreschi in ogni dove che nemmeno il Duomo. All'interno siamo stati anche accolti dalle spiegazioni dei volontari del touring club!",Sorpresa a Milano!!!, 7 febbraio 2016,GiacomoB90,5.0,positive
7249,"Tappa obbligata , assolutamente da fare se si visita milano.Luogo suggestivo, ideale per una lunga passeggiata, per un buon aperitivo, street food o per cenare in locali alla moda che offrono sia cibo tipico milanese che internazionale.",La milano che non ti aspetti , 4 maggio 2018,Francesca B,5.0,positive
1666,"bello ma mancano i controlli, non è rispettato come dovrebbe. Viene usato per bivaccare e mancano i controlli",bello, 24 giugno 2022,Gabry79_Mi,3.0,neutral
11305,"Pagato per visita completa compreso le terrazze per poi trovare chiuso. Nemmeno un avviso prima di pagare, se lo avessi saputo non sarei entrata",Scorrettezza, 11 dicembre 2021,Tania G,2.0,negative
1058,Abbiamo affittato 4 bici per 2 ore ($40+tasse) con le quali abbiamo girato tutto il parco.  Per pranzo ci siamo fermati sotto un albero sulle copertine che ci eravamo portato per un tipico pic nic nel parco. Affittare le bici è una buona modalità per vedere central park. ,Un parco unico!!!, 31 agosto 2017,Fabrizio S,5.0,positive
16031,"Visitare questo luogo mi ha creato una lunga serie di emozioni...ribrezzo, odio, vergogna, incredulità, dolore, disprezzo... Le immagini non lasciano spazio a nulla. Questa è la dura realtà. Ammirate di che cosa gli uomini sono capaci. Questo è un pezzo di storia che dovrebbe essere rappresentato in tutte le parti del mondo e non solo a Berlino e sui libri di scuola, che la maggior parte di noi non ha terminato di studiare.",Immonda umanità, 23 aprile 2019,MissChain,5.0,positive
7213,Il Navilgi è uno dei miei quartieri preferiti di Milano! I ristoranti e i negozietti lungo il canale sono incantevoli e l'atmosfera è fantastica e rilassata. Visita è un must!!,Quartiere preferiti, 27 giugno 2016,Kalamakia,5.0,positive
4851,"Ho visitato il posto a circa 4-5 pm sperando di soggiorno c'e prendere un giro in battello del canal grande fino alla vita notturna calci in, ma appena abbiamo raggiunto ci, cambiato tutto. Il canale era molto sporco e il tempo era super bollente lasciando noi senza nulla da fare a tutti grazie al quale abbiamo dovuto lasciare.Consiglierei una visita al Lago di Como/Lugano invece.",Penoso!!!, 3 ottobre 2018,unlimiteddreamz26,1.0,negative
10926,"L ho visitata perche al primo posto di tripadvisor.Io non ci ho trovato niente di magnifico, tenuta malissimo e poco curata.Fatemi il piacere tutte recensioni fasulle mi sa",Mahhh come faccia a stare al primo posto, 10 dicembre 2018,Paoloravenna76,1.0,negative
9227,Imperdibili i Navigli la sera :suggestiva location rivalorizzata in occasione dell Expo  con locali di tendenza per giovani e non solo ;ieri sera quasi deserto nonostante le 23 forse perché giornata di metà settimana ... con poca gente devo dire ancora più belli Sembra di essere nel nord Europa ... rilassante passeggiata serale da consigliare appunto in ore meno frequentate dalla movida del sabato sera ..,Milano da bere , 25 gennaio 2019,lullina9,5.0,positive
1947,Una visita più unica che rara. Un monumento storico. L unica pecca  su tutto è  il prezzo. Un po troppo elevato e la code chilometrica ,Spettacolare, 7 maggio 2019,x89massigenoa,3.0,neutral
18922,Se avete poco tempo a disposizione potete farne a meno. C'è ben poco da vedere o visitare...giusto qualche fotografia che vi racconta cosa ci fosse.,Giusto per una passeggiata...., 7 maggio 2018,lux1 c,2.0,negative
5360,"Sabato sera sui navigli, se hai superato i 20 anni non è il posto adatto a te. Ero con un'amica e ci siamo sentite come due nonne ahaha  Comunque sia, l'atmosfera è piacevole perchè incontri moltissimi giovani, fuori e dentro ai locali.Profumo di erba in diversi punti dei navigli.",Serata fra giovanissimi, 14 febbraio 2017,Paola C,3.0,neutral
17999,Il museo del Prado é uno dei più grandi di Europa. Onestamente non sono rimasto colpito dai quadri mi aspettavo di più. Museo gigantesco dove é difficile orientarsi. Non mi é piaciuto,Non mi é piaciuto, 3 novembre 2018,misterdolce,1.0,negative
16981,Molto belli i murales. Consiglio di fittare le Bici e vederli camminando. Celebre il murales del bacio. Comodo anche per rilassarsi e bere qualcosa lungo il fiume.,Bello, 8 aprile 2019,nicolamigliore,5.0,positive
17889,Ci siamo diretti verso la topografia del terrore dopo la delusione del checkpoint Charlie. Questa esposizione gratuita merita di essere vista perché raccoglie fotografie storiche sul periodo del terzo Reich con la spiegazione di ciò che rappresentano nonché documenti e plastici di come la spianata (che oggi ospita il museo) era occupata dagli edifici che opitavano il quartier generale della Gestapo e delle SS. Da evitare se non si parla né tedesco né inglese,Molto interessante, 26 gennaio 2018,SabinaHet,4.0,positive
18567,Per arrivarci se sbagli strada dalla metro Romolo ti trovi in un brutto quartiere.Troppo turistico sporco mi dispiace ma non mi sono trovata a mio agio,Sono rimasta delusa, 26 settembre 2019,Raffaella D,2.0,negative
7527,Museo immenso con quadri di immenso valore. Ci siamo organizzati prima per vedere le cose che più ci interessavano perché è davvero grande e dispersivo. Purtroppo anche trovare quello che si cerca diventa un po’ complicato. Peccato anche che i quadri non si possano fotografare. Se si è a Madrid è comunque da vedere.,Da vedere, 6 dicembre 2022,Vally_e_Pier,3.0,neutral
15286,Ci sono un paio di canali in questa zona. La Grande è il più trafficato e uno più vivace mentre il Pavese è più calmo. Si tratta di una zona fantastica di Milano e ci torneremo qui la prossima volta. Non dimenticate il po di foto con lo squalo sotto il ponte!,Ottimo posto!, 11 novembre 2012,🛶🏕🍷🍸🍹,5.0,positive
7843,A livello di impatto e di storia nulla da dire. Certo non è un monumento per cui organizzare il viaggio,Storia mondiale, 14 maggio 2019,Pd_rules,3.0,neutral
6379,così si evitano le code e si può entrare senza problemi. La vista non è il massimo ma certo dall'alto vedi parte della città e del parco...  con l'audioguida si riescono ad avere info interessanti sulla storia del parlamento.,prenotare on line è meglio, 20 maggio 2019,235paolop,3.0,neutral
2350,"Bellissimo iconico da vedere e visitare assolutamente se si è a Milano, però far pagare 10€ per il biglietto per salire sul tetto a piedi con scale claustrofobiche mi sembra davvero eccessivo",Bello iconico e maestoso ma soprattutto costoso!, 18 giugno 2021,Alessandro C,2.0,negative
13585,"Abbiamo prenotato sul web con largo anticipo questa visita ben organizzata alla cupola e alla terrazza del Parlamento della Germania.Dall'alto del Palazzo si scattano ottime foto panoramiche di Berlino.In stile neo-rinascimentale, costruito verso la fine dell'Ottocento, l'edificio mostra la sua maestosità e da subito colpisce per la sua importanza storica, anche se non lo si conosce.Emozionante la scritta con la dedica al popolo tedesco. ",Dem Deutschen Volke, 14 agosto 2019,Claudio A.,5.0,positive
707,"Viva Milano, forza inter. Il duomo è un autentico spettaccolo. Viva l’ italia🇮🇹🇮🇹. Viva il paese più bello del mondo ",Bellissimo, 4 agosto 2019,Francho,5.0,positive
6427,"Anche se avevo letto di questa opera e degli scopi e finalita'del suo creatore, devo per onesta' ammettere che non mi ha provocato alcuna sensazione il visitarlo e il percorre gli stretti corridoi del dedalo.Diversamente dalle sensazioni che invece provoca il Museo del Giudaesimo se visitate il giardino interno e la camera dei vuoti (voids)",NESSUNA SENSAZIONE PARTICOLARE!!, 4 agosto 2019,massimiliano m,2.0,negative
10883,"Bellissimo, enorme, molto ordinato, molto caotico, merita assolutamente passarci una giornata. Il giro in bicicletta è da consigliare. Molto bello mangiare sui prati e assistere agli allenamenti di baseball. ",Meraviglioso, 25 settembre 2015,Donatella L,5.0,positive
64,"Un'oasi di pace nel caos di New york, il tempo qui passa sempre troppo in fretta. Un posto veramente incantevole dove mangiare, riposarsi, passeggiare e rilassarsi",Relax, 8 gennaio 2016,Federica8431,5.0,positive
899,"Il museo, è composto da dei pannelli che spiegano in tedesco ed inglese la storia del muro, anche raccontata dai cittadini di Berlino con numerosi cimeli; purtroppo i commenti audio sono solo in tedesco ed il percorso non è propriamente lineare. Si può poi salire sulla terrazza panoramica che affaccia sul troncone di muro lasciato in piedi, in cui si vede il corridoio che divideva la città. Il memoriale ricorda quanti muri sono ancora in piedi e quanti si continuano a costruire. Berlino era la quinta essenza della guerra fredda, periodo storico che ha segnato la vita di milioni di persone in tutto il mondo, non solo tedesche; sarebbe auspicabile fornire audio guide in tutte le lingue per capire nel dettaglio il significato del muro. ","Tappa obbligata, ma...", 24 febbraio 2018,Daniela-Carlo_Udine,3.0,neutral
11915,Parco immenso al centro di New York ben tenuto e molto frequentato nel periodo estivo. Nulla di diverso dai nostri parchi urbani se non per la caratteristica di essere circondato dai grattacieli. Comunque da visitare,Bello per la posizione, 14 gennaio 2018,Pietro C,3.0,neutral
9513,"Central park è un vero spettacolo, i colori autunnali sono meravigliosi! È stata una vera emozione passeggiare tra i sentieri e incontrare tanta gente, le persone sono incredibilmente gentili e disponibili. Il fine settimana poi si riempie di gente di ogni tipo, piccoli gruppi di ballo e artisti di strada fenomenali. Ne vale la pena veramente, un vero sogno",Autunno a Central Park, 26 dicembre 2016,Giusi P,3.0,neutral
8226,Seguire i canali magari mangiando un boccone o bevendo una birra è un'esperienza da fare se si passa da Milano. Sabato sera davvero troppo affollato.Fatevi raccontare la storia dei canali e Leonardo da qualche gentile locandiere,Da provare, 16 dicembre 2018,G. T. R.,4.0,positive
18923,"E l'attrattiva dov'è? Andati per apericena su consiglio di amici milanesi,arriviamo di sabato sera e troviamo uno spettacolo desolante fatto di quattro gatti per strada (ore 21), naviglio vuoto e puzzolente, umidità e locali tutti praticamente vuoti. I camerieri e pr che ti tormentano per strada per farti entrare in locali decadenti, mal tenuti e con dei buffet che sanno di avanzi della cena di Natale... troviamo alla fine un locale con qualche persona in più dov'è comunque l'offerta di cocktails è scarsa e non giustifica l'essere arrivati fino a li...boh, forse è finita l'epoca del naviglio da bere. Delusione.",boh...!, 5 gennaio 2015,Sultansalmon,1.0,negative
17282,"Mi e' piaciuto molto, peccato che non ci sia una audioguida in italiano che magari traduca quanto scritto in inglese/tedesco.... credo fossimo gli unici italiani, quasi tutti tedeschi che lo visitavano.",molto interessante..., 17 aprile 2018,OCCHIVERDI77,3.0,neutral
15992,"Ci sono alcune pizzerie che sono eccezionali, è piacevole fare una passeggiata, soprattutto in primavera perché in estate ci sono un sacco di zanzare e la vostra passeggiata non è così piacevole come sarebbe.",Splendido posto a piedi, 24 giugno 2013,domerol,4.0,positive
12346,"Immancabile la tappa presso la “Porta di Brandeburgo” essendo il monumento più famoso di Berlino, conosciuto in tutto il mondo.Situato nel quartiere di Mitte è impossibile non notarlo con i suoi 65 metri di lunghezza e 26 di altezza.Se andate e Berlino non potete perdere questo capolavoro!!",Tappa fissa., 14 agosto 2019,Tamburini Gabriele,5.0,positive
2767,"Deludente rispetto a altri memoriali... non esprime x nulla quello che è stato l‘olocausto ... e secondo me anche poco rispettato dalla gente, visto che ho notato  molti salire sopra questi cubi di cemento x fare delle foto... ",Deludente.., 9 febbraio 2019,etom1020,3.0,neutral
10598,"La east side gallery e’ quella che tutto definiscono una galleria a cielo aperto . Quello che è rimasto del muro e’ lungo circa un km , la parte interna e’ piena di graffiti un po’ pasticciato , la parte che da sulla strada e’ piena di murales , tra cui il famoso “ bacio”. Ogni murales e’ una sorta di rappresentazione delDolore , della guerra , del sentire quel dramma da parte dei  berlinesi . Esperienza sicuramente da fare.",Da vedere ..., 29 agosto 2019,maleficent,5.0,positive
17558,Museo immenso con milioni di opere assolutamente da vedere! imperdibile.Mi è dispiaciuto solo il fatto che non si potesse fotografare assolutamente niente!,Da non perdere, 23 febbraio 2018,pibru,5.0,positive
5872,fantastica chiesetta nascosta e sconosciuta con un coro dipinto da far venire i brividi. una delle bellezze da scoprire a Milano,un'armonia di colori, 29 ottobre 2018,Giulia B,5.0,positive
1547,"Attrazione veloce da visitare, è una terrazza dalla quale si può vedere l'area all'interno del muro. Fa parte del tour ""muro di berlino""",Vista sulla striscia della morte, 27 dicembre 2016,Nicola F,3.0,neutral
10209,A mio parere è un normale parco ma con le dimensioni USA quindi gigantesco. Particolare il fatto che sia dentro Manhattan e circondato da grattacieli. Per il resto è più adatto ai newyorchesi per una giornata di relax che ai turisti.,Parco da vivere ma da vedere non è necessario, 25 luglio 2016,vito tart,3.0,neutral
14773,È molto bello ed interessante ma dovrebbero mettere anche due ascensori per arrivare fino alla Madonnina. Lo spettacolo della sera lo rende uno dei posti più belli di Milano in assoluto.,Vista del duomo dalle Terrazze, 25 ottobre 2012,Paolo C,4.0,positive
6905,"una rassegna di foto, copie di documenti e filmati che si possono apprezzare anche guardando dei buoni documentari, cosa apprezzabile il pezzo di muro ancora in piedi",Si puo' anche evitare, 4 settembre 2018,damiano,2.0,negative
17685,Si potrebbe organizzare meglio l’ingresso al duomo ... Sono venuto tante volte a Milano ma per via della fila ho sempre evitato di entrare nel duomo ,Tanta fila , 23 settembre 2013,Carmine C,3.0,neutral
1850,"Il museo merita la visita. Al suo interno potrete trovare opere di Goya e di Velàzquez, oltre a capolavori inerenti la storia spagnola.",Consigliato, 18 agosto 2019,Venvoyage,5.0,positive
6335,"Per anni ho frequentato la vera zona dei Navigli fatta di piccoli locali, ristorantini a conduzione famigliare, gelaterie artigianali vere, negozietti curiosi e affascinanti....tutto scomparso, locali volgari, con “buttadentro” che ti marcano a vista decantando meraviglie, ristoranti cari e pretenziosi, servizio non professionale, un paio di luoghi di un certo livello ( un hotel e un ristorante sulla riva sinistra andando dal centro) il sempre valido Libraccio un paio di negozi che vendono articoli per gli am@nti del genere miltare. Atmosfera falsa, buona per carovane di turisti indotti da furbi tour operator",C’era una volta...., 22 marzo 2020,Sergio,2.0,negative
88,"Zona aggiornata dopo anni di degrado, con diversi locali e negozi, ospita anche un mercato. Piacevole per farci dire passi lontani dalle solite attrazioni del centro",Caratteristico, 6 novembre 2017,fyury,2.0,negative
9810,"I locali lungo i Navigli sono tutti molto belli ed ognuno offre tanta varietà di proposte culinarie. Il posto in sé andrebbe  meglio curato e controllato...un caos per i parcheggi, troppa marmaglia libera di andare a zonzo infastidendo gli avventori dei vari locali. Nella stessa sera, nel giro di pochi metri tanti personaggi equivoci palesemente alterati .... fuori di senno ...intenti in  attività quantomeno discutibili. Peccato perché il quartiere non merita tale situazione ....va valorizzato di più!",Weekend Milanese, 12 maggio 2019,Bova73,1.0,negative
13085,"Maestosa e imponente,tappa centrale durante tour della città, foto notturne suggestive, il monumento più iconico di Berlino,visitate la stanza del silenzio sotto al colonnato, un momento di riflessione sul significato della guerra.Imperdibile ",Fine estate a Berlino , 9 settembre 2019,Stefy070,5.0,positive
3840,"L'America è un sogno di tutti, il Capodanno a New York ancora di più. Central Park è sensazionale, esattamente come nei film, immenso, pieno di scoiattoli. ",Un sogno che si avvera!, 10 maggio 2022,Giada P.,5.0,positive
19666,"...tenuto non così bene...  grande, ma non ho visto cose molto particolari. In compenso uno dei laghetti presentava acqua davvero sporca. Bello vedere procioni e scoiattoli in libertà, però l'acqua così sporca... mah.",E' un parco..., 1 agosto 2017,leo_moschetti,3.0,neutral
16357,"Al margine meridionale di Milano centrale. . G vale davvero la pena visitare se siete in quel modo e. visitare San Lorenzo o Sant'Eustorgio. I canali sono piuttosto, con alcuni barconi ormeggiati, così si può avere una piacevole passeggiata accanto all'acqua.","Canal, quartiere attraente un po' malandato", 10 aprile 2014,Loxley55,3.0,neutral
6049,"Forse venendo da Roma, non riesco  a capire il valore architettonico della struttura, ma non la trovo così affascinante come la raccontano",No Comment, 31 agosto 2019,Andrea C,3.0,neutral
6423,Belle le decorazioni ma avrei preferito l'originale per ricordare gli orrori e i morti del muro. E' come se ridipingessero le pareti dei campi di concentramento.,Delusione totale, 27 maggio 2019,stefano l,1.0,negative
13554,Premetto che l'arte in generale non è precisamente un mio interesse benchè non disdegni l'architettura e musei con temi moderni....allora perchè ci sono andato??...trascinato dalla famiglia!!..cosa non si farebbe!! ;-),Noia mortale., 25 giugno 2018,Geo-max_61,2.0,negative
14635,"Il Central Park è sicuramente una tappa obbligata per chi visita New York, ma devo ammettere che ne sono rimasto solo parzialmente soddisfatto. Da un lato, il parco è davvero immenso e offre una vasta gamma di attività, come fare jogging, passeggiare, fare picnic e molto altro. La natura è stupenda e ci sono molti punti panoramici dove ammirare la città. Dall'altro lato, però, ho notato alcune aree del parco in cattive condizioni, con erbacce e sporcizia accumulata. Inoltre, alcune aree sono decisamente affollate, rendendo difficile godere appieno dell'esperienza. Nel complesso, comunque, il Central Park rimane un luogo imperdibile per chi visita New York, anche se forse sarebbe opportuno un po' più di manutenzione e pulizia.",Non c'è da aspettarsi grandissime cose., 6 gennaio 2023,Marco A.,3.0,neutral
4905,"Merita quasi un giorno intero, provale  un giro in bici o in barca. Distendersi al sole.. giocate e rilassatevi ..","Stupenda, come nei film", 19 luglio 2016,Andrea N,4.0,positive
19472,"I  navigli si possono raggiunegere con la metropolitana 3 verde (che si può prendere per esempio da Porta Garibaldi, la zona dei Grattacieli/Porta Nuova o da Piazza Cadorna, Stazione Ferrovie Nord) scendendo alla fermata di Porta Genova.I navigli è una delle zone più belle, romantiche ed affascinanti di Milano. Palazzi colorati, anche d'epoca, che si riflettono nellle acque del naviglio grande, la bella chiesa di Santa Maria delle Grazie al Naviglio (in stile neoromanico/neogotico), il piccolo gioiello del vicolo dei Lavandai, diversi locali (ristroranti, locali, pub etc); tutto questo identifica la bellissima zona dei navigli che non si può non scoprire se si visita Milano. Per gli amanti della fotografia è una buonissima zona soprattutto per i riflessi delle architetture sul naviglio. Da qui, imboccando Corso di Porta Ticinese si può fare una bellissima passeggiata per raggiungere il Duomo (35 minuti circa a piedi e 10/15 minuti con Tram). Durante la passeggiata si possomo ammirare la notevole Basilica di Sant'Eurstorgio, la Basilica di San Lorenzo con le sue famose Colonne e poco prima di Piazza del Duomo (in Via Torino) la piccola chiesa di Santa Maria presso San Satiro (di cui consiglio vivamente una visita del suo stupendo interno).",Una Milano magnifica, 1 settembre 2017,gdelcurto,4.0,positive
5623,"Forse ciò che mi ha stupito di più a NY è stato Central Park. Camminare sulle stradine di Central Park, tra i colori dell'autunno, evoca alla memoria immagini bellissime di film girati proprio lì. Pace e tranquillità. Bellissimo parco, molto pulito. I miei figli entusiasti, scoiattoli ovunque!",Come nei film, 23 novembre 2018,Elisa,5.0,positive
9183,"Molto vicino alla Porta di Brandeburgo, al Palazzo del Reichstag e al Mall of Berlin.Il Memoriale dell’Olocausto è costituito nella parte esterna da una piazzetta dove diversi pilastri grigi compongono una rete di corridoi dentro cui si può entrare. Man mano ci si addentra i pilastri risultano sempre più alti e questo, insieme alla pavimentazione caratterizzata da innalzamenti e infossamenti, disorienta e permette un isolamento utile a fermarsi, pensare e ricordare.Non ho potuto accedere alla parte interna perché sfortunatamente era chiusa.All’esterno sono presenti guardie che mantengono l’ordine, ma si limitano a semplici richiami verbali quando secondo me sarebbe il caso di allontanare e anche multare i geni che si divertono a salire in piedi sui pilastri e saltare da uno all’altro come al parco giochi, così come quei genitori cretini che permettono ai figli di correre e giocare a nascondino tra i pilastri.","Tappa interessante, poco rispetto.", 16 luglio 2019,Ezio Franchini,3.0,neutral
1332,"Questo è molto popolare e ha un sacco di bar e ristoranti, ma non era il mio tipo di luogo di soggiorno per un lungo periodo di tempo. E' interessante perché è tutto il canale antico quartiere rimanente e vale la pena di dare un'occhiata solo per questa ragione. La folla più giovane amore questa zona.",Vibrante ma non mi interessa, 21 luglio 2017,MAdB19,3.0,neutral
6026,Confusionaria la disposizione delle sale e anche la brochure non è precisa nel trovare i dipinti nelle sale indicate,Vacanza, 22 settembre 2017,avada_kedavra,3.0,neutral
7454,"La zona dei navigli coi suoi innumerevoli locali è un cult della movida milanese.Quel che mi delude... E' che questo luogo è di per se stesso un'ottima attrattiva... Che tuttavia ha perso quel sapore ""tradizionale""... Diventando una babele di locali come molte altre nella metropoli.",Non male ma..., 17 settembre 2012,Turtlefull,3.0,neutral
7267,Posto per un pasto serale/ritrovo bello. Ci sono un sacco di opzioni per i pasti tapas o completi e diventa più movimentato come la notte si accende.,Vita notturna!, 21 ottobre 2018,ggjosepa,5.0,positive
1180,Non si puo' andare a New York e non visitate Central Park il cuore pulsante di questa citta in continua evoluzione e unico spazio verde per i newyorkesi.,Un paradiso in una metropoli, 6 settembre 2017,cinziabusato,5.0,positive
12620,Venuto a Milano per vedere varie monumenti tra cui i navigli... Tanto sentito parlare... Sinceramente non è stato di mio gradimento.. E nemmeno di chi stava con me. Forse di notte avrebbe fatto un'altro effetto ma io dico che non è un posto da visitare... ,Lasciar stare.. , 4 gennaio 2018,GSTEFA,1.0,negative
15234,"molto  belle  le  terrazze  ,  peccato  che  al  momento  molti  sono  i  lavori  in  corso  . e  anche  se  si  salta  la  fila  sotto  non  si  salta  quella  sopra  i  tetti,  in  estate  tra  l  altro  puo  essere  molto  caldo.  di  buono  c  e   che  non  si  fa  fila  scendendo  dalle  scale  per  entrare  in  Cattedrale.",serve  per  saltare  fila  all  acquisto  biglietti, 3 luglio 2019,GUIDAMILANO M,3.0,neutral
12986,"Ehh quando ero giovane io era cosi bello andare a Piazza duomo ma adesso e cambiato troppo , mi dispiace moltissimo ",😔, 12 ottobre 2019,Michele💪,2.0,negative
16050,"Se siete Europei e non avete molto tempo non lo metterei in cima ai posti da vedere. Il motivo è semplice in Europa ci sono parchi molto più belli di questo, per un Americano sarebbe diverso perchè in America ci sono meno parchi pubblici curati come questo. Se siete Europei ci sono cose molto più interessanti da vedere a New Yrok.",Se siete Europei e non avete molto tempo non lo metterei in cima ai posti da vedere., 25 marzo 2016,Parmigiano76,3.0,neutral
8777,"Marzo, giornata fredda ma non troppo, neve ovunque e laghi ghiacciati.Ho fatto foto ad ogni cosa, perché ogni cosa era bellissima!COME NON ANDARCI? TAPPA OBBLIGATORIA!","Con la neve o senza, comunque da cartolina", 30 settembre 2015,Massimo C,5.0,positive
7155,"Un luogo da non poter perdere, un simbolo di New York da visitare e di cui godere. Bellissimo in ogni stagione, polmone vivo di questa città, posto dove rilassarsi e scattare foto stupende!",Magico, 19 dicembre 2015,CamillaP.,5.0,positive
5719,"Merita una visita, per forza. Peccato per i turisti ignoranti che si fanno i selfie con dietro il muro, sono davvero odiosi.",da vedere, 1 dicembre 2018,snap25,5.0,positive
5081,"Un esperienza bellissima potersi dedicare alla bellezza dei dipinti e altre opere d’arte di scuola soprattutto spagnola, ma la integrato da opere di artisti di altre nazioni. Eccezionale.",Bellissimo, 27 febbraio 2020,gionnigoa,5.0,positive
14949,"Sono carissime le audioguide. Dopo che il biglietto sta 15 euro, non ti aspetti che per una audioguida tu debba pagarne altri 6! Per una famiglia diventa esoso. Museo bellissimo per i quadri e per le sculture, molto ricco, però è eccessivamente dispersivo. Andrebbero messe più indicazioni sulla successione delle sale perché può capitare di perdersi troppo facilmente o di entrare in sale già visitate.",Dispersivo, 22 maggio 2018,ChiaraZ78,3.0,neutral
10158,"dove ci sono molti locali , non male ma mi aspettavo di piu , cmq consiglio di passarci per l'ora di cena in quanto ci sono molti locali che fanno dei super aperitivi!",luogo caratteristico, 20 ottobre 2015,ciro C,3.0,neutral
19466,"Se siete a Berlino andate a visitare il memoriale. Si trova di fianco alla porta di Brandeburgo, guardandola a sinistra. Un memoriale a cielo aperto. Percorrete i corridoi per il lungo e per  largo. Sensazione di angoscia.",Da non perdere , 12 maggio 2019,tripml75,5.0,positive
19492,"Una chiesa davvero bellissima, piena ..ma proprio piena di affreschi..diciamo pure che le pareti sono tutte dipinte.. con grande gusto e raffinatezza..",La cappella sisitina di Milano.., 30 dicembre 2019,Laura V,5.0,positive
17333,"Sarà perché essendo di Roma ho potuto ammirare ben altro, non sono rimasto entusiasta di questo luogo. Gli affreschi non mi sembrano così accurati e mirabili. il portone centrale costantemente aperto, che diffonde la luce in particolare sulla parete centrale, la abbaglia: impedisce lo sguardo allo spettatore per i riflessi e preclude quel minimo di silenzio e raccoglimento necessari al luogo e alle opere d'arte.",Non entusiasta, 29 settembre 2015,hermeticum,3.0,neutral
11513,Non è possibile pagare x entrare in un luogo di culto. Non si paga da nessuna parte al mondo. Solo in Italia...,Si paga tutto, 18 dicembre 2019,Elisa B,2.0,negative
9154,"Che dire, il duomo è sempre incantevole.Per una passeggiata. Coi bimbi o in coppia, come sempre un piacere tornarci.",È sempre un piacere, 15 gennaio 2019,Vito M,5.0,positive
5271,"Che bel museo ricco di opere d’arte italiane! Molto utile l’audio guida, in lingua italiana e facile da usare. La mappa dataci in biglietteria presentava una sezione di capolavori da non perdere. Peccato che erano elencati in modo casuale senza seguire un percorso, quindi molto macchinoso da individuare nelle varie sale. Quasi alla fine del tour la sorpresa! Una Gioconda sbuca tra i capolavori esposti! Se volete vedere ogni sala e ascoltare almeno parte dei commenti mettete in conto almeno 3-4 ore! ",Che sorpresa! La Gioconda, 17 novembre 2018,Nebraska88,4.0,positive
3868,"si puo' passeggiare anche un'ora abbondante nelle due rive, abbondanza di bar e ristoranti , spazzi ampi per muoversi . Vicino alla strada ma non si percepiscono i rumori . L'unico difetto è che hanno eliminato l'oasi verde che si era formata con centinaia di piante diverse .",ritornano a Milano le vie d'acqua, 23 agosto 2017,Giovanna P,3.0,neutral
776,"Una bella raccolta di opere d’arte. Se siete a Madrid va sicuramente visto perché contiene numerosi dipinti di varie scuole...Si può però migliorare, se posso permettermi, la comunicazione soprattutto verso i turisti e i visitatori occasionali. Andando a vedere anche un altro museo (Thyssen) abbiamo scoperto l’esistenza di un biglietto cumulativo che non ci é stato segnalato al momento dell’acquisto del biglietto al Museo del Prado...Andrebbe migliorata la comunicazione in questo senso...",Si può migliorare l’informazione , 2 ottobre 2018,m s viola,3.0,neutral
13753,"Bel modo di valorizzare i Navigli, mi aspettavo delle isole fiorite ma forse erano più bancarelle di generi alimentari che fiori! Comunque una bella giornata ",Navigli in fiore , 6 ottobre 2019,raffyb,3.0,neutral
18096,"Per quanto posso intendermene, ovvero molto poco, si tratta di un bel mercato una volta al mese, ultima domenica in una location molto carina, il Naviglio Grande... tantissime bancarelle, tantissimo vintage, tantissime ripetizioni di prodotti...aleggia la milanesità, ma un pò dismessa,si percepisce che ci sono stati tempi migliori. Cmq molto interessante, da visitare al mattino con calma quando c'è meno folla o all'ora di pranzo. Ogni tanto qualche prodotto spicca per originalità, ma prezzi da capogiro...a volte senza senso ...",BEL MERCATO ANTIQUARIATO, 26 gennaio 2020,marco467Varese,3.0,neutral
15853,Siamo state di recente in visita a Milano e abbiamo colto l’occasione per visitare i Navigli durante il fine settimana. Ci aspettavamo un posto un po’ più magico ma diciamo che l’offerta dei pub è molto ampia e questo aiuta un po’ a rendere il posto più carino!,Un po’ deluse, 14 febbraio 2018,LilyLohan84,3.0,neutral
2020,L’unico posto al mondo dove i bambini non possono stare sulle spalle dei genitori. Hanno fatto piangere la mia bambina perchè a loro dire avrebbe potuto toccare i quadri. Assurdo,Non adatto per i bambini, 19 febbraio 2019,Riccardo885,1.0,negative
4125,Premetto che non sono un intenditore di pittura ma ho trovato grande difficolta' nel seguire un percorso generale di visione.    Non esiste una guida che ti dia una traccia consecutiva per visitare il museo.  Non esiste ne' un inizio ne' una fine.  Ti viene fornita una mappa con tutta la lista dei vari artisti ma per trovarli devi girare un bel po e le sale non sono cosi' bene identificate.,Poco organizzato, 13 dicembre 2017,Pasquale B,2.0,negative
12364,"Siamo andati in central park in un pomeriggio di sole di metà maggio... Per la visita abbiamo noleggiato una bicicletta poco prima di entrarci... Da li si è aperto un mondo... Di natura (non sembrava di essere nel centro di Manhattan), di arte (molti artisti di strada veramente eccezionale) e di romanticismo (da noleggiare assolutamente le barchette a remi all'interno del bacino di Central Park... Considerato che è di fatto un parco artificiale che veniva da una zona depressa di new york direi che il risultato è eccitante! Andateci! ",Eccitante visita pomeridiana! , 16 maggio 2018,abitcis,5.0,positive
11064,"Quando il comune si deciderà a preservare questa zona, unica nel suo genere, potremo dire che vale la pena portarci amici e conoscenti. Ad oggi, è una vera vergogna. Gang di ragazzini - vittime di disagio socio/psicologico - si contendono il territorio ""taggando"" muri e saracinesche, anche con soluzioni chimiche che incidono vetro e metallo. Terra di conquista anche per gruppi stranieri e di varie parti d'Italia. Nulla a che vedere con i murales, che sono vere e proprie forme d'arte. Comuni vandali imbrattatori.",la terra dei taggatori, 16 febbraio 2014,Dario P,3.0,neutral
112,"Molto bello e curato e molto grande.In bici si riesce a percorrere solo in alcuni punti, il resto è comunque da fare a piedi. È in salita.Una boccata d'ossigeno a New York. ",Bello., 26 luglio 2016,Ok lunacla,5.0,positive
555,"Siamo andati al quartiere dei Navigli il sabato sera. Lo consiglio solo per i giovani alla ricerca di divertimento. Siamo stati travolti. C'erano così tante persone ci siamo sentiti confuso e bombardati. Siamo non-fumatori e odiato che non abbiamo potuto ottenere lontano dal fumo di sigaretta. Quasi tutti fumano! Spingendo e rischino, con persone che vanno da parete a parete fatta a piedi lungo i canali scomodo. Non ci torneremo.",Sabato massa di notte dell'umanità, 9 novembre 2012,JuliefromPerth,3.0,neutral
7020,Spettacolare questo duomo posso ben capire che sia l' orgoglio dei Milanesi...sono rimasto veramente colpito.,Mastodontico..., 2 ottobre 2018,Pasquale S,5.0,positive
6450,"Strepitoso!!! da qualsiasi parte entrate vi immergerete in un immenso,enorme parco favoloso piante di tutte le specie animali che vagano per i prati, laghetti e posti molto significativi come quello dedicato a Lennon.... insomma veramente da non perdere!Consiglio di noleggiare bici (ce ne sono tanti che le noleggiano sia dentro il parco che nelle immediate vicinanza) se siete in coppia prendete un tandem e divertentissimo!!!!",IMMENSO!!!!!!, 26 giugno 2016,Lorenzo B,5.0,positive
15392,"La Casa di decine di generazioni. Varcata la soglia entri non solo in un luogo sacro, ma nella casa dei Milanesi. Soffro a vederlo abusato con la mancanza di rispetto si alcuni. Ora, da adulta lo vedo con una dimensione diversa, da bambina credevo fosse abitato da esseri straordinari e lo vedevo gigantesco. Arrivare al tetto era la meta ambita, il panorama, allora diverso, compensava della fatica e il diatone. Se tu, caro Duomo, potessi parlare, cosa diresti, cosa mi racconteresti? Storie di cavalieri e draghi, di Santi, di gente comune xhe ha affidato a te i prori segreti?",Duomo di Milano, 16 luglio 2016,Lorena G,1.0,negative
5417,Passeggiata di circa 1km toccando quello che ha segnato una buona parte della storia europea del ‘900. ,Toccando la storia , 1 gennaio 2019,Simy,5.0,positive
5445,"Per una passeggiata pomeridiana o serata, sono belli a qualsiasi ora!!! Tappa fondamentale per chi non è di Milano…",BELLI A TUTTE LE ORE, 4 novembre 2018,federicadipietro9,5.0,positive
3140,"Dove parcheggio la macchina? Questo è il primo problema da risolvere. Pare che durante le serate estive qui si riversi tutta la città. Tre bancarelle cinesi ed una bella camminata lungo il naviglio, dove scegliere tra un'infinità di locali e ristoranti. Puo' comunque essere una buona alternativa.",serata estiva, 6 agosto 2012,ritafant,3.0,neutral
13797,"Una grande delusione...me l'aspettavo di ben altre dimensioni, soprattutto per quanto visto in TV, e di altri materiali",Delusione , 21 agosto 2019,Alessandro,2.0,negative
12627,"Ho visitato central park in bicicletta e devo ammettere che mi aspettavo di più! Consiglio di passarci soprattutto per la vista dei grattaceli che sbucano dal verde, molto suggestivo. Ma oltre a questo mi è sembrato un parco come tanti altri, solo più grande. Ci sono laghetti, spazi verdi, baracchine, monumenti, ponti e anche strade per alcune macchine. Ci sono molte, forse troppo, persone. È un posto che non può mancare nell'itinerario newyorkese ma il mio consiglio è di non perdere un'intera giornata in un parco! ",Carino ma nulla di più , 23 gennaio 2016,MC14,3.0,neutral
14273,"Sarà per la struttura, ma il passaggio da una sala all'altra risulta un pò dispersivo. Le cose migliori sono alla fine e tu sei già distrutto e alle 20 ti gettano fuori come un cane. Onestamente è un museo molto famos, ma mi aspettavo di più. Audioguide scarse in quanto a numero di pezzi spiegati.","Bel museo, fruizione migliorabile", 30 marzo 2018,Cristina C,3.0,neutral
4061,"Ho acquistato, alla biglietteria, due ingressi 'Duomo pass'. Coniscendo il mio stato di salute ho acquistato o biglietti che consentivano la salita in ascensore, dando per scontato che anche la discesa lo fosse. Invece, una volta arrivati sulle terrazze, un laconico (quanto fraufolento) cartello  indica 'discesa' e, una volta imboccato è praticamente impossibile tornare sui propri passi e chiedere aiuto.NESSUNO al momento dell'acquisto mi ha avvisata, e anche in fase di acquisto online c'è scritto che la discesa 'potrà' essere a piedi.NON È UN'OPZIONE, è un obbligo. Non mi perdo a descrivervi gli effetti nefasti che questo ha comportato sulla mia colonna vertebrale ma, se volete che vi resti un piacevole ricordo delle terrazze del Duomo, chiedete maggiori info al momento dell'acquisto!",Fare domande, 8 ottobre 2022,antonmanto,1.0,negative
18047,"L'ho visitato a dicembre, in una giornata di sole e non eccessivamente fredda. I paesaggi erano incantevoli, con colori ancora autunnali. È molto grande, sicuramente è da vedere lo Strawberry Field in memoria di John Lennon. Il parco è molto frequentato da persone che fanno jogging, biciclette e cani che passeggiano con i loro padroni.  ",Magica atmosfera, 26 dicembre 2015,Giusy A,4.0,positive
9415,C'è solo il muro con tutti i suoi murales storici. Aldilà del muro il fiume Reno dove partono traghetti per un tour. Bello da visitare. Dal muro si può arrivare dritti ad alexanderplatz e torre della tv di berlino (passeggiata lunghina circa 4km)ma carina.,Visita del Muro, 15 luglio 2020,Maicol,3.0,neutral
8229,Mi aspettavo di meglio sinceramente... forse perché paragono tutto al Louvre 😁😁😁...Bello e abbastanza grande,Vello, 24 maggio 2018,Luca,3.0,neutral
2223,"Visitata per caso, in quanto a Sant'Ambrogio, meta prevista, era in corso una Messa. Dopo aver sbirciato l'interno, senza entrare per non disturbare, l'addetto a sbarrare la strada ai turisti ci consiglia di dirottare la visita su San Maurizio e tornare a Sant'Ambrogio alla fine della funzione. Mai consiglio fu più saggio altrimenti avremmo perso un capolavoro, sicuramente trascurato sia per i tempi a disposizione sia per l'esterno non particolarmente interessante. Superata la soglia ci si ritrova in un ambiente riccamente affrescato, ma la sorpresa non finisce perchè varcando l'apertura alla sinistra dell'altare si accede nella zona riservata alla clausura... tripudipo di opere di Bernardino Luini, che soltanto grazie alla disponibilità di una volontaria del Touring, ci sono state illustrate dettagliatamente e con un trasporto che lasciava trasparire quanta dedizione e passione spinge queste persone ad impegnarsi per far sì che si possa godere di queste bellezze. Hanno a disposizione un opuscolo ma la spiegazione arricchita da curiosità e aneddoti fornitaci dalla volontaria non ha prezzo (in tutti i sensi, infatti tutto è gratuito). Unico modo per ringraziarli è pubblicizzare il loro lavoro. Ci hanno fornito anche un opuscolo: "" I luoghi aperti per voi a Milano"" con tanto di orari e mezzi di trasporto per raggiungerli  tutti visitabili gratuitamente grazie alla loro presenza. Curioso il  ""comunichino"" poggiamento con la porticina attraverso la quale le suore potevano ricevere l'Eucarestia. Apertura dal martedì al sabato 9.30 alle 17.30 M1 - M2 Cadorna, tram 16, 27, bus 50, 58, 94",Grazie ai volontari del Touring Club Italiano, 3 maggio 2017,lucia b,5.0,positive
2599,"Un passo nella storia che ci permette di rivivere quelle che sono state le tappe e la storia del muro di Berlino...Muro che ormai è quasi totalmente abbattuto, restano soltanto delle strutture in ferro a delimitarne il perimetro e un tratto di muro superstite alla fine...Nel mezzo della ""passeggiata"" una serie di tappe con totem informativi, video e informazioni vi guideranno passo passo lungo gli avvenimenti storici legati al muro...Un viaggio interessante... Sicuramente da fare!",Un viaggio nella storia, 8 settembre 2018,Umberto,4.0,positive
18129,"Se vi trovate a Milano e avete qualche oretta da spendere, una visita alla zona dei Navigli può essere piacevole. Tanti localini aperti a pranzo e a cena dove mangiare o prendere un aperitivo.",Passeggiata, 15 settembre 2019,francesco_m_t_1979,3.0,neutral
12000,"Sono arrivata animata da grande entusiasmo e sono uscita delusa. Il museo presenta tantissime opere di pittori per lo più spagnoli, ma non mancano gli italiani e i fiamminghi, solo che questi ultimi 2 sono messi veramente all'angolo e posizionati in posti poco ""significativi"", direi in ombra.Il pezzo più importante, il Davide e Golia di Caravaggio passa quasi inosservato in un corridoio mentre avrebbe dovuto avere un'intera sala!Raffaello e Tiziano quasi vengono bistrattati. Grande spazio e molte sale a Velasques e alla sua celebrazione dei reali di Spagna, come pure a Goya ( che merita per la cura dei dettagli dei volti e per le 2 Maya, vestita e desnuda), ma manca il calore del museo per come si avverte in quelli italiani.",Esaltazione dei nobili Spagnoli, 21 agosto 2017,Davide Ciulli,2.0,negative
2616,Ci mancavo da 7 anni... Sono rimasto sconvolto dalla puzza della cacca di cavallo... Nessuno pulisce.. Ho assistito a una rissa. .. Gente che fuma hashish ovunque... Un posto dove una volta ci si rilassava. Non ora...,Deluso..., 27 luglio 2018,Joy P,3.0,neutral
16844,"Non credevo ai miei occhi. Una lunga passeggiata mi ha fatto scoprire un luogo suggestivo, ma incredibilmente lasciato all'incuria ed alla sporcizia. L'alveo per chilometri è ricoperto di rifiuti, bottiglie lattine ed ogni altro materiale. Peccato non fa onore ad una Città come Milano. Mi chiedo come sia possibile tale scempio e perchè non sia stata avviata una imponente bonifica per ridare a quei luoghi la dignità che meritano. Mi chiedo ancora come mai non ci sia stato un sussulto dei cittadini, dei ristoratori e dei commercianti, che pur abbondano? Mistero!",Incredibile., 31 marzo 2016,Vinieolii,1.0,negative
14474,Da fuori nessun accenno a tutto ciò che questo scrigno contiene. Un ciclo di affreschi degno di essere più conosciuto e che la meritoria opera del Touring Club rende fruibile ai visitatori. ,Bellezza inaspettata , 15 giugno 2019,Ottobre22,5.0,positive
14390,Siano benedetti i volontari che mantengono aperto e custodito questo gioiello.  Lascio perdere le descrizioni perchè su internet si trova abbondante materiale.  Andateci...,"la ""cappella sistina"" di Milano", 10 novembre 2015,varsleis v,5.0,positive
2825,"Scrivere qualcosa sui Navigli è veramente difficile...A Milano sono stato diverse volte, ma mai nella famigerata zona Navigli.Eccomi allora con la mia fidanzata in questo celebre quartiere di Milano, ma ciò che vediamo è, come dire, deprimente...La zona, infatti, è immersa nel degrado con cumuli di spazzatura...Certo, è caratteristico (soprattutto nel male!), se si tiene conto del passato dei Navigli... Oggi, invece, c'è solo spazzatura e degrado... Il fatto positivo è che si tratta di una zona piena di locali, tanti dei quali carini e che di sera si trasforma in un punto di ritrovo soprattutto per comitive. Ci accontentiamo, però, solo di questo?Riaprire i Navigli? Non lo so, non sono un esperto e la questione divide ingegneri, professori e gli stessi cittadini di Milano... Tuttavia, non è possibile lasciarli così nel degrado, andrebbero valorizzati in qualche modo e, soprattutto, curati un minimo... Non si può lasciare le cose in questo modo, che equivale a non rispettare la storia della città e degli stessi Navigli. Peccato...",Non si può abbandonare al degrado una zona così storica..., 7 aprile 2015,AndreaVosilla,2.0,negative
10242,"Non ero mai stato in questa zona di Milano (parto prevenuto, Milano non mi piace). Sicuramente è valida se cerchi una proposta aperitivo/cena ma lo charme del luogo finisce lì...",Giusto per i locali, 18 maggio 2018,OKilo1981,3.0,neutral
8162,Pagato una cifra qualità pessima si salva in corner grazie alle opere.spiegazioni pessime ed abbassa voce i 60€ peggio spesi della mia vita,Uno schifo, 10 marzo 2017,chriscastellanza,1.0,negative
19506,"Da milanese originale e di generazioni, mi intristisce vedere lo sfruttamento intensivo di un quartiere tradizionale trasformato in aperitificio, imitazione grottesca di quartieri tradizionali di altre città. L'enorme massa di visitatori nel WE non può apprezzare il vecchio quartiere popolare. le gestioni attuali di ristoranti e bar non appartengono al quartiere ma da finanziarie e immobiliari. Si respira una falsa atmosfera alternativa mentre tutti i pittori e gli artigiani  originari sono stati espulsi. Che tristezza.",Tristissima imitazione di un ambiente del passato, 18 maggio 2016,enmal m,2.0,negative
863,Nel cuore di Manhattan un parco enorme che permette di passare del tempo lontano dalle auto.  Bello da vedere mi aspettavo qualcosa in più . È curato e se si è a New York merita una visita ,Un bel parco, 21 luglio 2019,saroclint,3.0,neutral
12343,"Le aspettative per questo distretto erano alte, visto il passaparola positivo ecc... Purtroppo la realtà è un'altra, la zona è sporca e maleodorante e locali di classe non ci sono (al meglio troverete qualche bar per fighetto)",Deludente, 16 settembre 2016,Andrea B,1.0,negative
10582,Da visitare senza dubbio per la storia e per vedere uno dei tanti punti dove il muro di Berlino è ancora conservato. ,Interessante, 22 agosto 2019,Stefano,3.0,neutral
19753,"Super posto per bere e mangiare ma niente di più. I canali affollati, i cibi e le bevande sono buone per il prezzo medio.",Super posto per bere non più., 16 aprile 2014,DoubleDaBee,3.0,neutral
3869,"Il museo, la sua idea è molto bella. Come ogni museo berlinese ha solo didascalie in tedesco e inglese. Certo che una audio guida in più lingue aiuterebbe molto la visita. Comunque da non perdere. ",Vacanza a Berlino , 2 maggio 2017,giuseppe T,3.0,neutral
1454,Il nostro tour è partito da qui. I secoli sembrano aver portato questo monumento senza segni fino ai nostri giorni.,È uno dei simboli di Berlino, 6 marzo 2019,Daniela C,4.0,positive
10067,"Naturalmente si va a Madrid e non si può non andare a visitare il museo del Prado.Belle opere, anche di gran valore, ma sinceramente ho visto musei ben più importanti e belli.",Visita al museo del Prado, 2 aprile 2023,Andrea191269,3.0,neutral
171,"Indubbiamente arrivare in Duomo in periodo di Pasqua non è dei migliori, non tanto per la folla,  perché al contrario di quanto si possa pensare, le file non erano eccessive e scorrevano velocemente, quanto piuttosto per la scarsezza del personale nonché la mancanza di indicazioni (per esempio per vedere il battistero).  Penso fra l’altro che sia poco “Cristiano” fare pagare  un prezzo che di certo non è un obolo per una visita breve e approssimativa di una chiesa.alquanto deludente,",Troppo caos poche indicazioni., 21 aprile 2023,Rosalba R,3.0,neutral
6922,"Niente di particolare, sono rimasto molto deluso; probabilmente è dipeso dal fatto che le aspettative erano alte tanto da non permettermi di apprezzare veramente il luogo. Lungo i canali dei Navigli, molto sporchi, innumerevoli locali commerciali  si succedono, uno dietro all'altro, favorendo la movida.",attese disattese, 6 giugno 2018,bianco,1.0,negative
9722,"Son ritornato dopo parecchi anni e lo trovo peggiorato. Caratteristico tanto, specie la sera con tutti i locali e il gran movimento.Di giorno grande squallore, i canali pieni di ogni tipo di immondizia e il tanfo di liquami che pervade l'aria.Peccato davvero, urge intervenire",peccato per lo stato degrado e sporcizia, 20 novembre 2012,asterix48,3.0,neutral
2356,"Curioso per i murales, alcuni dei quali fatti molto bene, e perchè comunque rappresenta un pezzo di storia contemporanea (anche se per le informazioni di tipo storico è opportuno visitare il memoriale del muro di Bernauer Str.).",Da vedere per i murales, 12 maggio 2019,Filippo A,3.0,neutral
11900,Il simbolo di Milano che altro non è che una chiesa ha stabilito un ticket da 3 euro per entrare veramente non ho parole vorrei sapere allora per quale motivo il Vaticano non paga l' Imu e chiede l'8x1000 ma vergognatevi!,Che tristezza!, 30 marzo 2019,Vival'Italia,1.0,negative
19760,"Oltre agli alberi , ai laghetti, agli scoiattoli, alle carrozze c'è un variegato mondo di persone che è lì per i più diversi motivi. Coppie romantiche e non, impiegati in pausa pranzo, ciclisti, sportivi, lettori, famiglie che fanno pic nic, anziani che vogliono respirare aria buona e, naturalmente, turisti di tutto il mondo.Come si può andare a New York e non passeggiare nel Central Park? E poi c'è sempre qualcuno che se ti vede in difficoltà di orientamento si ferma per darti informazioni. Che bello!",Da frequentare almeno due giorni a settimana! Ti amo, 3 luglio 2019,giuliana_52,5.0,positive
17275,"Il mausoleo è molto bello, molto impressionante e visitarlo da un senso di oppressione che evoca la sofferenza MA è troppo affollato e pieno di gente che non si rende conto di dove si trova, che mangia sui blocchi, parla ad alta voce, ci si mette in piedi....forse andrebbe un po' gestito e non lasciato in balia dei visitatori. Altra cosa infatti è la parte sotto terra che è una sorta di luogo sacro, come deve essere.",Bello ma troppo affollato, 8 gennaio 2020,RobertoRosi,2.0,negative
10979,"Uno dei luoghi più caratteristici di Milano è sicuramente il distretto dei navigli,immancabile meta  specie nel periodo estivo,dove è possibile percorrere la passeggiata lungo le rive del naviglio grande , sostare in uno degli innumerevoli ristorantini o bar,per successivamente arrivare nella zona della nuova Darsena,luogo d'incontro della movida estiva milanese...",Movida, 5 ottobre 2016,paolo x,4.0,positive
543,"Se lo visitate il sabato o la domenica dalle 18.00 alle 20.00 l'ingresso è gratuito, la coda è lunga ma scorrevole e in una mezz'oretta si entra se non siete li tra i primi.La visita è libera e anche se dovete sbrigarvela in un oretta e mezza si riesce a vedere quasi tutto anche se di corsa.Grande idea i musei gratis",PRADO GRATIS, 15 novembre 2018,Alberto V,3.0,neutral
3560,"Posto carino d'estate, pieno di locali uno attaccato all'altro.. ho provato un paio di aperitivi e devo dire che sono molto buoni, con possibilità di mangiare anche fuori... al massimo 3 stelle perchè penso che lo schifo che c'è dentro il naviglio rovini l'atmosfera.. pieno di personaggi che passano a vendere ogni genere di oggetti..pregate per il parcheggio..",Carino d'estate con buoni aperitivi!, 21 gennaio 2015,Moris,3.0,neutral
13912,E' il posto che più rappresenta la Milano vissuta; il contorno è magico; è bello perdersi nei ponti fino alla Darsena.Ben preservato; pieno di bei locali e ristoranti di qualità.,Brulicante, 17 giugno 2016,Zatopek56,4.0,positive
6941,"Certo si, probabilmente è il parco cittadino più grande del mondo ma che altro?  È grande, probabilmente troppo grande porche attraversandolo in lunghezza a un certo punto non vedi l'ora che finisca  (era pure una bella giornata fredda e ventosa). Che dire, ha 3 o 4 tra laghi e laghetti e un grosso bacino artificiale che occupa buona parte della porzione centro nord del parco. Il resto sono boschetti, qualche prato e la zona con i campi da softball. Se devo essere sincero abbiamo zone verdi cittadine molto più belle e curate nella maggior parte delle nostre città capoluogo di provincia. Quindi  oltre alle dimensioni ci ho visto poco. Purtroppo mentre scrivo è marzo e la primavera quest'anno è in ritardo... magari d'estate...",Grande si ma... che altro? , 23 marzo 2016,Luca T,3.0,neutral
881,"Bellissimo un parco immenso...girarlo tutto a piedi é quasi impossibile!!!comunque c è di tutto un laghetto,i giochi per bambini,la pista ciclabile,per i corridori diciamo un parco adatto a tutti ",Immenso , 19 agosto 2016,ToniVulta,3.0,neutral
8541,Un immenso parco in mezzo ai grattacieli.Non sono riuscita a girarlo tutto perché ci vorrebbe un giorno intero tra le sue viette.Ha una stata principale interna molto comoda per chi gira in bici e per chi corre.Poi sono tutti stradine tipo sentieri nel parco e ci sono le indicazioni quasi sempre altrimenti ci si perderebbe.Fantastico fare una passeggiata qui per staccare dal caos della città ,La pace tra i grattacieli , 10 gennaio 2019,Jeje,3.0,neutral
17301,Consiglio a tutti una passeggiata qui per ammirare i grattacieli che ko circondano e per provare a scovare i luoghi dei film,Passeggiata in Central Park, 23 dicembre 2015,lorenzo b,5.0,positive
6997,"E' sicuramente il museo più importante per la pittura del periodo 1400 -1800 .Sono esposti i quadri più importanti dei pittori spagnoli , italiani , fiamminghi .Molto utile e ben fatta l'audioguida ",Il top della pittura 1400 - 1800, 13 giugno 2019,wwholidays,5.0,positive
19649,Al momento in fase di allestimento NatalizioAppare nella sua maestosa mole ed originalità delle guglie tra le quali spicca il Sant'Ambrogio dorato,Unico, 4 dicembre 2019,Fab G,3.0,neutral
6444,"Questa zona è innanzitutto facilmente raggiungibile con la metro (fermata Porta Genova). Una passeggiata in questo luogo così tranquillo ci sta! La circondano poi numerosi locali, di tutti i tipi e gusti che sicuramente di sera ravviveranno l'atmosfera..p.S:Ho mangiato da Mangiatori.distrada prezzi ottimi soprattutto per la qualità ottima dello street food!",Una bella passeggiata!, 18 maggio 2016,Alessia B,5.0,positive
579,"Arrivo al Prado alle 10:00 del 31-12-2018.  Chiusura programmata alle 14:00.Centinaia di persone in attesa. Nessuna indicazione della fila x acquistare il biglietto. Pochissimi operatori bruschi che parlano solo uno spagnolo velocissimo. Dopo 40 minuti scopro di essere nella fila sbagliata, come altre decine di persone.Le file, lunghissime, in realtá sono addirittura tre, di cui, forse, una x chi ha  la prenotazione ma deve andare alla cassa a convalidarla! Cosa significa non si sa. Faccio un’altra fila, quella dei derelitti senza biglietto e senza prenotazione. Su un cordone lungo una delle file un foglio in spagnolo/inglese,riporta sibillinamente ”solo  conferencias/only lectures. Diversi chiedono spiegazioni senza risultato.Dopo un’altra ora e venti minuti sono ancora a venti metri dalla biglietteria.E’ mezzogiorno e come 31-12 la chiudo qui e me ne vado. La prossima volta mi farò accompagnare da uno spagnolo .",Museo del Prado: 31-12-2018, 4 gennaio 2019,MiMa,1.0,negative
3909,"Da milanese, il mio voto non è certamente per la bellezza di questa chiesa, meraviglia da visitare con rispetto e attenzione. Pessimo è il modo in cui, dopo un restauro di molti anni, questa meraviglia è stata restituita al pubblico: non vi sono barriere di alcun genere e i turisti possono girare liberamente ovunque e continuamente toccare gli affreschi (immagino che tra poco tempo sarà necessario un altro restauro!). L'ingresso è gratuito (e questo è semplicemente scandaloso, è così che valorizziamo il nostro patrimonio?): dovrebbe esserci un biglietto d'ingresso e le persone dovrebbero affluire a scaglioni. Un piccolo gioiello che l'Italia dimostra di non meritare, di non apprezzare e di non saper gestire.",Splendida occasione gettata, 26 aprile 2016,Giuseppe C,1.0,negative
12886,Tutta la zona è bellissima e il canale è stato progettato da Leonardo. Storia e splendida ambientazione durante il tramonto. Tuttavia ci sono un sacco di portare un repellente per noi dato che ci sono molti più così dopo il tramonto intorno alle 21.00 .,Zona bellissima MA Ci sono un sacco di zanzare, 22 ottobre 2018,Betel Nut,3.0,neutral
10,"Visitare Milano nel periodo di Natale e' molto suggestivo e le mille luminarie che impreziosiscono la citta'la rendono ancora pu' magica.Tra i tanti eventi cui e' possibile assistere in questo periodo, consiglio a tutti le fontane danzanti sui Navigli.Ogni sera dopo il 7 dicembre dalle 18.30 in poi sulla Darsena si assiste a uno spettacolo meraviglioso: fontane d' acqua illuminate che passano dal bianco all'azzurro ai toni piu' accessi del rosso e dell' arancio  danzando al ritmo di musiche natalazie.Nei dintorni,le tipiche bancherelle con chioschi food e drink che ti riscalderanno.Per chi lo desidera e' possibile ogni giorno dal 16 novembre al 30 dicembre 2019 fare una navigazione sui Navigli accompagnati da un pianista compositore con la partecipazione di artisti del coro della Scala.Botteghini x acquisti biglietti in loco.",Giochi d'acqua natalizi e navigazione musicale, 15 dicembre 2019,Alessandra d,1.0,negative
10600,"Vi sono dei resti del muro ed un piccolo cimitero, da non confedere con l'East side gallery dove vi sono i vari murales.",Pezzo di storia , 23 novembre 2019,marycapitano,3.0,neutral
14684,"Tempi di attesa lunghi , personale non disponibile … inoltre due ragazzi avevano delle piccole casse ed è stato detto loro di nasconderle per strada , al termine della visita alle terrazze le casse erano sparite . Nell’email ricevuta non era stato specificato quali oggetti non si devono portare .",Esperienza negativa, 6 maggio 2023,Anna Carolina,1.0,negative
14016,DUOMO che dire........ FANTASTICO. Impossibile andare a Milano e non visitare il Duomo. Luogo frequentato da gente di tutto il mondo. GOOD  ,Gita in gamiglia, 10 novembre 2019,Umberto Umbro p,5.0,positive
6942,"Dopo una giornata passata a camminare tra i grattacieli di Midtown è davvero un sollievo passeggiare per questo immenso parco (e far rilassare e sfogare i bambini)C'è davvero di tutto: una bellissima area giochi per bambini, rocce da scalare, ciliegi in fiore, laghetti con barche da poter noleggiare, lo zoo, gli scoiattoli, artisti che ballano, musei!",Un oasi di relax, 7 aprile 2016,Paola V,5.0,positive
19976,"Questa struttura, sorta dove prima vi erano i quartier generali di Gestapo, SS e Cancelleria del Reich ha aperto una mostra permanente nel 2010 all'interno del centro di documentazione. Ripercorre la storia del luogo e dell'avvento del nazionalsocialismo fino ai processi di Norimberga. Interessante anche l'esterno: frammenti di pietre scure a testimoniare che dove vigeva quel sistema non può crescere più nulla,  parole della bravissima guida che ci ha accompagnati.","Ben organizzato, assolutamente da vedere", 18 ottobre 2018,maria grazia p,5.0,positive
16397,Nel ventunesimo secolo è possibile che per prendere i biglietti con riduzione per i bambini non si possa accedere ai totem automatici e quindi fare un ora di fila? Per poi farne un altra per entrare? Dai ragazzi entrate nel futuro perché è il presente!,Poca informazione...il Duomo é del 200 come la tecnologia, 4 gennaio 2019,Riccardo E,2.0,negative
13900,Chi viene a Manhattan non può non fare una visita a questo enorme polmone verde da cui si gode la vista mozzafiato dei grattacieli...È uno spaccato della cittadina newyorkese e si incontrano tutte le tipologie di persone..dal city man agli hippie...,Un must..., 8 ottobre 2016,Stefano F,3.0,neutral
767,ho corso tutto il giorno dietro ai scoiattoli insieme alla mia nipotina e ci siamo goduti un bel giro del parco su una tipica carrozza è stata davvero una giornata bellissima,tranquillità e felicità, 10 aprile 2016,teresap482016,5.0,positive
7634,Niente di particolare c’è di meglio in giro per Berlino Di sera sembra che ti mettano ansia il luogo è un po’ scuro. Sicuramente è un luogo di significato storico ma non mi ha lasciato grosso stupore,Niente di che solo significativo, 31 dicembre 2018,ValerioFoodPorn,2.0,negative
15166,"Una volta dentro , l’unica cosa ke mi é venuta in mente di fare é giocare a nascondino con la mia ragazza😅 ci siamo divertiti a farlo anche perché non capivamo il senso dell’opera , la consiglio 😅",Divertente , 15 dicembre 2018,kekkoje,3.0,neutral
11321,"Una bella passeggiata, diversi locali, pero` si sentiva un po` di malo odore! Se vi trovate a Milano e bello fare una passeggiata sui navigli ma se decidete di non visitarlo non vi perdete nulla!",Niente di speciale, 12 ottobre 2018,ekarslue,3.0,neutral
1399,Il duomo di Milano è semplicemente fantastico!!! Un architettura unica che lo fa riconoscere fra mille cattedrali.,Il duomo di Milano , 11 marzo 2019,N60,5.0,positive
9838,"Avendo girato in lungo e in largo Germania e Polonia possiamo dire che questo non è uno dei migliori siti commemorativi del genocidio, ma per chi si trova in città vale comunque la pena recarsi qui e capire che cosa è successo negli anni bui. Non è necessaria la prenotazione",Da vedere, 22 agosto 2021,DaniV76,3.0,neutral
11280,"Ho fatto una crociera lungo il canale che è un'esperienza incantevole per avere un'idea della zona, ma anche un po' di tempo per visitare i negozi, ristoranti e bar.Modo più semplice per arrivare e' su uno degli autobus principali aperte o in tramVivace e animata",Trascorrere un po' di tempo qui, 21 settembre 2018,Jenni G,4.0,positive
12749,"Premesso che la zona dei Navigli è una delle più belle e caratteristiche di Milano, e che vale assolutamente la pena di visitarla (meglio al pomeriggio o la sera), sono rimasta molto delusa dal Mercatino di Natale in Darsena: nulla di originale o artigianale, una replica di quello in piazza Duomo, dove le bancarelle sembrano catene in franchising. Possibile che Milano non riesca ad attrarre espositori che propongano articoli originali e diversificati?",Mercatini di Natale , 18 dicembre 2016,N8942NDpaolap,1.0,negative
15281,Un susseguirsi di locali di ogni genere che danno lustro ad un quartiere che di per se è oggettivamente non bello,Solo locali, 11 dicembre 2016,redrosso,2.0,negative
2278,"Oltre a essere uno dei luoghi simbolo del capoluogo lombardo, il distretto dei Navigli è una zona molto suggestiva. Ci sono stato in diversi momenti della giornata e, sia nelle ore più soleggiate, sia al tramonto o di sera, ho trovato scorsi incantevoli. Da non perdere le varie gallerie d'arte presenti in zona, il vicolo dei lavandai, le librerie dell'usato e i negozietti che vendono vintage.",Suggestivo, 28 settembre 2016,Cosmopoletano,4.0,positive
11002,"Visita di un giorno a Milano e sicuramente è l'attrazione principale della città, fatto anche giro interno prezzo 3€ bello, ma mi aspettavo di più. Volendo con prezzo superiore si può visitare anche la parte superiore raggiungibile con e senza ascensore.",Maestoso, 27 dicembre 2019,Ivano F,4.0,positive
8997,"Tappa immancabile di una visita a Berlino, il Reichstag rappresenta appieno la capitale tedesca.Certo, i sovietici lo hanno devastato alla fine della seconda guerra mondiale... però, anche se me lo aspettavo più interessante, merita senz'altro una visita.È importante prenotare la visita per tempo, i posti disponibili sono pochi; conviene anche recarsi in loco prima dell'orario fissato, si devono superare severi controlli di sicurezza.","Bello, ma ne ho visti di più maestosi", 18 agosto 2019,ZioOlaf,3.0,neutral
5163,"Beh, dire che il Duomo non sia bello, sarebbe dire un idiozia. Da fuori è un capolavoro dell’architettura italiana, qualcosa che ti lascia a bocca aperta ma ormai visitare la Chiesa al suo interno è diventato solo business. Giusto pagare per salire sul Duomo, giusto pagare per visitare il museo ma pagare per entrare in Chiesa MAI. Mi sono rifiutato non per i 3 € ma per principio. Vergognatevi! ",Non pagherò mai per entrare in Chiesa, 29 agosto 2019,pinnighi,1.0,negative
18066,A differenza dell’altro museo del muro questo è semplicemente un ritrovo di giovani su un prato con dietro un pezzo di muro che da una parte è usato come gallery e dall’altra pieno di graffiti non viene spiegato quasi nulla ed alla fine ci hanno anche costruito un palazzo tra il fiume ed il muro..... penso che si debba preservare un po’ meglio questo luogo ,Poco valore per un pezzo di storia, 26 aprile 2019,Mighe80,2.0,negative
15045,"Purtroppo non siamo riusciti per mancanza di tempo a visitare gli interni e sopratutto la famosa Cupola che bisognava prenotare per tempo e che purtroppo quando abbiamo provato ci ha ""respinti"" perche' ci dava come primo giorno disponibile il mercoledi' successivo al nostro ritorno in Italia. Da fuori un palazzo imponente situato nelle vicinanze della Porta di Brandeburgo e dell'imenso parco Tiegarten. Gli do 3 per questo ma sicuramente meriterebbe di piu'. Colpa nostra.",Esterno giorno, 20 dicembre 2019,Vittorio,3.0,neutral
9816,"Tempio dell'happy hour milanese, aperitivo von buffet o apericena, è una delle pochissime parti di Milano ad aver conservato un'atmosfera d'altri tempi, in una città che ha praticamente sacrificato tutto il suo passato alla modernità e al lavoro. Qui ci si ritrova la sera per chiacchierare. Ci trovi gruppi di giovani, coppie, ma anche famiglie e persone in viaggio per lavoro. Nella bella stagione ci si siede ai tavolini o ai divanetti all'esterno. A bere uno sbagliato, uno spritz, un americano. È la Milano un po' edonista che cerca la compagnia più che la buona cucina. Per la cena vera e propria le pizzerie della zona sono un po' care, forse meglio un ristorante, non a buon mercato certo, ma con menù di tutto rispetto. Nei weekend da vedere i mercatini.",la Milano da bere, 6 ottobre 2013,hectortravelling,3.0,neutral
18793,"Molto bella, imponente...da raggiungere a piedi direttamente da Alexander Platz attraverso un vialone che racconta molto del passato della città oppure attraverso il trenino U55 dalla stazione centrale.",Imponente, 7 novembre 2019,Giangy,4.0,positive
13271,Sicuramente il significato é quello che è... ma di sera desta spavento Molto buio.Da visitare di sfuggita e di giorno alla luce.Luogo comunque storico e suggestivo Io ritengo che a Berlino c’è di meglioTipo il parlamento il duomo il municipio e la torre,Arrugginito, 31 dicembre 2018,ValerioFoodPorn,2.0,negative
14925,"Il Distretto dei Navigli offre un'immagine della vecchia Milano anche se di vecchio non c'è più nulla. Peccato che non ci siano più le vecchie osterie! Comunque il distretto è una delle zone più piacevoli di Milano, dove alla sera c'è sempre vita e dove spesso vengono organizzati mercatini, mostre all'aperto ed eventi vari. Per uno straniero direi ""imperdibile"".Claudio e Giuliana",Imperdibile per chi visita Milano., 6 marzo 2018,claudio,4.0,positive
10496,"Sicuramente da vedere..Esperienza di capodanno bocciata. A meno che non piace la bolgia allo stato puro. Siamo arrivati e il.palco con la.musica, talmente eravamo in tanti, che si vedeva come un piccolo puntino lontano, e nonostante gli schermi, qua e là, per riprodurre la festa, la.musica era bassa, gli stand per il cibo pochi, e noi....miliardi!!!!!!!!! ",Bella ma.., 2 gennaio 2020,Alice P,2.0,negative
10852,È stata la prima tappa che abbiamo fatto appena arrivati a Berlino per una breve vacanza. Il fascino ti cattura per averla vista tantissime volte in televisione o sulla carta stampata. Fermarsi per ammirarla è senz’altro un atto dovuto! ,Icona berlinese, 8 marzo 2020,Franco P,4.0,positive
19827,"Piazza Duomo è sempre Piazza Duomo!!! Affollatissima a qualsiasi ora, piena di vita di persone e di vie dello shopping!!!",PIAZZA DUOMO, 5 marzo 2022,Vale,3.0,neutral
15085,"Rientro da un bel viaggio a Berlino, sinceramente devo ancora riprendermi dalla visita di questo posto; scenografica la distesa di steli a diverse altezze.....ci si addentra......poi , dopo un pò di coda, si entra in quello che dovrebbe essere un memoriale dell' Olocausto......?!?! Quello che si capisce è che ad un certo punto si è deciso prima di espellere....poi di radunare in ghetti...poi di rinchiudere in campi di concentramento ....ed infine eliminare ebrei, sinti e rom..........Lo si evince SOLO dal fatto che alcuni passi tratti da lettere di sopravvissuti o defunti hanno scritto che scempio si stesse perpetrando.......PUNTO!!!!! Immagine di repertorio storico, famiglie....soldati......ammassamenti in treno......alcuni scatti confusi.......secondo me invece si sente serpeggiare l' orgoglio tedesco .....non condivido questa rappresentazione di un immondo massacro! Chi è stato alle risiere di San Sabba a Trieste sa di cosa parlo.........Peccato occasione persa per fare ammenda...se non altro!!!",MEMORIALE??? MEMORANDUM......, 7 gennaio 2020,jhonjhon,2.0,negative
13619,"visitato a dicembre con gran freddo e neve, con conseguente ghiaccio ovunque quindi poco sfruttato, lo immagino in primavera come un posto incantevole. ha comunque il suo fascino in inverno e vale una visita. scoiattoli ovunque che vengono a trovarvi.",molto bello, 22 dicembre 2017,Tommaso,3.0,neutral
12115,"Sul numero ci sarà sicuramente un posto dove si mangia bene.A vedere i clienti che mangiano fuori non sembra un luogo da gourmet, ma più un luogo da movida.",Il più lungo mangificio vista canale di Milano. , 10 settembre 2019,EugenioePatrizia,2.0,negative
6491,"Come tutti i grandi Musei soffre di eccesso di opere d'arte. Dato che è impossibile per un turista tornare più volte si rischia l'indigestione. L'offerta artistica è enorme e stupefacente e quindi dispiace esserne travolti.Il Thyssen Bornemiska è notevolmente più bello, più misurato e nello stesso tempo ricchissimo di opere d'arte.Bisogna andarci, ma non pretendendo di vedere tutto!",Tutto troppo troppo..., 8 settembre 2019,Senzapp62,3.0,neutral
3587,"L'impatto all'ingresso dal lato del Plaza è' stato funestato dalla vista di 2 topi ( non scoiattoli) di dimensione veneziana.Via via altri incontri dello stesso tipo... E a quel punto siamo usciti.Era fantastica l'indifferenza delle persone che li avevano a pochi centimetri ... Dimenticavo l'ora... 11,00 del mattino!",Quante pantegane..., 12 agosto 2016,Paolo62B,1.0,negative
10428,"Siamo stati sui navigli due settimane fa, luogo molto caratteristico di Milano passeggiata gradevole dato il bel tempo, ma sembra siano stati abbandonati dal comune, li abbiamo  trovato pieni! Si ma non d'acqua ma di spazzatura....Peccato perché ci sono veramente bei locali nella zona;  speriamo che per l'Expo facciano qualcosa altrimenti faremo una bella figuraccia ...",Passeggiata gradevole......ma..., 23 marzo 2015,Any G,3.0,neutral
15776,"Lo sappiamo tutti che Central Park è il polmone di New York. Ma alla fine è un parco, solamente molto grande. Interessante la statua di Alice nel paese delle meraviglie, il lago ecc. ma niente di più. ",Bello ma sopravvalutato, 27 settembre 2018,Kappa2985,4.0,positive
15758,"Una sola parola: stupendo. Luogo perfetto e curatissimo per passeggiare, prendere il sole, rilassarsi... è possibile anche affittare una barchetta a remi nel laghetto e fare un giro romantico",Stupendo, 9 settembre 2016,Ottavio M,5.0,positive
13603,"Il quartiere è caratteristico, ma io l'ho trovato molto triste, soprattutto la sera la cui vita notturna a molti piace. Io ho visto un'umanità sola e triste.",Triste, 28 dicembre 2017,ziapreferita,3.0,neutral
11739,"bellissimo museo di Madrid,ma non me lo sono goduto al 100% dato che non sono un amante delle opere al suo interno!!!abbiamo cercato le cose principali che conoscevamo, visitato qualche opera sconosciuta ai nostri occhi, poi siamo andati via!!!il museo è tenuto benissimo ed è molto pulito!!!!","un bel museo, peccato non sia interessato tantissimo all'arte che ospita!!!", 28 agosto 2017,antonio m,3.0,neutral
14355,"È un museo discretamente interessante. Ricostruisce la storia dell'ascesa al nazismo in maniera approfondita e dettagliata con immagini, spiegazioni, approfondimenti. Molto grande e completo. Tuttavia per certi versi risulta un museo che è poco coinvolgente e che resta freddo, non molto interattivo, o almeno questa la sensazione a me restituita.",Interessante, 29 settembre 2018,Klaus Kinski,3.0,neutral
17220,"Siamo stati informati di tutto il vintage e canali. I negozi che non abbiamo potuto vedere, ma un negozio di vino in un nuovo complesso, ristoranti niente di speciale a meno che non si voleva sedersi in una chiatta - abbiamo girato intorno e abbiamo cercato per più calore. Potrebbe ripetere in una calda notte e ancora mi chiedo dove i negozi d'annata potrebbe essere nascosta.",Una serata in febbraio e non ne vale la pena, 11 marzo 2013,kgnScotland,2.0,negative
14846,"Siamo andati al museo del Prado pensando di vedere le opere di Picasso e Dalí quando abbiamo appreso che sono state trasferite al Museo di Reina Sofia.  Le opere al Museo del Prado, oltre che dislocate in maniera disorganica non sono salvo alcune così affascinanti, a meno che non siate intenditori difficilmente ne rimarrete sbalorditi. Come prima tappa il consiglio è di partire dal Museo Reina Sofia. ",Una delusione, 15 agosto 2019,alessia,2.0,negative
14869,"Serata a Milano, esporazione lungo i Navigli. Domanda: cosa ci trovano di particolare? Capisco che non vi siano zone di ritrovo a Milano, ma cosa hanno i Navigli di cosi' attraente? Due canali che d'estate saranno pieni di zanzare, una serie di locali e localini di livello medio-basso, un sacco di gente che beve, livello di pulizia a dir poco discutibile. In Italia vi saranno almeno un milione di posti migliori!",Cosa ci trovano di particolare?, 11 marzo 2012,Francesco G,2.0,negative
1899,Museo grandissimo e davvero interessante.....forse un po troppo per una sola visita.....ma le sedute presenti permettono di godersi al massimo le opere ,Davvero interessante, 18 agosto 2019,Rino S,4.0,positive
4986,"Andando di sabato e sedendosi all'aperto di uno qualsiasi dei locali presenti, dalle 19 in avanti vedi arrivare dalla stazione MM di porta Genova frotte di giovani... che samnp già dove andare per divertirsi.E la notte è lunga...Come è cambiato da quando era conosciuto come Porta Cica! La Darsena ora è un ambiente che invoglia a trovarsi e a fare tardi.Locali per tutti i gusti, vastissima scelta per un'aperitivo e per cenare.",Quartiere affollatissimo..., 2 ottobre 2017,Gianfranco M,4.0,positive
7533,"Abbiamo cenato e passato la serata in questo piacevole angolo di Milano in cui la scelta di locali per aperitivo, cena e dopo-cena è veramente ampia. Movimento degno di una via del Corso, sempre bello passeggiare con l'acqua sullo sfondo",Il piacere di passeggiare a bordo riva, 1 ottobre 2018,Marco M,4.0,positive
18732,Per chi va a Madrid non può esimersi dal visitare il museo del Prado. Da escludere la domenica (poco organizzati) meglio se in giorni feriali. Le opere non sono esposte al meglio (ad es. effetto luce) e poche zone di sosta. Da vedere la Maja vestida e la Maja desnuda. ,Da visitare ma non entusiasma , 22 dicembre 2017,Califfo_Oscuro,3.0,neutral
1061,Mi aspettavo di meglio.I locali che lo animano sono per lo più (tranne qualche rara eccezione) baretti e localini impersonali e beceri.Dehors di plastica che fanno male al cuore (e agli occhi).Che delusione! ,deludente, 22 gennaio 2018,Letileti2016,2.0,negative
7801,"Visita guida gratuita se prenotata in anticipo. Fatto bene per i turisti, viene spiegata tutta la storia e di giorno si ha una panoramica sulla città, controlli all’ingresso quasi eccessivi",Suggestivo, 13 maggio 2019,hallie_review,4.0,positive
5294,"Ho visitato il museo con le mie figlie di 12 e 18 anni.Ci è piaciuto,ma lo abbiamo trovato un po' troppo labirintico rispetto a tanti altri museo europei.",Visita interessante, 26 ottobre 2018,Donatella C,3.0,neutral
8205,"Nella mia visita a New York ho dedicato un giorno alla visita completa di Central Park. Parco molto bello e pulito con scorci molto interessanti, ma nn inserisco questa  meta come una delle prioritarie x chi si reca a New York.",Polmone verde della città, 8 ottobre 2015,Nardello82,3.0,neutral
4241,Non esiste una giusta recensione per definire  la magnifica visita a questo museo.Da non perdere!!!!!,Fantastico, 4 gennaio 2019,Rosario C,5.0,positive
15978,per raggiungerlo in taxi costo medio 20 euro al ritorno avere in taxi è un odissea . all interno personale svogliato . nn dispongono di audio guida e pertanto o capisci un po' di spagnolo o niente da fare. peccato ! mediocre ,bel posto ma poco funzionale per il turista , 15 settembre 2017,Ettore Val,2.0,negative
3676,"Circondato dai grattacieli, nella notte di capodanno, illuminato dai fuochi d'artificio, è stupendo. Durante il giorno la pista di pattinaggio e le stradine popolate da turisti e abitanti impegnati nelle corse mattutine, anche questo è New York.",polmone verde, 7 gennaio 2019,Marco B,5.0,positive
15693,"Quando si entra si rimane a bocca aperta perché la chiesa è interamente affrescata e ottimamente restaurata. Nella parte dietro al coro c’è un bellissimo affresco dell’Arca di Noè, da non perdere.",Super affreschi, 17 marzo 2019,ACM1899Pier,4.0,positive
6765,Sarà che personalmente  non amo i musei di questo tipo ....l’unica nota positiva per quanto mi riguarda è che dopo le 18 non si paga !!!! ,Nella media !!!!, 22 gennaio 2018,elly310178,3.0,neutral
14943,"Pessima esperienza, all'ingresso controlli eccessivi da parte di sceriffi cafoni, i quali non potendo fare nulla nella vita si compiacciono a fare l'autorità (di che, a che titolo). Entrati la sacralità del luogo è nulla, non più di un supermercato o un centro commerciale. Il duomo ha perso la sua anima come forse anche questa città. Consiglio di ammirarlo da fuori dove mostra il meglio a livello artistico e non si foraggia questi simoniaci del Duomo.",Benvenuti al supermercato Alcatraz, 22 marzo 2023,Alessandro,1.0,negative
10565,"Tutto come da copione. Enorme ed accogliente, con tratti allegri (Alice e personaggi del libro), con altri commoventi e riflessivi (lo StrawberryField dedicato a John Lennon, assassinato a pochi metri e la stele ""Imagine"", regalata dal comune di Napoli). Tantissime altre cose da fare e da vedere, ma così poco tempo (sigh!)...",È il ...polmone di NY, 12 luglio 2016,Sabatino T,5.0,positive
19079,"bellissimo, girarlo a piedi ma ancor di piu in bicicletta. richiede almeno mezza giornata per la visita",stupendo, 10 dicembre 2018,antonina p,5.0,positive
14507,merita una visita la bellissima east side gallery con i suoi fantastici murales provenienti da tutto il mondo.,spettacolare, 24 giugno 2019,djDarioDea,5.0,positive
7593,"Seconda volta che entro in questo museo e confermo la mia precedente impressione: le opere in questo museo sono tante, quelle valevoli di nota ben poche. Il museo è disorganizzato e dispersivo.",Tante opere senza un percorso, 15 agosto 2017,Simosimo1970,2.0,negative
7323,C’è poco da dire: vedere il muro da vicino fa impressione Forse solo chi è negli “anta” può capire sino in fondo...Sono solo 5-600 metri ma è storia,Non per tutti, 11 gennaio 2019,Antonio C,4.0,positive
10699,"Pessima l'organizzazione, ci hanno venduto il biglietto tutto compreso senza avvisarci che il resto della visita sarebbe stata chiusa di lunedì, giorno in cui noi l'abbiamo fatta. Non esiste una toilette in tutta l'area dedicata ai biglietti, cosa secondo me molto grave. Assenza di custodi, perché stavano pranzando, che bloccava l'ingresso al duomo dopo la discesa dalle terrazze, x cui anche senza biglietto e senza controlli si poteva entrare. Insomma, secondo me c'è molto da migliorare.",Disorganizzata al massimo, 18 maggio 2021,Patrizia R,1.0,negative
13718,"Nonostante si trovi vicino un pezzo di muro, in realtà si tratta della sede dalla quale Hitler gestiva le sue operazioni.Personalmente, non l'ho molto apprezzato in quanto mi aspettavo una sorta di museo con oggetti vari, mentre invece, si tratta di un lungo passeggio con dei poster riguardanti quella triste epoca.L'ingresso è gratuito.",Da visitare, 27 giugno 2019,Bernardino P,3.0,neutral
19712,"Siamo arrivati all’entrata del museo intorno alle 17:50, giusto 10 minuti prima dell’apertura gratuita al pubblico. Siamo entrati nel museo alle 18:25.La coda scorre abbastanza velocemente e ne vale la pena, i quadri sono interessanti ma riguardano principalmente artisti spagnoli.",Visita veloce, 31 luglio 2018,Daisy,3.0,neutral
11037,File chilometriche. Dopo 2 ore di fila entri e perdi l entusiasmo  per tutto. Consiglio il biglietto on line che prevede una fila lunga ma molto scorrevole e soprattutto prioritaria.  I dipinti al interno ovviamente un capolavoro da togliere il respiro,Pazzesco, 3 maggio 2018,giampy1967,3.0,neutral
2384,"L'ingresso è gratuito ed all'interno c'è una mostra fotografica che rappresenta l'ascesa, il periodo d'oro e la fine del nazismo. Se avete tempo fateci un salto, ci si passa davanti per andare verso check point charlie da postdamer platz. Di fronte c'è un anche un altro pezzo del muro molto anonimo, senza alcuna scritta",un'idea della triste storia passata, 7 marzo 2019,Sog77,3.0,neutral
13542,"Bel parco ,sicuramente molto apprezzato per i cittadini di New York per rigenerarsi dal caos della città ",Carino, 14 luglio 2018,Lory G,3.0,neutral
9121,"Per mia esperienza è stato molto bello visitare Milano e il suo Duomo, uno dei simboli portanti dell'Italia, la piazza abbastanza affollata ma pulita, bello anche con un tempo un po' nuvolo.",Come lo immaginavo, 24 ottobre 2018,Wale,4.0,positive
2261,"Siamo stati qui per 3 notti per Capodanno con un 3-anno-vecchio e 5-anno-vecchio. Prima di tutto, non andate nel periodo di Capodanno. L'hotel era piuttosto dead e ci ha detto ""ci sono un sacco di posti dove ""chiuso fino a dopo Epifania."" In secondo luogo, non mi sarebbe portare i bambini alla zona dei Navigli (o Milano in generale) nuovamente. Era il piu' delle nazioni unite-kid accogliente città ci sia stato in Italia e viviamo qui così viaggiamo molto spesso. Non è affatto passeggino cordiale e la zona dei Navigli è sicuramente più orientato verso i bar e i ristoranti di qualsiasi altra cosa. Non era super pulito (cattivo odore di cane e bottiglie rotte sui marciapiedi) e, rispetto ad altre zone in Italia, il fascino era carente.",Non un ragazzino area accogliente della città, 15 gennaio 2013,lauramillertexas,2.0,negative
13669,"Non mi e piaciuto ed e soprattutto una mostra sulle atrocità  della guerra in Polonia. Il muro e sempre un grande effetto, avrei segnalato la sede della gestapo",Purtroppo esiete, 13 ottobre 2019,Cesare the big,1.0,negative
14824,"Da come me ne parlavano mi aspettavo molto di più, luogo carino, mah niente di particolare, tutto nella media.",Nella media, 8 febbraio 2019,Marco R,3.0,neutral
13756,Sono tornata a madrid per la seconda volta.. decido di andare a visitare il museo nel pomeriggio dalle 18-20 é gratis oppure paghi il ridotto 7.50€.. bello perché è bello però troppo grande troppi quadri.. male organizzito perché non hanno fatto il percorso e ti perdi e non ti ricordi alla fine se una stanza l'hai vista o meno ,TROPPO GRANDE , 18 settembre 2018,dariamarchet,3.0,neutral
445,"Il duomo è molto bello, ci vado da quando ero piccolo e ha sempre il suo fascino....Peccato x i controlli e il pagamento dell'entrata di 3euro...Una volta era gratis e niente controlli... Rovina tutta la magia tale cosa",Bello, 20 gennaio 2019,ilan82,3.0,neutral
13656,Troppo grande per visitarlo in 5 ore consecutive .troppo disomogenea e caotica .però opere magnifiche,Lo vedrei in più riprese , 12 ottobre 2017,Daniela C,3.0,neutral
9821,Bello anche d'inverno! Noi l'abbiamo percorso tutto in una gelida mattina...tutto dormiva magicamente. Ci siamo promessi di tornarci per riviverlo quando tutto si risveglia e torna alla vita! Tappa obbligatoria.,Suggestivo, 20 marzo 2016,Ilaria V,4.0,positive
5971,"ma, esclusa la nuova Darsena, tutto il resto è da ripensare!Dovete dare nuovo lustro alla zona, curare la passeggiata, le rifiniture... decidersi a far fluire acqua meno oscena e tener (e far tenere) pulito il letto dei Navigli.Forza, Milano!",Un cuore così interessante e vivace..., 14 luglio 2016,Sakura_Hikaru,2.0,negative
2060,"A parte le 3-4 cose che si vedono nei film (fontana di friends, ecc; su internet trovate le cartine con i dettagli per film), è solo un parco.Comunque se volete girarlo vi consiglio le biciclette: 1 ora è più che sufficiente e le trovate in affitto ad ogni entrata sud del parco e/o in negozi specializzati nelle vicinanze (vedete su internet).Fatevi dare il casco e fate il giro sul percorso dedicato.Un velo pietoso sul giro in carrozza trainata dai cavalli.....Fuori dai weekend è un pò più tranquillo.Ci sono le fontanelle ogni tanto per l'acqua",Un parco come tanti, 3 dicembre 2017,Andrea,3.0,neutral
6045,Oggi ho passato 3 ore in visita al museo. E'stata un' ottima scelta. Vale il prezzo del biglietto. Insufficiente l'illuminazione di alcuni dipinti e lo spostamento fra le sale non è  agevole e si corre il rischio di perdere alcune sale. ,Visita culturale , 18 febbraio 2018,Dario G,3.0,neutral
1546,"Molto carino e iconico. Tuttavia ci aspettavamo qualcosa di gigantesco, mentre invece è solo un grande parco urbano....anche se è circondato da un panorama stupefacente",Bello il foliage di novembre, 15 febbraio 2017,Bufalo1,3.0,neutral
19322,"A causa di un dolore al piede non abbiamo potuto girarla molto ma da quello che ho visto sembrava un bel parco anche se inferiore a quelli londinesi, tranne che per la grandezza, spero un giorno di tornarci per vederlo meglio. ",Peccato, 20 agosto 2018,Dario B,3.0,neutral
16408,"Bellissimo senza dubbio, ma questa volta sono rimasta molto delusa dalla sua gestione!!!Orribile il mega schermo posto su un lato che proietta pubblicità … è pur sempre un luogo di culto!!!In secondo luogo, avendolo già visitato più volte, tetto compreso, volevo entrare solo per una preghiera … ed invece no … unica possibilità: pagare il biglietto e qualche ora di fila!!! Ho rinunciato … Che dire poi del cafone con la divisa dietro le transenne che non faceva nulla tranne che passeggiare guardando per aria con le braccia incrociate dietro … una caricatura da film di guerra … non uno sguardo ai turisti e all’ambiente circostante … si è rifiutato di darmi un’informazione dicendo che “non era un suo compito!”Che degrado sociale!!!!",Pessima gestione dello splendido simbolo di Milano, 3 gennaio 2023,GIUSI N,1.0,negative
5952,"c'è veramente troppo all'interno del museo che risulta molto confusionario e difficile da girare, tantissimi quadri tutti assieme fanno perdere di vista quelli più interessanti, forse meglio la parte con le statue perchè meno piena di gente, poca coda per entrare per fortuna, vale una visita solo per il nome che porta...",forse troppo, 22 ottobre 2019,onka79,3.0,neutral
15251,"Non rimane molto del muro di Berlino nella parte ovest. Purtroppo i vandali hanno costretto a coprire anche quel poco, che comunque risulta avulso dal posto in cui sorge, perdendo molto del suo significato. Molto più interessante la parte che rimane a est, in prossimità dei Muehlenstrasse.",Una testimonianza importante ma fuori contesto, 13 marzo 2017,LupoAlbert0,3.0,neutral
13278,"La cosa più bella il luogo, la peggiore è che è un agglomerato di ristoranti, ini, bar, bistrot. Della Milano dei Navigli è rimasta l'acqua e la rinascente Darsena sperando che non diventi anche Lei un conglomerato di ristoranti.",Indubbiamente affascinante per il primo impatto, 26 agosto 2017,Fulvio G,2.0,negative
13416,"Merita una visita, un labirinto di stele di differenti altezze, molto suggestivo sia da vedersi che percorrerlo al suo interno.Molto vicino al parlamento ed alla porta di Brandeburgo.",Luogo suggestivo, 29 aprile 2019,Caspercbo,3.0,neutral
16811,"Non mi sono nemmeno potuta godere la (bellissima) cattedrale, perché ai controlli non volevano far entrare il mio ragazzo, nonostante avessimo già comprato i biglietti. Il motivo: aveva un cappellino dell'Inter!!!!!Per qualche misterioso motivo quel giorno era vietato portarlo all'interno, anche se ben nascosto dentro lo zaino. È stato decisamente assurdo, e soprattutto sono stati molto maleducati, senza nemmeno darci una reale motivazione. Per fortuna il ragazzo all'entrata si è offerto di guardare il cappellino mentre eravamo dentro il duomo.",Cacciati per colpa di un cappellino dell'Inter, 24 maggio 2021,Aurora B,1.0,negative
10514,"Bella, grande, con un sacco di dettagli.che a prima vista possono sfuggire.Interessante la sua storia durante il muro, quando era rimasta intatta, come uno dei varchi per passare tra due Berlino.E poi... è un po' il simbolo della città, non si puó non visitare!",Imponente, 8 agosto 2019,sabina,5.0,positive
4479,"Forse mi aspettavo qualche cosa in più,di certo l'edificio è maestoso ma nulla di 'impressionante'.Comunque è una cosa da andare a vedere se si vuole avere un'idea generale della Berlino 'potente'",insomma, 22 novembre 2019,ale,3.0,neutral
17540,Ma dov'è finita la movida italiana? In realtà non è mai esistita. Me ne vado in Grecia perché qua ci si annoia e basta. Ci sono solo locali da nonni senza musica.,Noia, 30 dicembre 2017,Silvia O,1.0,negative
1032,Non esiste una politica di decoro urbano. I muri pieni di scritte di teppisti e imbrattatori che operano indisturbatiFrancamente non gliela darei vinta e penserei ad un sodalizio da cittadini e Comune per cancellare in tempo reale cio' che rende cosi' deprimente e squallida la visione di un distretto che potrebbe essere bellissimoCon il Naviglio in secca spuntano rifiuti di ogni genere che non vengono rimossi se non dopo immemore tempoMolto da fare ancora,Purtroppo ancora molto da fare, 28 marzo 2016,Guido M,2.0,negative
8581,Visitato sia a piedi che in bici (affittate da bike rentals sulla 58). A piedi si vedono più cose perché alcuni percorsi non sono accessibili in bici.Con la bici in un'ora e mezza si gira completamente tutto facendo qualche sosta per fare foto,Da passarci tutto il giorno, 10 agosto 2017,flavioti,5.0,positive
11035,"non ho mai capito i fans dei navigli... sarà x la movida notturna ? boh !?ricco esempio della bruttezza generale di Milano.freddi, brutti, decadenti. Brutte case (fuori, dentro saranno arredate impeccabilmente conoscendo la mentalità del milanese ricco) che si affacciano su un canalacci senza poesia.per nn parlare delle invasioni notturne x la movida o gli inutili e squallidi mercatini",squallida decadenza, 19 dicembre 2014,Evilone75,1.0,negative
14523,"Un posto bellissimo, un.parco incredibile. Ci siamo stati in un soleggiato lunedì di fine settembre. Atmosfera rilassante, pieno di persone che si godevano gli ultimi scampoli di giornata. Che invidia per questo newyorkesi...",Che invidia questi Newyorkesi.., 26 settembre 2016,teibaal,5.0,positive
2009,"Purtroppo, essendo ignoranti per quanto riguarda l’arte, ci siamo limitate a girare a zonzo per il museo.Per il biglietto abbiamo atteso sotto la pioggia più di un’ora. Per gli studenti l’ingresso è gratuito. ",Gratuito per studenti , 11 marzo 2018,Cioca San,3.0,neutral
17414,"Un imbroglio e un furto!!!Un imbroglio, un furto e una presa in giro. Ho acquistato i biglietti pass A per il duomo e le terrazze di Milano, mi sono presentata all’entrata puntuale al mio orario e causa afflusso eccessivo di persone hanno chiuso le entrate. Dopo aver acquistato i biglietti ho telefonato al call center dove un’operatrice incompetente mi ha garantito di aver acquistato il salta coda e invece erano biglietti normali e non è stato neanche possibile acquistare un upgrade per il fast track. I biglietti su MUSEMENT inoltre costano il doppio che sul sito diretto del duomo. UNA RAPINA! non siamo potuti entrare e non verremo rimborsati! Siamo venuti apposta da un’altra città.",MUSEMENT UN IMBROGLIO!!!, 5 novembre 2019,chiarella23,1.0,negative
13592,E' vero che non perderselo sarebbe quasi un reato ma consiglio vivamente una guida in lingua italiana. Visitate la Maja Nuda e Vestita.,Accozzaglia di opere d'arte senza un percorso., 28 maggio 2019,mimmo1437,2.0,negative
1046,"Il Duomo molto bello, molto meno l'accoglienza. Abbiamo prenotato online, come consigliato vivamente, per le 10 (orari indicati nella prenotazione). Dopo neanche 15' dall'ingresso ci ""cacciano via"" dalla zona altare perché ci sta il cardinale. Io discuto con l'addetto al controllo perché non avrebbero dovuto venderci i biglietti per un orario che nn ci permetteva di visitare una parte così importante del Duomo. Lui si è espresso in maniera aggressiva verso di noi,  per niente consona al luogo e al suo ruolo.Pessima esperienza.",Pessima esperienza, 18 dicembre 2021,Sightsee530492,2.0,negative
2516,"Se siete a corto di tempo, saltare questo posto. Non c'è molto da vedere. Le gite sul traghetto partono a 14 . 30 Nei giorni lavorativi e al mattino weakends (agli inizi del canal grande) . Il traghetto passa ogni ora. Prendete le vostre bevande con voi. Bel modo di avere un'ora di riposo. Tuttavia, molto poco da vedere.",Non è un grande canale veneziano, 25 novembre 2014,irina t,2.0,negative
14717,"Struttura  molto interessante , del parlamento vero e proprio rimasta solo la facciata  , ricostruita una struttura in acciaio e vetro con una cupola dalla quale si ammira tutta la città a 360° , bella ma alla fine rimane nulla del parlamento originale ",BELLO, 10 maggio 2019,antonio s,3.0,neutral
5335,chiesa poco pubblicizzata in corso magenta. l'esterno non rende merito a quello che c'e' internamente. entrata gratuita. all'interno ci sono dei volontari molto gentili che spiegano i vari affreschi.da vedere assolutamente,piccolo gioiello, 16 dicembre 2015,yapo2003,5.0,positive
14283,"Che dire... i navigli fanno parte dell'essenza di MilanoCaratteristici gli edifici ai lati dei canali, che ricordano parecchio VeneziaConsiglio inoltre di visitare la ""mostra"" milano com'era una volta dove potrete entrare in un cortile e respirare l'aria di Milano anni 50-70, e dove diversi artigiani realizzano piccole opere d'arte... tutto questo a pochi metri dal battello, con il quale potrete girare porta ticinese, naviglio grande ecc",Cartolina da Milano, 22 ottobre 2015,claudiodcr92 .,3.0,neutral
7626,Ormai sta diventando meta di molte serate! Sta secondo me rubando il pubblico di corso como che ormai sta diventando sempre meno frequentato! Se ci fosse qualche discoteca sarebbe il top! Ci sono comunque dei bei locali,Bello, 7 novembre 2016,Greta593,3.0,neutral
16155,"Mi aspettavo di meglio da questo posto. Oltre una lunga fila di bar e locali non c'è molto da vedere. Non vi è pulizia, ne un'atmosfera piacevole. ",Mi aspettavo di meglio, 15 luglio 2019,cocc123,2.0,negative
9840,"Merita visita con passeggiata . Si alternano murales di vari artisti tutti con significati e richiami alla divisione tra le due Germanie , all'attualità , alla politica ,alla vita . Bello",Museo a cielo aperto, 2 aprile 2019,walurbani,4.0,positive
15276,"Imbarazzante , scarso e il controsenso e’ che e’ L unico luogo dove ti obbligano a usare la mascherina! Dopo tutto quello che e’ successo sono in grado di farti odiare il loro sistema anche nel 2022. Chi nasce tondo non può morire quadrato!",Imbarazzante controsenso, 5 settembre 2022,Carlotta Z,1.0,negative
3202,"Ricordo di aver visto questo tratto di muro poco dopo la riunificazione tedesca e si trattava di una testimonianza straordinariamente potente dell'arte che prendeva il sopravvento sulle sciagure della storia. Le opere erano tutte fortemente legate alla situazione e ricche di significato.Oggi questo legame è molto sbiadito. Al di là di alcune immagini simboliche che sono rimaste (e che vale comunque la pena vedere), il Muro è nient'altro che uno spazio, come tanti altri, da riempire con soggetti di ogni tipo, per vedere i quali ci si deve far largo tra persone impegnate a farsi selfie, venditori dei soliti frammenti di muro (chissà di quale muro...) e imbonitori che fermano i turisti con il gioco delle tre carte.Peccato. Così ridotta, la East Side Gallery ha il sapore dell'occasione perduta, finendo per ridicolizzare (inopportunamente) un pezzo di storia che meriterebbe maggior rispetto",Un'occasione perduta, 8 aprile 2019,schlenkerla,2.0,negative
6347,Il parlMento non è niente di che ma è la cupola che rende questo posto  da visitare e sopratutto di notte poichè si vede un bel panorama,Bella  cupola, 30 settembre 2019,Vittoria O,3.0,neutral
1109,"Non è davvero un must - vedere attrazione a Milano, ma fare rientro da se vi capita di essere in zona.",Non deve, 17 settembre 2018,Nemix207,3.0,neutral
3778,"I Navigli avrebbero le carte in regola per essere il fiore all'occhiello di Milano ma purtroppo incuria, mancanza di controlli e uno sciagurato progetto di ""riqualificazione"" abortito prima di iniziare mi impongono a malincuore di sconsigliare la visita a chiunque. Ci sono bei locali, trattorie e ristoranti per tutti i gusti, di giorno merita una visita il caratteristico vicolo delle lavandaie, ma...... i ponti e le rive sono in pessimo stato, la passeggiata del Naviglio Grande è resa impossibile dall'interminabile sequenza di venditori ambulanti abusivi che, nel caso (purtroppo estremamente raro) appaiano dei vigili scappano all'impazzata rischiando di travolgere chi si trovi nei paraggi. Sedersi all'aperto significa essere importuntati ogni 5 minuti da venditori di cianfrusaglie. La Darsena è oramai inqualificabile. Parcheggio impossibile. Mi dispiace fare queste considerazioni, ma spero che i turisti non vedano i Navigli affinché non si facciano una pessima opinione della mia città adottiva.","da vitare, purtroppo: oramai vederli fa male a chi ama Milano", 8 febbraio 2011,ciorale,1.0,negative
12483,Spettacolare.. consiglio di noleggiare bici per il giro classico anche se a piedi è tutt altra cosa ma molto stancante..,Bellissimo, 7 agosto 2018,m4rkus1986,5.0,positive
4028,"Uno dei musei più famosi al mondo. Io ero andato solo per vedere Goya (periodo camere nere) e di questo sono rimasto soddisfatto. Per il resto non ho capito la strutturazione del museo. Anche l’audio guida era difficile da seguire e, come me, molti visitatori si rivolgevano spesso al personale del museo x chiedere informazioni. Molto utile prenotazione on line che ci ha permesso di superare le code ",Bello ma male organizzato , 6 maggio 2023,valerio c,3.0,neutral
13618,"Sono stata a Milano per una settimana di vacanza insieme al mio ragazzo con l'intenzione di scoprire una città per noi mai vista e di andare anche ai famosi navigli: una delusione unica ! Canale sporco, dentro c'era di tutto, una desolazione disarmante, edifici fatiscenti e locali nella norma! Insomma dove sarebbe la bellezza di questo posto? Onestamente sono abituata a locali e a luoghi pubblici di gran lunga migliori !",Assolutamente no, 20 gennaio 2015,Maria P,1.0,negative
19391,"E questa sarebbe la zona più bella di Milano? ma stiamo scherzando?!? Senza ombra di dubbio in questa zona si ha la possibilità di trovare una miriade di localini e quindi passare un bel po' di tempo in compagnia di amici o colleghi, ma recensirla non penso sia una bella idea. Questa non è sicuramente la zona più bella di Milano... C'è poco da descrivere...il naviglio è vuoto e puzzolente, un cantiere a cielo aperto in vista dell'expo.  Niente di speciale...",Niente di speciale, 11 gennaio 2015,Turtle1987,2.0,negative
3759,"Zona molto caratteristica , da visitare.Molti l'atelier di pittrici da vedere.Presenti molti locali dove poter sedersi e mangiare .",La zona più bella di Milano, 18 ottobre 2015,elena d,4.0,positive
8091,"Era la tappa obbligata sul lato culturale di Madrid, ma è un museo veramente troppo affollato, suddiviso male, con pessima illuminazione in molte sale, personale impreparato persino sulla locazione delle opere, attenti solo ad impedire di fare foto (nemmeno senza flash)... È l'unico dei tre musei visitati a Madrid che non le permette in nessuna sala, nemmeno alle statue di marmo (Sic!).Sopravvalutato... Anche se le opere interessanti ci sono, sono gestite male.","Grande fama, ma un po'sopravvalutato", 27 agosto 2017,Beppe C,2.0,negative
2222,Il mio ragazzo ed io avevamo deciso di visitare questa chiesa lette le numerose recensioni positive. Peccato che la chiesa era chiusa e da fuori non è granché. ,Delusa, 4 gennaio 2017,Elisa F,2.0,negative
15590,"Sono senza parole un capolavoro di arte cultura che fa di quest opera una tra le più belle al mondo forse un po trascurata negli anni scorsi,ma oggi sempre di più valorizzata",Visita duomo, 24 febbraio 2020,marco s,5.0,positive
760,Posto molto tranquillo per una piacevole passeggiata pieno di locali e negozietti...nel complesso niente di speciale,Niente di speciale, 2 novembre 2012,Alinap1982,3.0,neutral
8698,Comodo per passarci non lontano dal Parlamento.Installazione moderna per la sensibilità del simbolismo ma non lo consiglio,Simbolico ma nulla di che, 14 agosto 2019,Fabio F,3.0,neutral
541,"Avevo letto ottime recensioni di questa ""galleria a cielo aperto"" così abbiamo deciso di andarci. Abbiamo percorso tutto il muro ma sinceramente non l'abbiamo trovato così emozionante come molti lo descrivono. Esistono diversi luoghi molto più interessanti e toccanti per ricordare il muro, la storia della città ed i suoi avvenimenti . La maggior parte dei murales inoltre sono stati rovinati.Dopo aver camminato in lungo e in largo per la città e aver goduto della vista di splendidi e molto spesso enormi murales sui muri degli edifici questa è la parte che mi ha entusiasmato di meno. Decisamente meglio camminare all'interno del muro lungo la Sprea o visitare il quartiere di Kreuzberg",Luogo turistico poco interessante, 5 gennaio 2019,ELisa,2.0,negative
6302,"Molto suggestiva, soprattutto la sera. È raggiungibile tranquillamente coi mezzi. Quando siamo stati noi c'erano tanti manifestanti di stati diversi ma con dimostrazioni composte e rispettose. ",Molto bella! , 23 novembre 2019,Laura R,5.0,positive
18879,"Dall'esterno il sito non ci ha trasmesso molto. Una visita alla sola parte in superficie (gratuita) non richiede più di qualche minuto. Le sensazioni che dovrebbe trasmettere questo memoriale purtroppo sono in buona parte rovinate dagli immancabili selfie inappropriati, ragazzini (ma non solo) che si arrampicano su questi parallelepipedi di cemento e schiamazzi vari, comportamenti assolutamente non tenuti a bada dai pochi addetti alla sicurezza. Ci sono molti altri siti in Germania (e non solo) dove l'orrore dell'olocausto è ricordato in modo più efficace.","Probabilmente il centro visite sotterraneo vale la visita, ma...", 6 gennaio 2019,zedi84,2.0,negative
11073,"Dopo aver visto Uffizi, Louvre, MoMa, Guggenheim di NYC, e altri...non poteva mancare il Prado. Purtroppo l’aspettativa era alta e invece ho trovato un museo caotico, dove era molto difficile seguire un percorso logico fra le opere d’arte. Inoltre è vietato fare foto e questo era ricordato da decine di inservienti urlanti senza che neanche  un cartello menzionasse quel divieto. Non entro nel merito delle opere esposte perchè sicuramente non ho la competenza necessaria, ma dal mio piccolo posso dire che Louvre e Uffizi hanno sicuramente una marcia in più...anche due o tre... ",Insomma...mi aspettavo di più!, 17 agosto 2019,LucaPoletti,2.0,negative
14775,Da non perdere il polmone verde di new york. Io l ho visitato ed ho fatto parecchi pic nic sulle panchine del parco. Fatelo anche voi e dopo preparatevi per un po' di jogging o per pattinare.,Da non perdere, 13 gennaio 2017,Ylenia P,3.0,neutral
6736,"Ho raggiunto i navigli scendendo alla fermata Porta Genova della metropolitana m2 (linea verde). Sono stata due volte sui navigli, la prima di giorno e ho visto anche il mercato dell'antiquariato, la seconda di sera durante il periodo natalizio con l'illuminazione. Devo dire che dall'illuminazione natalizia mi aspettavo di più. Molto carino il vicolo dei lavandai (recensito a parte) e le chiese che si affacciano sui navigli. Forse è una mia impressione ma la zona mi è apparsa un pochino in degrado, forse si potrebbe fare qualcosa in più per rivalutare quest'area di Milano peraltro davvero bella. Ci sono tanti localini per aperitivi e ristorantini lungo i navigli, è piacevole e romantico passeggiare lungo i canali!",Una bella zona di Milano, 8 marzo 2014,Biomed89,3.0,neutral
2689,"Il Museo del Prado è una delle pinacoteche più importanti del mondo. Per chi non è molto appassionato consiglio la visita gratuita tutti i giorni dalle 18:00 alle 20 dal lunedì al Sabato, la domenica alle 17. Arrivate un po prima per la fila. Un po lenti per entrare a causa dei controlli. ",Culturale, 19 marzo 2018,Bigino51,3.0,neutral
2629,Gradevole passeggiata ma non esaltante. Utili le postazioni di ricarica per smartphone  in mezzo al verde. ,Gradevole passeggiata , 19 settembre 2015,stregadibn,3.0,neutral
3221,"Immenso museo con stupende opere al suo interno, ha deluso per la disorganizzazione: artisti sparpagliati di qua e di la, piantina museale con indicazioni non corrispondenti alla realtà.Riorganizzando l’esposizione guadagnerebbe enormemente.",Disorganizzato, 2 dicembre 2018,Rocca_67,2.0,negative
16752,"Durante il nostro breve soggiorno a Milano, abbiamo avuto il piacere  di visitare anche il quartiere dei Navigli, che comprende il Naviglio Grande e il Naviglio Pavese.Abbiamo fatto una piacevole passeggiata lungo il Naviglio Grande.Una moltitudine di bar, pizzerie, ristoranti e negozi di ogni genere costeggiano entrambe le sponde del canale artificiale.Ovviamente, essendo di mattina, gran parte dei negozi erano chiusi.Se fossimo andati in un orario legato ai momenti dell'aperitivo, cena e dopocena  con tutti i locali aperti e tanta gente, probabilmente avrei dato un pallino in più.",I Navigli, 7 marzo 2023,07roberta,3.0,neutral
5984,Tra il Museo del Terrore ed un pezzo di muro si trova questa mostra fotografica esterna che propone e spiega l'avvento del Nazismo in Germania tra il 1930/33.In se e per se si vedono delle immagini che non avevo mai visto prima e pensandole nel contesto in cui sono state fatte ti fanno riflettere.E' un percorso lungo 100/150 metri nulla di più ... Mi ha trasmesso tristezza e non certo qualcosa su cui vantarsi.,"""E' un percorso tra la triste realtà della storia recente""", 2 ottobre 2018,Paolo Ivo P,3.0,neutral
3917,"Via auto, percorsi solo pedonali con pavimentazione adatta; ripristinare il tram nei tratti lungo i Navigli, appunto per servire le aree pedonali e ridare il caratteristico aspetto alla zona",Si può fare di meglio, 3 luglio 2012,Luca G,2.0,negative
4172,La maggior parte delle grandi città hanno un fiume che scorre attraverso di loro ma non Milano. Questi canali navigabili vecchie sono tutto ciò che è rimasto di un canale antico sistema che ha portato le merci in città. Gradevole area moderna e bordo piacevole fare una passeggiata lungo le acque.,Solo canali navigabili a Milano, 16 aprile 2013,Steve-and-Andie,3.0,neutral
3428,"Chissà cosa pensavo, ragazzi, è piccolissima, meno dell'arco di traiano (non enorme ma almeno bellissimo). Non odora di storia, troppo nuova, troppo pulita, come d'altronde tutto in questa bellissima città. Non da nessun senso di grandezza diversamente dagli altri edifici pubblici. Forse l'unica cosa che mi ha deluso",Microscopica , 23 agosto 2019,NicholausEymerich,2.0,negative
7741,"atmosfera da festa di quartiere in un ambiente suggestivo, popolato da fauna giovanilistica. Musica discreta, prezzi amatoriali.",Una birra sui Navigli, 16 febbraio 2013,Maria Luisa S,3.0,neutral
4696,"Manutenzione pessima, strato di polvere evidente dappertutto, sopra le opere, le cornici....non volevo credere ai miei occhi!Davvero da non credere. Delusa.",Visita , 3 maggio 2019,Gabriella P,1.0,negative
1425,"Tanti ragazzi della mia età lo trovano un posto molto bello, a me ha fatto solo tristezza, l'acqua è putrida e puzza. ",Deludente, 7 gennaio 2020,Maria Cristina M,3.0,neutral
9642,"Galleria del muro a cielo aperto. Come trasformare un orrore in un'opera d'arte. Piacevole passeggiata lungo quel che è stato lasciato del muro e offerto ad artisti da tutto il mondo per celebrarne la caduta. Dai dipinti murali più famosi a quelli meno. Da gustarsi tutto il 1,3 km del percorso!",Bellissimo, 14 maggio 2019,xcrix,5.0,positive
273,Un parco stupendo tenuto veramente bene....invivibile dal mio punto di vista il sabato e alla domenica....Durante la settimana e molto più tranquillo...,Un parco magnifico, 28 giugno 2016,Andrea  R,5.0,positive
12567,"Non è facile andare al Prado noi ci abbiamo tentato 3 volte e sempre file chilometriche ,stamane abbiamo deciso di fare la fila e ci è  voluto un'ora per entrare una volta entrati al Prado non si va per l'opera importante devi vedere tutta la pittura dall' 1600 in avanti e se non sei uno studioso della storia dell' arte non ti ci raccapizzi facilmente un solo Caravaggio molto Goya e Grieco ma per noi meglio il Thissen",Visita stressante, 2 gennaio 2018,A D F,3.0,neutral
9070,"Caratteristico angolo della Milano dell'800. E' consigliabileun giro a piedi fra le vecchie strade, ponti alla scoperta dinegozi curiosi,  bistrot, caffetterie, piccole trattorie, vecchie osterie accoglienti.",un  ricordo dei canali a Milano, 14 febbraio 2019,gior1944gio,3.0,neutral
10998,Central Park è davvero come tutti descrivono un immenso parco verde. Visitarlo tutto richiede parecchio noi in 2 ore ne abbiamo visto solo una parte. All'interno ci sono percorsi a piedi e ciclabili. C'è anche uno zoo per chi vuole vedere diverse specie animali. Passeggiado puoi incontrare tanti scoiattoli simpatici. Ci sono varie strade che portano in diversi punti. Noi abbiamo visto il primo ed il secondo laghetto al terzo non siamo arrivati. È davvero un'oasi verde. Si può scegliere anche di fare un pic-nic. In punti differenti abbiamo incontrato diversi artisti di strada. ,Natura nella metropoli, 23 ottobre 2018,Gattinaviaggiatrice,4.0,positive
6620,"si salva solo il naviglio grande (la parte di vicolo lavandai). per il resto, insieme alla darsena, tutto versa in stato di abbandono e degrado.",stato di abbandono, 6 novembre 2012,Claudio B,2.0,negative
6355,La Sistina Lombarda sorge in pieno corso Magenta e ingloba il Museo Archeologico. La navata divisa in due dal tramezzo la rende unica nel suo genere. Il ciclo di affreschi di Bernardino Lunini e della sua cerchia va gustato e visto con attenzione e calma. Gratuita anche se meritevole di una ssostanziosa offerta per i restauri,Capolavoro Sistiniano, 10 ottobre 2015,costcla,5.0,positive
11309,"Un' area grande come 2 campi da calcio, una gran quantità di blocchi di cemento di varie altezze disposti ordinatamente e separati gli uni dagli altri da stretti camminamenti orizzontali e verticali.Un' opera molto rappresentativa e di grande effetto, ma a mio avviso brutta,  grigia e anche di scarsa qualità costruttiva (molti di questi blocchi tendono a creparsi e sono tenuti insieme da fasce metalliche).Sotto vi è un museo fotografico gratuito dedicato alle famiglie deportate.",Una colata di cemento, 16 gennaio 2019,Davide D,2.0,negative
16452,"Costruito sul luogo dove vi erano i palazzi in cui risiedevano i vari tristemente famosi corpi di polizia segrete e non al servizio del nazionalsocialismo di Hitler; struttura moderna e splendida anche da un punto di vista tecnologico, all' interno la riproduzione di documenti, fotografie e filmati ufficiali che seguono la nascita, l' evoluzione (compreso ciò che hanno combinato anche nei paesi occupati) e la caduta del nazismo. All' esterno una porzione delle fondamenta nella quale vi è una mostra fotografica ed inoltre una parte della recinzione è costituita da tratti muro. Non è, secondo me, commentabile, non credo che debba piacere o non piacere; sempre secondo me è da visitare. L' ingresso è gratuito dalle 10,00 del mattino, io personalmente per contribuire ho acquistato la guida in italiano a 20 euro.",Visita al museo della topografia del terrore, 27 luglio 2018,Franco G,5.0,positive
4694,"Per non dimenticare, mai e poi mai gli orrori fatti da questa razza di’..... ipocriti ed arroganti, adesso fanno i memoriali per i turisti invece di vergognarsi agl’occhi del mondo",Il memorial degli orrori , 4 maggio 2019,Enzo C,2.0,negative
10202,"Organizzazione non soddisfacente, specialmente per disabili. Non razionale l’esposizione delle opere per cui si perde nella ricerca. Interessante per qualità e quantità di opere con ampio spazio a quelle di autori italiani ",Amici, 13 novembre 2017,Domenico,3.0,neutral
1029,"Il mito di central park attira chiunque venga a NYC alla sua visita. Non l'ho particolarmente apprezzato, troppo grande da percorrere a piedi, senza grandi attrattive almeno dal mio punto di vista. Forse in autunno con il colorarsi della foglie di vari colori sarà' più' bello ma in piena estate e nella giornata in cui lo abbiamo visitato parzialmente con 37 gradi non è stato piacevole. Chi lo volesse comunque visitare consiglio di farlo a pezzi entrando ed uscendo spostandosi più' sud o nord con i mezzi.",Non è male., 21 luglio 2018,Claudio-Riminese,3.0,neutral
12796,Sicuramente la struttura che ospita le opere d arte è adeguata. Ma quest ultime non le abbiamo trovate molto interessanti. Forse troppa arte sacra e i soliti reperti romani. Sicuramente meritano di più il Reina Sofia e il Thyssen di fronte. ,Pensavo meglio..., 19 maggio 2018,Monica S,3.0,neutral
12382,come simbolo di berlino è un monumento abbastanza normale che non ci ha affascinato nè entusiasmato...solo delle colonne con un bel monumento sopra ma sopravvalutato secondo noi,bah!!!!!, 8 ottobre 2019,mozzina2014,3.0,neutral
8053,"Sono rimasta un po' delusa dalla mancanza di segnaletica, essendo molto grande è difficile orientarsi senza indicazioni. Noi lo abbiamo visitato in due giorni diversi e con l'aiuto di un paio di piantine sul cellulare, ma comunque non siamo riusciti ad individuare tutti i punti più interessanti da vedere. Molto carino vedere un sacco di scoiattoli girare e venirti anche vicino!",Central Park, 24 ottobre 2019,Clotilde D,3.0,neutral
346,"Bellissimo parco nel centro della città, vale la pena farci un giro, eviterei lo Zoo, carino per un bambino, deludente per un adulto.",Passeggiata nel verde, 11 dicembre 2015,Massimiliano N,5.0,positive
1902,"Senza entrare nel merito delle opere esposte che sono sicuramente di rilievo per l'arte spagnola ma poco interessanti per l'arte italiana e francese, questo museo odora di vecchio. Dall'entrata all'uscita non trovi stimoli se non l'opera d'arte specifica che risalta in una determinata sala o l'altra. Poco organizzato anche  il percorso della visita. Cariatidi nelle sale per controllare i visitatori. Nulla di interattivo.  Come fanno i giovani ad avvicinarsi all'arte se non la si rende interessante? ",Servirebbe un po' di modernità, 11 agosto 2018,llsd,2.0,negative
12176,"Ok per le foto ma davvero troppi piccioni in giro ovunque nella piazza del duomo. Per entrare nella cattedrale una fila sulla destra - a pagamento - per vedere le opere principali ed altra fila sulla sinistra per accedere alla zona del pulpito come fedeli, altrimenti irraggiungibile.",Bella piazza. Più piccioni che persone!, 15 novembre 2019,Sadibuono,4.0,positive
16576,"Il.museo è grande e dispersivo, ma con alcune opere interessanti. Anche qui vietate le foto addirittura in ingresso....assurdo. Sono entrata sfruttando l'entrata gratuita, coda di quasi 1 ora...",Solo per goya , 13 febbraio 2018,gae d,3.0,neutral
5067,"Ovunque vai hai una vasta scelta su dove poteri fermare,perché  è  contornato da bar e da ristoranti e disco pub. C è  una vasta scelta per tutte le età  e tipi di serate,dalla più  tranquilla in famiglia,alla più  animata con gli amici",pieno di locali, 29 luglio 2016,valentina d,3.0,neutral
11793,"Posto squallido, un corso d'acqua melmosa e nulla da vedere a parte  i ristoranti ed un ponticello diroccato",Deludente, 22 giugno 2017,Raffaele48,2.0,negative
809,"Dalla Darsena abbiamo percorso a piedi  il Naviglio Pavese ed abbiamo incontrato uno spettacolo devastante , il rigagnolo d'acqua era sepolto da sporcizie e schifezze di tutti i tipi addirittura una poltrona ed una vasca da bagno , i navigli sono un luogo storico di Milano in cui e' situata la famosa chiusa che Leonardo da Vinci automatizzò ed è l'unico motivo che vale la visita",Speriamo nell'Expo, 3 gennaio 2015,Silvano,2.0,negative
18713,"Nulla da dire sulla cattedrale, lascia a bocca aperta.... Ma pagare praticamente anche l'aria che respiri per visitare una chiesa lo trovo assurdo.... Troppo businness!!!! ","Duomo incantevole, ma tutto a pagamento! ", 9 maggio 2019,Stefano B,2.0,negative
14811,"Abbiamo effettivamente visto/sentito parlare del Quartiere Navigli da Casa cacciatori International su HGTV. Abbiamo fatto un punto per prendere la metro vi mentre a Milano. Uh... Hmmm. So che questo dovrebbe essere la ""zona promettente, vibrante e piena di energia"", ma non abbiamo avuto esperienza che a tutti. Alghe era ovunque, bere e ubriachi per le strade, il traffico era terribile appena a anche a piedi, c'era un odore per le vie navigabili, ogni ristorante o bar per un apertiva era completamente straripante (4 pm) e siamo stati strapazzati dal popolo vendita Roses o i pacchetti di tessuti. Mentre a piedi sotto un ponte sul canale ci siamo capitati per una squadra SWAT andando oltre la loro missione per quella sera. Così - almeno ci piacerebbe essere sicuro, con una presenza massiccia di polizia, ma perché è una presenza massiccia di polizia necessari? Questa è la domanda che ci hanno lasciato con. Per avere un confronto, il Quartiere a Luci Rosse di Amsterdam è stato 100 volte più piacevole e accogliente per famiglie rispetto a quella dei Navigli.",Non mi ha colpito..., 30 dicembre 2012,seeitandbelieveit,2.0,negative
7046,"Pieno di locali...alcuni ristoranti meritano veramente, gli aperitivi molto spesso no!!! consiglio la darsena per bere qualcosa... un posto di passaggio, un posto da turista...",Quartiere pittoresco e per turisti, 28 agosto 2012,giacomo g,3.0,neutral
7628,zona molto bella e suggestiva peccato che durante la nostra visita l'acqua era stata quasi completamente prosciugata per effetturare la pulizia del fondale e ciò metteva in luce la grande maleducazione dei visitatori e dei residenti che hanno buttato di tutto nel fondo dei navigli. Poveri pesci!! Abbiamo visto addirittura batterie d'auto e aspirapolveri!,molto bello ma poco curato, 15 novembre 2016,tommi t,3.0,neutral
10924,Ci sono andato per il famoso apericena (paghi un cocktail e mangi quanto vuoi a buffet) ma merita anche una passeggiata per la particolarità di questi canali in centro a Milano. A Natale ci sono anche le bancarelle.,Per l'apericena  e non solo, 2 gennaio 2017,claudi066,4.0,positive
16171,Dal tardo pomeriggio fino a notte inoltrata la movida non manca ma ho trovato i canali molto sporchi e pieni di sacchi della pattumiera. A Milano ci sono zone piu' belle a mio parere..,Molta gente ma anche molta sporcizia, 27 ottobre 2014,sophie81Piemonte,2.0,negative
15253,Concordo con chi dice che non è molto curato ma che merita una visita per vedere un lungo frammento di muro coperto di graffiti. Ho apprezzato maggiormente il memoriale del muro. ,Da vedere, 8 giugno 2019,Matteo,3.0,neutral
7706,....Piacevole atmosfera.. divertente con gli amici.....romantica in coppia ......ma resta un ricettacolo di mosquito!!!,MOSQUITO!!!, 21 ottobre 2012,AroAle,3.0,neutral
18523,Avevamo sentito parlare molto di questo quartiere. Abbiamo preso il tram e l'intera vacanza è stata una delusione totale. I canali sono state essiccate ed era molto sporco ovunque. Ci siamo stati alla 1:00 ma nessuno dei ristoranti erano aperti. Non ho potuto vedere alcun fascino o buoni motivi per arrivare qui.,Delusione totale, 20 luglio 2016,Lindha T,1.0,negative
4703,"Le opere visibili sono tutte molto belle ed emozionanti. Ma se io pago un ingresso (15 €) vorrei un po di attenzione. Le sale sono troppo fredde, capisco l'attenzione che si deve avere per la conservazione dei dipinti, ma vorrei uscire sano anch'io. Le sale C e D del primo piano sono chiuse, avrei gradito l'informazione prima di fare fatica inutile e perdere del tempo per cercarle e non dopo vedendo le barriere davanti alle sale. Non esiste un percorso guidato che faciliti la visita.",Poca attenzione al visitatore, 16 settembre 2019,Marco B,3.0,neutral
16249,"E finalmente l’ho vlsta. Devo dire non entusiasmante per il contesto moderno nel quale oramai si trova ma testimonia con la sua maestosità quanto deve. Da non tralasciare in una visita a Berlino, ovvio. ",Volevo vedere, 20 agosto 2019,Carlo0110,3.0,neutral
13905,"E' bene visitarlo sempre con una guida locale o con audioguide; l'entrata è dalla piazzetta del monumento a Goya guardando l'edificio si entra a sinistra; i controlli di sicurezza come in aeroporto lasciano un po' il tempo che trovano; secondo me li fanno per dire di averli fatti, ma sono poco efficaci; si esce sempre dalla stessa parte; nella zona entrata-uscita ci sono i servizi igienici e la possibilità di acquistare libri delle opere del museo oltre ad oggettistica varia sempre relativa al museo",Sempre molto interessante, 15 maggio 2019,Marco V,4.0,positive
14766,Con amici siamo arrivati zona per mangiare Il famoso riso con ossobuchi   ma la passeggiata lungo i navigli è stata veramente meravigliosa ,Una passeggiata stupenda , 6 novembre 2019,Cannone Massimo,5.0,positive
6565,come girarlo se non in bici? noleggiata x 2 ore abbiamo fatto tutto il giro principale...correndo e fermandoci ogni tanto. ci sarebbe voluta 1 giornata intera per vedere tutti i vari punti d'interesse con calma e magari riposarsi un po' stesi sull'erba. veramente ben tenuto!,Enorme, 27 giugno 2017,T3nd,3.0,neutral
2647,"Purtroppo esperienza parecchio negativa, nulla da dire sulle opere esposte che come tutta l'arte sono molto soggettive ma non ci siamo trovate per niente bene nel raccapezzarci per girarlo e trovare le sezioni. Eravamo in tre viaggiatrici piuttosto abituate al fai da te eppure con tanto di piantina in mano non ci si ritrovava con la segnaletica presente ( quando presente) nei corridoi. Anche il personale che ci è capitato svogliato e poco educato.. peccato..unico neo di tutta la vacanza a Madrid",complicato e disorganizzato, 18 gennaio 2018,valentegiulia97,2.0,negative
15061,...siamo stati il primo di gennaio sulla darsena e forse è da rivedere di sera e in un giorno in cui tutti i chioschetti sono aperti...,...carino, 2 gennaio 2016,Cirmanci,3.0,neutral
9505,"Difficile visitarlo tutto, se non si tengono gli occhi incollati sulla cartina, più che sulle opere. Esposizione delle opere stesse un po' confusionario, probabilmente anche a causa della struttura del museo stesso. Suggerirei dei percorsi tracciati, in modo da dare un filo logico alle visite... Tra l'altro, la fila per l'accesso è veramente faticosa, ancor di più in condizioni meteo fresche e umide (38,3 di febbre già nel pomeriggio...). Difficilmente ci tornerò in futuro... ",Eccessivamente dispersivo e con poche opere che possano realmente interessare una persona normale., 25 aprile 2019,freddyar69,2.0,negative
10064,Indubbiamente una vasta gamma di capolavori da gustare ma ritengo sia poco accettabile aspettare almeno un ora alle intemperie per approfittare della visita gratuita. Ok che è gratis ma non siamo mica animali ,Bella esposizione ma che sofferenza, 2 dicembre 2017,EigTravel100,3.0,neutral
4134,"Posto abbastanza tranquillo, molto  grande con tanta natura, fuori dallo stress e dal caotismo della cittä..lo consiglio",Carino, 26 agosto 2016,blausara,1.0,negative
16440,"Molto suggestiva la zona dei navigli a Milano, sembra un posto surreale, molto colorato con tanti locali accoglienti e affollati di giovani. Nella maggior parte di essi si prende un happy hour e con solo €9,00 insieme a una  bibita (alcolica o analcolica) si possono prendere un'infinità di cose: dagli affettati alla pasta, alla carne, alle insalate, al cous cous, alle verdure, ai formaggi e perfino i dolci. insomma, ti alzi dal tavolo quando non ne puoi più. Ho mangiato da ""Carne e vino"" lo consiglio vivamente, se vi serve la fattura..... accertatevi prima di consumare che abbiano il bollettario :-)",ottima idea, 19 novembre 2011,Sweetravel,3.0,neutral
13653,"Parco che è ubicato nel centro di Manhattan quindi molto particolare, è un normalissimo parco con laghetto annesso, se ne trovano in tutte le città o quasi e per giunta è stato creato e quindi non una cosa naturale.Deluso.",Niente di particolare, 4 ottobre 2018,Giuseppe G,3.0,neutral
8813,"SPORCO, non c'è altro da dire.Strade unte, e sporche, una brutta impressione.Pieno di locali carini, anche se pochi si distinguono per la cucina, un po' di massa, in generale.Leggi i menù e trovi sempre le stessa cose.Ma la cosa più oscena sono il naviglio Grande, da proprio il senso di non curato. Sporco.",Brutta impressione, 13 marzo 2015,RossMantero,2.0,negative
14782,"Bellissima esperienza, consiglio di farla al tramonto.Abbiamo prenotato online un paio di settimane prima, visita gratuita ed é compresa anche l'audioguida.",Da vedere assolutamente!, 25 agosto 2019,MarTiy94,5.0,positive
5192,dove sono situati i bar ed i ristoranti e' un carico per incontrarsi con amici. Invece lungo il canale pensavo fosse più pulito. Infatti fare una passeggiata è diventato un incubo a causa della puzza insopportabile di urina e poi la notte diventa la casa dei senza tetto che dormono sulle panchine.,PENSAVO MEGLIO, 4 luglio 2018,francy_roma83,3.0,neutral
15220,"Si tratta di una pizza dove sono state costruite, in memoria degli ebrei, circa 3000 rettangoli in cemento. Ingresso gratuito e suggestivo,ancora di più se si pensa che a circa 500 mt si trova il bunker dove si è suicidato Hitler che è stato completamente chiuso e non accessibile.",Da vedere, 22 aprile 2019,Gello85,3.0,neutral
10301,"appena arrivata mi ha dato l'impressione di essere in un cantiere. camion che scaricavano polveri, vado più avanti, raggiungo i navigli e vedo solo sassi e spazzatura dove doveva esserci acqua, in più una puzza... è stata una delusione incredibile!",la delusione, 11 ottobre 2014,Roberta,1.0,negative
3678,"Non posso dire che sia brutto, ci mancherebbe, c’è una serie di capolavori. Ma trovarli è una sfida, non si capisce con che senso siano sistemate le opere e si fatica persino a trovare le stanze conoscendone il numero. Alla fine si perde un sacco di tempo e scema l’entusiasmo ",Caos, 17 luglio 2019,bassilv,2.0,negative
18711,"Dovendo consigliare ad una famiglia il giro in bici a Central Park, dovrei dire di allenarsi prima ...per affrontare le salite che non sono poche. All'interno si può girare solo in un senso di marcia quindi attenzione  a dove noleggiate la  bicicletta. Le ciclabili sono lontane dalle attrazioni, per cui bisogna lasciare la bicicletta e recarsi a piedi verso queste. Forse poco consigliabile nei mesi invernali. ",Senso unico, 8 dicembre 2016,infinitinoi,2.0,negative
17319,"Ottima mostra su tutta la storia del nazismo dal inizio alla caduta del regime, e situata deve sorgeva il quartier generale del terzo reich, al interno c'è una carrellata di foto ed riproduzioni dei documenti del periodo, ed al suo esterno ci sono i resti dei bunker anti bombe. Consiglio di andarla a vedere per conoscere meglio la storia di quel periodo.",Consigliata per gli Amanti della storia della seconda guerra mondiale nel periodo del nazismo, 7 marzo 2018,Kiara P,5.0,positive
17595,"Se si vuole vedre Berlino dall’alto, avere un’infarinatura generale di quello che la città ha da offrire è sicuramente il posto giusto. Si ha l’audioguida in dotazione e tutto rigorosamente free!!!! Unica pecca va prenotato con largo anticipo",Sempre una certezza, 20 marzo 2019,StefanoS1981,5.0,positive
4579,"Per visitare il Parlamento vi consiglio di comprare il ticket online in quanto vi sono file molto lunghe e se non erro l'ultimo ingresso è alle 18. Si trova vicino alla Porta di Brandeburgo. Li nelle vicinanze è possibile mangiare al chiosco Warst il currywarst, tipica salsiccia berlinese con salsa e curry, servita con panino al costo di € 3,50.",Struttura imponente, 23 novembre 2019,marycapitano,3.0,neutral
19020,"Luogo della.movida milanese , ma l'età media è decisamente bassa. È una passeggiata lungo un fiumiciattolo con locali per cenare e fare aperitivi lungo le sponde. Durante il periodo natalizio con le lucine è risultato caratteristico e piacevole , durante gli altri periodi dell'anno non credo che abbia molto da offrire se non si cerca esclusivamente confusione e alcolici",Per giovani, 31 dicembre 2017,Alessandro,3.0,neutral
12027,"è incredibile come in questa metropoli possa esistere questa enorme area verde pulita e curata. Un vero spettacolo sembra di essere in uno di quei film polizieschi che danno in tv ed invece è veramente così. Mi raccomando, mentre passeggiate è d'obbligo l'hot dog!",come nei film, 20 ottobre 2015,michela m,5.0,positive
15803,"Grande, ben tenuto. Ci ho fatto qualche rapido giro. Può essere una idea girarlo in bici (dove è permesso). Vale la pena passarci. Resta fermo il fatto che in Italia ci sono parchi che dovrebbero essere ben più apprezzati e non lo sono per incuria e disinteresse.",Il famoso Central park, 20 ottobre 2017,Luca T,4.0,positive
7655,"Meraviglia delle meraviglie, si può visitarlo in bicicletta ma percorrerlo a piedi e splendido. Si incontrano molte persone, chi corre, chi fa i pic nic, ci sono un sacco di scoiattoli e si possono fare bellissime foto anche a tramonto.Non può descrivere esattamente, quanto è è grande, ma posso dirvi di viverlo!Molte le panchine ed i punti di ristoro, sul lago abbiamo visto un complessino che suonava èveramente un luogo dove si può sognareChiunque si trovi a New York non può fare a meno di passarci almeno mezza giornata da vedere assolutamente.",Un posto da favola, 14 agosto 2017,leleanna,5.0,positive
10767,"Abbiamo consigliato il tram dalla Stazione Centrale di andare lì, ma penso che qualsiasi mezzo potrebbe funzionare. Era notte, illuminato perché della stagione di Natale e abbastanza; che è dove un piccolo mercato di Natale era e l'ice-skating ring di Coca-Cola. Molti piccoli ristoranti da visitare, la maggior parte con aperetivo offerte. Abbiamo cenato in uno dei ristoranti e devo ammettere che abbiamo avuto una pasta tra le migliori mentre a Milano.",Un'area di Milano meno conosciuta ma bella da visitare, 9 dicembre 2013,CC24_2011,3.0,neutral
6858,"Prima di approdare al più famoso museo di Madrid, avevo cercato (per quanto possibile a chi non è un esperto d’arte) le opere più meritevoli in un vastissimo assortimento di artisti tra i più attrezzati.Impossibile andare nella capitale spagnola senza dedicargli almeno 1 ora. Soprattutto se si tiene conto della “grande civiltà madrilena” nell’offrire l’accesso gratuito dalle 18:00 alle 21:00 (se non ricordo male) quasi tutti i giorni.  Irrinunciabile!",Una conferma , 9 ottobre 2019,Fabio A,5.0,positive
13123,Indubbiamente le opere al suo interno sono di bellezza straordinaria ma la gestione del museo è decisamente insufficiente.In epoca COVID capisco l’assenza dell audioguida ma.. negli altri musei cittadini c’era L app ed i qr code capaci di guidarti alla comprensione dei quadri .. qui no!In compenso all’entrata viene assaltata dalle guide private .. mmmm…,Mal gestito, 12 settembre 2021,Valentina F,1.0,negative
13765,"Grande parco per tutti: campi da tennis, parchi, ciclabili, piscine. Ce n'è per tutti i gusti ma forse è un parco più per chi vive a new york che non per il turista che forse ha nella memoria immagini dello stesso un pò troppo cinematografiche",Bello ma non come nei film, 4 settembre 2015,ilTriuzzi,3.0,neutral
6312,Nulla che non si sia già visto e la fastidiosa sensazione di una semi celebrazione degli anni che furono.,Accalappia turisti, 28 dicembre 2017,aneres1202,1.0,negative
1506,Ci si può immaginare la sofferenza di un popolo diviso da un muro. Molto ben fatta la ricostruzione degli eventi. Sicuramente da non perdere.,Berlino 2019, 10 settembre 2019,Luca L,5.0,positive
10130,"La struttura si presenta all’esterno benissimo, difatti è necessario andare a vederlo ma secondo me si può evitare la visita alla cupola. Quest’ultima , seppur si visita gratis , risulta quasi insignificante poiché non si riesce a scattare delle belle foto della città dall’alto e non presenta particolari attrattive. Diciamo che ci si aspetta un po’ di più vista la maestosità dell’edificio , che ripeto è veramente bello all’esterno. ",Si può saltare , 2 gennaio 2019,Scricciola3484,2.0,negative
17547,"Si trova pochi passi dalla porta di Brandeburgo, proprio sulla strada a fianco al marciapiede.. È gratuito, e non si deve far la fila per entrare..Avevo letto delle recensioni interessanti e il libro guida ne parlava in maniera altrettanto interessante spiegando che il percorso avrebbe dovuto ""ricreare"" il senso di angoscia ecc, invece a me sinceramente ha deluso; per l'ubicazione, in quanto è realmente all'angolo della strada; per l'opera in sé, perché è formata da dei blocchi di cemento che visti dall'alto possono anche sembrare armoniosi dal punto di vista architettonico, ma una volta all'interno a me non hanno trasmesso nulla, ne il senso di vuoto, ne l'angoscia, ne tanto meno la solitudine ecc; è poco valorizzato, poco spieagato e soprattutto poco controllato, molta gente non sa cosa sia quella ""piazzetta con tanti cubi"" sopra, molte persone usano i blocchi più bassi per panchina o tavolo da picnic e altri ancora giocano a nascondino al suo interno!",Per niente valorizzato.. , 22 agosto 2019,alessandra Lr,2.0,negative
137,"Guida che aveva paura a farti vedere i quadri italiani , forse per la notevole supremazia in bellezza ,opere a parte ,alcune di notevole bellezza , altre quasi da non Capire perché sono in un museo , comunque mi aspettavo di più molto più bello il museo della reina Sofia a mio parere non paragonabile al Louvre in Francia o al museo Vaticano a Roma o Uffizi di Firenze , non a livello della sua fama .",Pensavo meglio , 21 ottobre 2017,Angelo,2.0,negative
11238,"Dalle foto, anche da quella che mostra Tripadvisor, mi aspettavo una piccola Venezia con tanto romanticismo. Invece è quanto di più lontano si possa immaginare. Siamo andati di pomeriggio e c'erano molte persone, tante sedute ai tavolini. L'acqua era davvero lercia, le strade erano sporche e tutto sembrava fuorchè di stare a Milano, almeno in quella Milano che avevo imparato a conoscere ed apprezzare. Intorno al Naviglio facce dall'aria sospetta e niente che attirava. Abbiamo deciso di andarcene subito",Delusione totale!, 31 maggio 2019,suarim,1.0,negative
8472,"Le indicazioni che avevo letto mi avevano illuso che avrei potuto prenotare appena arrivata a Berlino. Invece non era così, prenotazione solo one line e posti disponibili dopo 15 giorni. Peccato, ci tenevo tantissimo!!!",Peccato non aver visitato almeno la cupola, 21 agosto 2020,annafracassi,2.0,negative
4786,Un posto magico! Un'oasi di natura e di respiro nell'affollata New York.Consigliato un bel giro in bici ma calcolate almeno due ore abbondanti!,Meraviglioso, 4 novembre 2015,syleasa,5.0,positive
17006,Di giorno e di sera ha un fascino che vale tutto il viaggio a Berlino. Vicino comunque al centro e facilmente raggiungibile,Tappa fissa, 3 giugno 2022,StefanoL,5.0,positive
7977,"Vale la pena vederlo x capire meglio com era stato studiato il Muro...tanto spreco di ingegno, risorse ed energia x tenere i berlinesi dell Est isolati ...ma ne è  valsa la pena???",Fa riflettere, 3 maggio 2017,AnnaGourmant,2.0,negative
1849,"Se c'é un termine che possa essere diverso da mi sono sentita derubata trovatemelo voi. 15 euro per 900 mt di navigazione su acqua lercia. Per ammirare cose che si vedono meglio quando si passeggia. Abito a Milano da 35 anni è da sempre ha fatto schifo, quasta volta non è stata da meno. ",Navigare percorso Darsena, 2 giugno 2019,Mara Caterina,1.0,negative
1069,"Bello, rilassante e piacevole passeggiare, ma soprattutto o ancora meglio noleggiare delle biciclette e godere a pieno di questo spazio nel cuore pulsante della Grande Mela.Particolarmente, toccante per musicisti ed appassionati di ottima musica, l'angolo dedicato al brano dei Beatles ""Strawberry Fields"" ed in particolare a John Lennon.Pedalare e/o passeggiare in questo splendido parco è sicuramente una tappa obbigata e rigenerante dopo le lunghe camminate tra gli edifici di Manhattan.",Un polmone verde nel cuore della grande mela, 15 settembre 2015,epico2000,5.0,positive
10287,"Non si può dire che siano belli,ma di sera quando si riempiono hanno il loro perché. In agosto quasi l'unico posto pieno di gente,ricco di ragazzi e bar,sicuramente più fresco rispetto agli altri quartieri. Certo non brilla per eleganza e soprattutto l'acqua torbida e a livello della strada non aiuta,però la sera diventa sicuramente più interessante.",Movimento serale, 16 agosto 2022,arystellina,3.0,neutral
10688,"Una zona che potrebbe essere meglio valorizzata. Trovata sporca, un naviglio senza verde e totalmente lasciato al degrado. Incomprensibile questa zona potrebbe fare molto di più",Trascurato, 12 luglio 2013,Emilio P,2.0,negative
3253,"Sembra incredibile che al centro si una città caotica come NY ci possa essere quest'oasi... Noi abbiamo girato il parco in bici per mancanza di tempo e devo dire che non siamo riusciti a godecelo molto, in quanto abbiamo potuto circolare solo nelle vie asfaltate che attraversano il parco senza poter andare all'interno..I percorsi poi non sono molto chiari...La prossima volta lo visiteremo a piedi!",Oasi in città, 15 ottobre 2015,SILVIAR86,3.0,neutral
468,"Sono stata in questo luogo dopo 7 anni e ho trovato una situazione completamente diversa. Quelli che una volta erano murales che avevano un significato, ora sono ricoperti di scarabocchi. Un vero peccato.",Graffiti rovinati, 31 ottobre 2018,kategree,3.0,neutral
2908,Bellissima chiesa considerata la cappella sistina di Milano per i suoi affreschi! da visitare assolutamente,Un gioiello poco conosciuto, 10 dicembre 2015,Cetti_63,5.0,positive
12669,Lunga passeggiata.di circa un chilometro e mezzo lungo un trattodi muro  conservato e affrescato con opere svariate.,Simbolo e memoria , 10 agosto 2019,Gianuario B,3.0,neutral
7040,"Parco e polmone verde di una città così caotica. Abbiamo visitato il parco una mattina partendo da times square con aria pesante dallo smog per poi arrivare in questa meraviglia di parco; l'aria completamente diversa e vedere tante persone correre, camminare, passeggiare con il proprio cane è stato come essere in un film. Tutto reale e allora prendiamoci 3 ore libere per farci una bella passeggiata e ammirare i laghetti con i loro animali.",bellissimo, 9 febbraio 2016,marikafrancesco,4.0,positive
13818,"Questa volta sono stata ai Navigli di giorno, durante le prime ore di un pomeriggio decisamente mite per l'inverno milanese. Così, un luogo che la prima volta mi era sembrato squallidino, chiassoso e fatto a posta per ""spennare"" i turisti, mi è apparso in tutta la sua bellezza malgrado la sporcizia e l'evidente bisogno di riqualificazione. Lontano dalle notti di movida, i navigli si mostrano nella loro semplice bellezza. Si ha il tempo di gustare i particolari, sbirciare attraverso le grate nelle coorti di antichi condomini e rimanere a godersi, in silenzio, il muoversi lento delle alghe sul fondo di un'acqua trasparente a dispetto deell'immondizia che galleggia in superficie.Se siete festaioli, amate l'happy hour, il chiasso e la folle andate di notte ma, poi, trovate il tempo di tornarci di giorno... tutta un'altra cosa!",Più bello di giorno che di notte., 3 gennaio 2012,Maria M,4.0,positive
9206,"Abbiamo passato una giornata stupenda al Central Park, per motivi di tempo e praticità abbiamo noleggiato per 4 ore le biciclette che ci hanno permesso di visitare gran parte del parco che è immenso, ci sono percorsi appositi per le biciclette. All'interno del parco sembra di stare in un bosco vero e proprio si repsira aria pulita, si incontrano scioattoli, laghetti, e bellissimi alberi e piante, sembra veramente di non trovarsi in una città. Per visitarlo bene ci vorrebbe una giornata intera se non addirittura 2. In ogni caso da vedere assolutamente!!",Natura immensa a New York, 5 aprile 2018,Domenico A,5.0,positive
15565,Ci sono stata. Forse non avrò capito io. Nulla di che. Un canalone. Meglio il centro.  Ma di gran lunga.,Sarà , 8 dicembre 2018,violatoscano,1.0,negative
6619,"Il quartiere che comprende i navigli e la relativa darsena è, a saperli e soprattutto volerli scoprire, ancora ricco di angoli autentici che parlano di tante vicende e tradizioni.E' solo per questo che, da vecchio milanese e suo discreto conoscitore, ancora una volta non me la sento di assegnargli il punteggio peggiore, come suggerirebbero gli incredibili eccessi - frastuono e sporcizia - della cosiddetta ""movida"" che, oltre a esasperare i residenti, vanificano la storia e la bellezza della zona.Davvero peccato.Per altri dettagli vedere le mie note precedenti.(*visitato il 24 ottobre 2017*)","Storia e bellezza vanificate dagli eccessi della ""movida""", 25 ottobre 2017,fi_decorso,2.0,negative
18294,"Tappa obbligata ma non banale ne deludente. Simbolo assoluto di NY e degli USA. Rilassante ""cittadina"" con i suoi eterogenei ""personaggi"" nella frenetica Manhattan. L'abbiamo girato  sia in bici (solo in parte all'interno perché non è permesso) che a piedi (mi è mancata la corsetta!!!)Foto bellissime con i palazzi che si riflettono nei laghetti... spettacolo.Da vedere","Icona""""""", 3 gennaio 2017,Luca R,5.0,positive
12413,Tappa assolutamente obbligatoria in questo meraviglioso museo!!Goya e Velasquez nella loro massima espressione!! purtroppo  ho trovato il museo un po' confusionario(senza guida si ritorna facilmente nelle stesse sale senza accorgersene) e soprattutto ho trovato ridicolo non poter fotografare le opere per poter avere con sé un ricordo.Esperienza bellissima ma disorganizzazione evidente!!!,BELLISSIMO MA......., 10 dicembre 2018,alessandropichiorri,3.0,neutral
13186,"Che dire... Il Duomo é il duomo, intramontabile bellezza e senza fine... Un restauro magnifico e all interno... È da vedere!!! Ma non si può andar via senza aver fatto un giro sul tetto...la vista é mozzafiato!!! La madonnina d oro é simbolo di Milano. ",Intramontabile , 25 luglio 2019,lei7,5.0,positive
6788,"Che dire un bel parco che peró non ha nulla di meno di parchi come Villa Borghese o Villa Ada  a Roma, il nostro Bel Paese offre di molto meglio.",Mi aspettavo dippiù, 15 agosto 2017,amitarg2,3.0,neutral
13170,"Museo molto grande (a tratti troppo dispersivo), contiene alcune delle opere più belle ed interessanti.. ma a differenza di altri musei non vi è permesso fare foto e personale decisamente troppo severo",Bello ma, 14 settembre 2022,Dyonmik,3.0,neutral
19332,Non essendo riusciti a prenotare on line ci siamo recati in loco dove è presente un ufficio prenotazioni (sono disponibili 100 posti per ogni fascia oraria per ogni giorno)Da non perdere il panorama dalla cupola di vetro illustrato dall'audioguida gratuita,Da non perdere, 4 agosto 2019,Salvatore M,5.0,positive
17355,"Una zona di Milano davvero particolare. I numerosi canali che l'attraversano la rendono molto suggestiva e romantica . I localini per mangiare o  solo bere, sono abbastanza attraenti anche se forse un tantino troppo numerosi. Durante il nostro ultimo viaggio a Milano ci siamo recati ai Navigli  per un boccone  dopo lo spettacolo alla Scala. Purtroppo gia' alle  11 di notte non era piu' possibile mangiare. Peccato dunque non essere riusciti a trovare nulla in un 'area in cui la densita' di locali pubblici e' altissima come e' altissima la presenza di giovani e meno giovani a passeggio.",Milano after dark, 27 giugno 2016,Andrew P,3.0,neutral
14810,"Sul sito dove si trovava la  sede centrale della Gestapo si trova una moderna struttura in vetro dove sono esposte una serie di fotografie e testimonianze della crudele repressione svolta della polizia segreta del Furer. Considerazione importante da fare è la volontà del popolo tedesco di ricordate e assumere le responsabilità storiche  delle atrocità perpetrate ai tempo del nazismo. Al di sopra della struttura, a livello strada si trova ancora un pezzo di Muro, che non porta graffiti, e che testimonia la triste suddivisione della città di Berlino tra Est e Ovest.",La storia dell'oppressione del popolo tedesco, 18 settembre 2017,Osvaldo M,4.0,positive
2036,Siamo stati qui l'anno scorso per una visita ad amici... Ci hanno portato sui navigli... Peccato fosse asciutto... Posto interessante sicuramente da rivedere...,Peccato fosse asciutto..., 28 giugno 2016,LoveButterfly78,3.0,neutral
16581,"Veramente è solo un canale ""Grande"" del Naviglio e che era appena passabile! Avventuratevi un po' ogni lato di essa e non è una bella zona. . . Piuttosto fatiscente, sporco e poveri! Avevamo una cena presto in uno dei ristoranti sulla strada principale direttamente dalla stazione della metropolitana che conduce il canal grande, abbiamo fatto un po' a piedi dopo e che era abbastanza. Visita se è necessario, ma oltre a questo è connessione a Leonardo Vinci, non è niente di speciale.",Non è Venezia!, 27 luglio 2017,ForeverYoung50,3.0,neutral
11467,"Quando ero una ragazzina (25 anni fa) i Navigli erano veramente una zona ""alternativa"", con locali autentici, forse alcuni anche discutibili...Ora si è tutto un po' appiattito... Se da un lato sono state fatte delle migliorie, delle riqualificazioni, dall'altro mi pare che molto ci sia ancora da fare, a livello di pulizia e di frequentazioni di brutta gente.E' un quartiere vivace, con molti locali anche carini, alcuni dei quali però adatti giusto per i turisti.Insomma non è più alternativo come una volta, ma non è nemmeno diventato appieno un quartiere caratteristico e pittoresco come si trova in altre città europee.",Difficile da definire, 31 marzo 2016,GinnyLombardia,3.0,neutral
5196,"Questa chiesa in via Magenta, esternamente abbastanza comune, me la fece scoprire un collega anni fa quando non erano ancora stati completati i restauri ed era poco conosciuta perfino dai milanesi stessi. Adesso, oltre ad essere soprannominata la Cappella Sistina di Milano, è piuttosto frequentata e c'è tutto un percorso di visita. La chiesa è composta sostanzialmente da due parti quasi uguali: la chiesa vera e propria dove accedevano i fedeli e, dietro la parete dell'altare, la parte del Monastero dove le monache di clausura assistevano alla messa. Nella parete c'è una grata ad altezza d'uomo che consentiva alle monache di sentire la messa senza essere viste. Curiosissima la piccola apertura chiusa da uno sportellino di legno che permetteva all'officiante di passare l'ostia alle monache (si trova vicino all'uscita). Tutte le pareti della chiesa sono coperte da bellissimi dipinti che raccontano scene del Vecchio e Nuovo Testamento. Imperdibile sul fondo della parte delle monache gli affreschi dell'Arca di Noè.",Un vero capolavoro!, 6 gennaio 2017,dellangelo54,5.0,positive
18805,"Parco immenso e frequentatissimo. Le attrattive presenti dal castello Belvedere ai piccoli parchi a tema non sono indicati come si deve. E' tutto un correre, sgomitare tra bici, runner, tandem, roller e per un bel tratto anche auto a velocità sostenuta.  Non l'ho trovato per niente rilassante, sono pure caduta insomma .... un disastro. ",Be careful!!!!, 12 settembre 2017,melissa038,3.0,neutral
8625,Grazie ad una ottima ristrutturazione della Darsena finalmente la zona sta diventando il vero fulcro e attrazione cultura e di svago di Milano aperta a tutti e per tutti,finalmente rinato, 13 settembre 2016,Mauro R,5.0,positive
9869,"Oggettivamente e architettonicamente valido, simbolo di Milano per eccellenza , da vedere, anche se personalmente,  non mi entusiasma ",Bello ma non mi entusiasma , 12 marzo 2019,Paspolc,3.0,neutral
8604,Sarà che ho visitato di sera dove girava un mare di gente. Francamente non mi sono emozionato. Pensavo qualcosa di meglio.,Mah, 7 agosto 2019,nihonkoku,2.0,negative
747,"Probabilmente la mia aspettativa era decisamente differente, non che la parte di muro non meriti, ma sinceramente avrei trovato molto più appropriato  vedere questo elemento che è una parte di storia (anche se non della migliore), conservato il più possibile con il suo aspetto originale, e non completamente ricoperto da ""decorazioni"" eseguite da pochi anni, quindi anche con rappresentazioni che nulla hanno a che vedere con il periodo del Muro. Se invece lo si vuole vedere come uno spazio su cui sentirsi liberi di dipingere qualsiasi cosa ti viene in mente, allora il discorso è diverso. Solo un piccolissimo tratto è stato conservato con la finitura e i ""decori"" originali, e trovo sia davvero un peccato. ",Mi aspettavo tutt'altro , 7 novembre 2018,pollbike,2.0,negative
12972,"Se siete in vacanza a New York, la tappa al Central Park è irrinunciabile. Per vederlo tutto ci vuole almeno una giornata, ma secondo me è sufficiente vedere i due o tre punti più famosi per godere dell'atmosfera del parco.",Un'oasi di pace dentro il caos di NY, 2 luglio 2018,etac88,4.0,positive
15108,"Ci sono un sacco di negozi e ristoranti. Una bella passeggiata su entrambi i lati. Tuttavia, l'acqua era bassa e piena di spazzatura, alcune anatre, un sorprendentemente grande numero di pesci e un topo morto.",Canal Grande ma poco profonda., 12 novembre 2018,CMCPhiladelphia_PA,3.0,neutral
8014,"Questo originale tratto di muro si trova lontano dalle altre attrazioni ma vicino a zone comunque interessanti da visitare.Il muro, che una volta divideva la città, è diviso in diversi murales, il più celebre quello del bacio tra Brezhnev e Honecker e altri oggettivamente originali e ispiranti, la maggior parte però sono molto retorici e si riferiscono vagamente al degrado della società moderna in modo sterile e poco edificante.",Retorica a palate, 1 aprile 2019,zanga90,3.0,neutral
11672,Durante un viaggio lavorativo a Milano ho avuto modo di girare un po’ per il centro e per l’appunto di vedere il duomo di Milano . Molto affascinante e imponente se si va a Milano non si può non vederlo ! Merita veramente tanto . Nella zona antistante si può fare una piacevole passeggiata sotto i portici e godersi anche un po’ di shopping . ,Affascinante , 7 novembre 2018,Nicholas,5.0,positive
19205,Una fresca passeggiata serale tra baretti e zanzare malignie dove puoi accomodarti o semplicemente goderti la passeggiata! ,Zanzare carnivore, 3 agosto 2013,13paola13,3.0,neutral
4586,Uno dei pochi monumenti che mi emozionano ogni vokta che ci passo davanti.Varrebbe da solo la visita a Milano. Stupendo anche solo dall'esterno,Ogni volta che ci passi è un'emozione, 28 gennaio 2020,peaitaly,5.0,positive
14160,"Tra i monumenti più significativi di Berlino. Vale la pena dare un’occhiata e comprendere cosa succedeva anni fa non molto lontano da noi, consigliato. ",Da visitare , 9 gennaio 2019,Ooksss,4.0,positive
18117,"Sarei andato quattro anni fa, ma era freddo (anche se fine giugno) e indossava pantaloni lunghi e cardigan, quindi nessun problema. Ma quest'anno al momento in cui siamo arrivati fuori dell'auto siamo stati attaccati da centinaia di zanzare, e da centinaia credo davvero sul serio. Siamo andati in tutta fretta per la farmacia (che era aperto anche se era tardi, che vendono questo tipo di medicina per i turisti incompetenti) , e ancora il mosquito bites sono visibili ovunque (e prurito)sono sicuro che il posto è fantastico apperitivos e altre cose, ho provato l'ultima volta, ma ne vale la pena il mosquito masticare? Abbiamo deciso che era così, e appena siamo tornati per una cena molto costosa alla Galleria. Se decidete di andare, siate preparati.",Posto migliore per bere (se sei una zanzara), 9 dicembre 2018,effie10,2.0,negative
11088,Il problema che se vieni da Roma hai villa borghese questo giardino nel cuore di NY ti lascia così e così. Però sicuramente ha il suo fascino.,Bei giardini , 25 agosto 2016,Max C,3.0,neutral
8554,Fatto paseo de l' arte e pagato in anticipoSisalta solo fila a biglietteria Ma non per entrare al museo.Inoltre il passo che vale per tre musei parte dalla visita al Prado per cui se volete vedere qualcosa prima ...nadaFregatura alla spagnola,Prepagata, 2 agosto 2019,giorbat,2.0,negative
7129,"Dalle foto non si coglie la collocazione, mi aspettavo di trovarlo in una zona isolata ma invece è circondato da case, cantieri, ecc. e sinceramente non l'ho trovato molto toccante anche se la parte centrale del memoriale in cui si ha l'impressione di essere inghiottiti dal monumento è abbastanza inquietante.Vicinissimo alla porta di brandeburgo, consiglio comunque una visita per valutare il sito",ME LO ASPETTAVO DIVERSO, 14 gennaio 2020,Claudia N,3.0,neutral
13133,"Abbiamo prenotato la visita al prado su internet prima della partenza, poi dopo la visita ci piaceva avere anche il libro della mostra, abbiamo chiesto di poter pagare la differenza , poiché esiste il biglietto + libro, ma un addetto alla cassa all'interno del punto vendita rispondeva con scortesia che non era possibile, mentre le colleghe lo rimproveravano in spagnolo. Così abbiamo dovuto pagare l'intero costo del libro, un grazie al cordiale addetto al punto vendita.",Biglietto con guida , 9 dicembre 2017,axafranz,2.0,negative
5455,"Immerso nei palazzi di NYC é sembrato un bel parco, curato , ma non troppo diverso dai parchi nostrani.Caratteristico comunque la presenza di lago e di qualche scoiattolo",Tanto reclamata ma sempre un parco., 14 settembre 2016,Alessandro Z,3.0,neutral
6628,"Premesso che a me piace molto girare per musei con guide, mappe e audio guide, ho trovato difficoltoso visitare questo museo in quanto decisamente poco organizzato. Non si capisce bene quale sia il percorso e se, come nel mio caso, non si è ben Ferrati in materie artistiche si perde subito il filo conduttore tra un’opera e l’altra. Ma tralasciando questo, molto grave la mancanza di comunicazione per i servizi non agibili. Sono stata un’ora a cercare un bagno per tutti i piani del museo dato che ogni bagno che trovavo era  inagibile e quindi chiuso al pubblico. In più, nessun dipendente del museo era in grado di indicarmene uno dato che NESSUNO parla un minimo di inglese. Sono stata costretta ad occupare il bagno dei disabili creando così, insieme ad altre donne, fila lì dove non dovrebbe esserci. ",Poco organizzato, 8 marzo 2018,Paolo240,3.0,neutral
17730,Mi e piacuto tanto vedere Milano. E una citta molto bella . Ci sono tanti belle cose da vedere. Quindi do 5 stelle,Spetacolo, 11 agosto 2019,Juri,5.0,positive
9894,"Che dire due canali e una darsena con palazzi intorno. Chiunque sia stato non dico a Venezia centro ma anche in altre città con canali, Amsterdam o anche Venezia lido, potrà dire che i navigli non sono entusiasmanti. Forse la sera in estate con i locali e le luci saranno piacevoli, ma non sono belli.",Ma!...., 4 maggio 2019,jollino79,1.0,negative
4178,"Il Duomo di Milano sarebbe meraviglioso se non ci fosse perennemente qualche impalcatura a ostruire parte della struttura. E poi, fra piccioni e extracomunitari che ti vendono di tutto...",Il Duomo di Milano sarebbe meraviglioso se..., 4 marzo 2021,Elisa92,2.0,negative
14174,un monumento che rappresenta una città internazionale sicurezza organizzazione e arte allo stato puro,emozionante, 15 aprile 2019,giuseppeatrebor---,5.0,positive
2795,Cronologia fotografica e documentale dell'invasione nazista in Europa. Merita senz'altro una visita.,PER NON DIMENTICARE, 20 febbraio 2017,Antonio G,3.0,neutral
18565,"Lungo i canali dei Navigli illuminati dalle mille luci del Natale,  l' aperitivo è d obbligo qui a Milano. Molti i locali che offrono un calice di vino con buffet libero incluso. Si può  praticamente cenare a prezzi modici. La qualità però lascia un pò a desiderare. Francamente mi aspettavo qualcosa di più particolare. .. ",Una passeggiata alla vigilia di Natale ai Navigli , 26 dicembre 2017,silapipa,3.0,neutral
9332,"È un parco veramente grande, con una strada a senso unico ciclabile che segue il perimetro e tante stradine interne solo pedonali. Ci sono punti attrattivi dove fermarsi ma non sono segnalati, se sei in  bici e li salti dovresti fare il giro completo del parco e ritrovarli,  una ciclabile a doppio senso sarebbe sensata.  Nel complesso non mi ha colpito ",Grande ma..., 7 giugno 2016,Alessandro R,2.0,negative
7009,"Visita molto interessante, ci sono molte foto e documenti che fanno ripercorrere le atrocità commesse durante la seconda guerra mondiale.Consigliata se avanza del tempo.",Se avanza del tempo..., 7 gennaio 2017,Emmina,3.0,neutral
2416,Caratteristico posto di MilanoTanti localini che costeggiano i navigli e possibilità di passeggiareConsiglio assolutamente di visitarli,Belli, 19 agosto 2018,Caterina43,5.0,positive
13296,Luogo caratteristico di Milano in cui perdersi tra locali vicoli e negozietti ... la sera la movida è al top .. assolutamente da non perdere !!,Sempre Bello, 11 aprile 2016,glaciare,5.0,positive
1676,Bello perdersi nel parco al riparo dai rumori e della onnipresenza di grattaceli che a volte non 'lascia il respiro'.Fantastico per un picnic con la famiglia. Oltre naturalmente alle numerose attrazioni note del parco.,Un angolo di paradiso nel cuore di Manhattan, 20 ottobre 2016,Samuel f,5.0,positive
3058,"Forse era perché era una giornata di pioggia, ma questo non è stato bello come credevamo. La zona sembrava mancanza alcuni alberi e piante. Anche in una giornata di sole sarà troppo stoney per essere attraente.","Bello, ma non molto speciale", 22 maggio 2017,Monique G,3.0,neutral
13831,"Forse ci aspettavamo molto di più...È certamente un luogo simbolo, ma forse abbiamo trovato l’ora peggiore.Abbiamo trovato troppo affollamento, tipico dei luoghi super gettonati e turistici!Per fare una foto devi attendere minuti e non è certo che venga bene, visto il passaggio delle persone.Meriterebbe una visita ad orari “sicuri”.",Imperdibile...? , 18 settembre 2019,Giampaolo L.,3.0,neutral
9769,È una vergogna che sia stata permessa la costruzione di una marea di edifici attorno a questo splendido museo all'aperto nel quale dovrebbe solo regnare la pace e tranquillità per non fare dimenticare. Per chi lo ha visto nel passato è micidiale vedere il devastò dei cantieri,Che devastazione!!!, 3 gennaio 2020,Andrea P,2.0,negative
17395,L'unica cosa soprendente è la dimensione. Per il resto non vi ho trovato nulla di speciale. Visitabile fino a metà perchè la parte nord è incolta e .... poco sicura! Per turisti.,c'e a chi piace ............. e a chi no!, 18 dicembre 2018,sussun2000,2.0,negative
19435,"L'atmosfera serena e tranquilla che mi ha accompagnato durante la passeggiata di primo mattino lungo i navigli e la darsena non ha cancellato il pessimo ricordo di ciò che avviene nel quartiere fino a notte fonda.E' un vero peccato, perché la zona ha rilevanza storica, possiede ancora molti angoli autentici oltre che pittoreschi e andrebbe valorizzata (e tutelata) altrimenti.Per il resto valgono le ampie considerazioni della mia recensione precedente.",Da valorizzare (e tutelare) assai diversamente, 21 maggio 2017,fi_decorso,2.0,negative
18527,I navigli sono uno dei simboli di Milano. Sono Stata qui poco tempo fa e devo dire che è una Zona accogliente e rilassante. Ottima per bere qualcosa in compagnia. Mi piece. ,Piacevole passeggiata , 19 febbraio 2020,Erika Dalmasso,3.0,neutral
2817,"Enorme, infinito, noioso per il 95% di persone come me che di arte non capiscono quasi niente... quasi tutto dedicato ad arte spagnola, conquiste e iconografia religiosa, pesante pesante pesante... se non siete studiosi di arte o volete darvi un tono come tutti... si può anche evitare!",SOPRAVVALUTATISSIMO, 3 novembre 2017,Francesco M,1.0,negative
7961,Cosa sarebbe Milano senza i navigli? provate a passeggiare in una mattinata di sole lungo il navgli e vi sentirete davvero a milano...gli edifici colorati che lo costeggiano danno un tocco di pittoresco in una città povera da questo punto di vista,La vera Milano.., 25 ottobre 2012,SbagliateN,5.0,positive
7530,"Incantevole parco immenso, nascosto dai palazzi della città. Molto piacevole farvi una passeggiata tranquilla e vedere il verde in una città caotica come New York. Nel parco si può vedere la statua di Balto e a chi piacciono gli animali può visitare lo zoo.Bello bello bello !!!",Cuore verde della città , 22 settembre 2017,patrizio b,5.0,positive
8572,abbiamo passeggiato a central park con una giornata molto fredda quindi non ce la siamo goduta appieno parco enorme che abbimo fatto tutto a piedi fino al museo gogheneim abbiamo visto tanti scoiattoli e la pista da pattinaggio immerso tra i grattacieli per me che vengo dalla campagna non mi ha entusiasmato piu' di tanto,passeggiata a central park, 26 febbraio 2020,593patrizia,3.0,neutral
1445,"Aspettative completamente tradite. Ero rimasto affascinato da uno speciale visto alla tv. Appena ho avuto l'occasione di venire a Milano mi sono diretto ai Navigli. Complice il fatto che ora sono oggetto di lavori di manutenzione, e quindi senz'acqua, ho trovato uno spettacolo desolante. Carrelli del supermercato e borse della spezzatura affiuranti dal palmo d'acqua rimasto, ristoranti e bar angusti con menù in fotocopia l'uno con l'altro. Possibilità ridotte al lumicino di potre mangiare qualcosa di tipico milanese, e i pochi ristoranti che lo permettono hanno prezzi esorbitanti. Popolato da turisti che seduti davanti al nulla sorseggiano contenti vino e birre. Da evitare. Oltretutto la zona è veramente degradata. Delusione totale.",Una delusione, 8 novembre 2013,MassimilianoGGG,1.0,negative
13166,"I Navigli sono un bel quartiere di Milano. Moltissimi locali, vita giovane, bancarelle interessanti e quant'altro. Da non perdere.",Caratteristico, 18 dicembre 2016,francesco c,5.0,positive
4976,"Tappa fondamentale per chi viene a Madrid....si rimane piacevolmente annientati dall'immensità di Bellezza che raccoglie questo museo.Però, da italiano (1/3 delle opere sono italiane), non ho trovato una particolare attenzione da parte dell'organizzazione verso chi parla la nostra lingua!Quasi nessuno spiaccica una parola italiana, e ancor più grave, tutta la collezione di Guido Reni (italiano) tradotto nelle lingue inglese e tedesco e l'unico Caravaggio senza spiegazioni; bene invece la copia della Gioconda!Come al solito, gli italiani sono considerati di classe B, nonostante siamo molti e altospendenti....comunque si può migliorare!Visitato in data","Bellezza allo stato puro,ma....", 24 giugno 2023,Journey573950,3.0,neutral
19528,"La prima volta che sono arrivato in prossimità di Central Park ero emozionatissimo : in quale città del mondo si può entrare in un immenso parco attraversando una delle strade più trafficate,snob e famose, come la 5th Avenue?Ci si lascia alle spalle il caos urbano e ci si immerge in un mondo parallelo,costituito da immensi prati,foreste,laghi,uno zoo,giostre per bambini,spazi di meditazione,luoghi di ristoro,possibilità di praticare attività fisica...Una oasi nella quale si possono trovare una varietà incredibile di persone : professionisti in pausa o addirittura a lavoro coi propri tablet e pc,turisti,bambini che giocano,anziani a passeggio,turisti,esibizionisti (nel senso positivo del termine,giocolieri,cantanti,ballerini,prestigiatori....),sportivi,c'è posto per tutti,nel pieno rispetto della natura.In prossimità del laghetto (Lake) si trova la stupenda Bethesda Terrace,delle scalinate che formano una piazza con al centro la Bethesda Fountain,luogo di ritrovo per centinaia di persone e turisti e poco distante si può affittare una barchetta per effettuare una piacevole, quanto romantica, remata nel lago (dal colore verde smeraldo,non proprio invitante...).Per gli amanti dei Beatles a pochi metri si trova lo Strawberry Fields Memorial con al centro un mosaico recante la scritta IMAGINE,dedicato a John Lennon,ucciso nel 1980 in prossimità del Dakota Building, sulla 72nd.Oggettivamente mi risulta difficile esprimere a parole ciò che Central Park è stato capace di regalarmi : molto semplicemente,pomeriggi di quiete e serenità.Se venite a Manhattan fateci un giro,non ve ne pentirete!","il polmone di Manhattan,il cuore di New York", 10 ottobre 2018,Soldato77,5.0,positive
11758,"Parco meraviglioso sia inverno che estate , da passeggiare visitare , anche riposare sull’erba e tra gli alberi , molteplici giochi e attenzione turistiche , specie i giocolieri di strada . Da visitare se si è a ny . ",Meraviglia pura !!! Parco di ny ... , 19 luglio 2018,Rocco,5.0,positive
10392,"Non vuoi fare una corsa in questo magnifico parco nel mezzo di new york? ti perdi tanto!Oltre alla corsa dove al mattino è pieno di runner, nel parco si può anche prendere una barca a remi a noleggio per 15$ e fare un oretta in mezzo al laghetto piccolo.",correre qui non ha prezzo!, 13 luglio 2017,gabriele1968,4.0,positive
12518,Mi avevano raccontato dei Navigli...non li frequentavo da almeno 20 anni. Mi sono recato un sabato sera e sono rimasto sconvolto dalla pessima qualità dei locali e dei frequentatori. Un po' meglio il Naviglio piccolo...,Lo squallore in bella mostra, 27 marzo 2016,Maurizio S,1.0,negative
19187,"Posto visto solo da lontano, la polizia non lasciava avvicinare nemmeno per le foto dall’esterno , poliziotti scortesi arroganti e maleducati , dovrebbero insegnare loro come si comunica con i turisti e non lasciare che ti guardino in modo cagnesco senza conoscere nessun idioma diverso dal loro ...brutti maleducati e persino ignoranti , non lo auguro a nessuno di imbattersi nella polizia locale.. ",Poliziotti maleducati , 29 gennaio 2020,fabrizio p,1.0,negative
17040,sempre il solito meraviglioso posto dove trascorre momenti indimenticabili. struttura da visitare in ogni angolo.,ricky and family, 3 maggio 2022,riccardo b,5.0,positive
12169,"tutta la zona dei navigli è particolare come atmosfera. tanti negozi e ristoranti, un mix di presente e passato mescolati insieme ",particolare, 1 novembre 2016,Massimo V,4.0,positive
10611,passaggio per cd obbligato perchè molto si può apprendere. Un po' affollato ma deve esserci come tappa nel giro cittadino,tappa doverosa, 14 maggio 2017,Anna N,3.0,neutral
14403,"Un'oasi verde in mezzo alla città davvero gradevole, anche se a me italiana è apparsa un po' strana per il fatto che la bicicletta può essere utilizzata soltanto sulla pista ciclabile che è a senso unico e ti obbliga quindi a fare il giro completo che è di 10 km circa oppure attraversare il parco in maniera trasversale spingendo la bici a mano. Comunque niente da dire: una volta imparate le regole non costa niente metterle in pratica!",Bella giornata in bici, 3 aprile 2017,lucinda74Firenze,4.0,positive
11822,"L'ingresso costa circa €15, data la grandezza del museo ci potrebbe anche stare , ma il tour è organizzato così male che si passa continuamente a periodi storici non collegati tra loro. Vista l'enorme quantità di materiale che hanno potrebbe anche esser interessante, ma va decisamente organizzato in maniera cronologica o comunque in un ordine migliore di quello attuale.Al momento non lo consiglio. ",Estremamente confusionale, 23 luglio 2017,Miks_Pauli,2.0,negative
13740,"Ingresso libero, questa esposizione ripercorre gli anni del terrore con fotografie d'epoca.Avrei proferito qualcosa di interattivo...",Gli anni del terrore, 10 febbraio 2018,Roberto,3.0,neutral
17147,"Mi aspettavo sicuramente di più; sarà per le tante aspettative ma mi parlavano dei Navigli come un luogo romantico e giovanile. Ho trovato solo chioschi con una puzza di pesce fritto ed extracomunitari che volevano vendermi braccialetti e co. Tra l'altro di tutti i Navigli solo la parte vicino Via Vigevano è degna di nota, il resto è solo parcheggio.",Deluso, 6 marzo 2017,Mike91D,2.0,negative
9745,"Ho visitato i Navigli di Sabato sera e , sarà per l'atmosfera troppo ""soffocante"" , non ho gradito la visita. Canali sporchissimi con qualunque tipo di oggetto che galleggia , mentre il bordo dei canali è intasato dalla movida giovanile milanese , per cui è impossibile camminare. Certamente rimane una delle zone più caratteristiche di Milano, anche se credo si dovrebbe rivalutare ",Nulla di eccezionale se andate di sabato sera, 13 giugno 2015,Gabriele G,3.0,neutral
8602,"Organizzazione pessima, mi meraviglio di voi…famiglia con 3 bambini puntuale all’ingresso e subito viene richiesto di portare appresso il passeggino…. Per le scale … fino alle terrazza… ; si chiede cortesemente per un’area deposito e viene negata, siamo costretti forzando le resistenze a lasciare il passeggino sulla strada pubblica. Il tour procede secondo l’orario previsto per i biglietti acquistati ( Euro 50) e alla discesa viene negato l’accesso alla cattedrale perché chiude alle sei e dieci. Figuraccia!!!!",Il duomo come non l’avete mai visto, 2 giugno 2023,Marco Polo,1.0,negative
12201,"Se vai in vacanza a Madrid non puoi non andare a visitare il Museo. Se non si prende una mappa si rischia di perdersi, è veramente grande ma c'è l'imbarazzo della scelta sulle opere da vedere. Noi abbiamo preso l'audio guida che ti spiega le opere principali. Visitare il Museo in un giorno è abbastanza complicato perché ci sono troppe opere, però se si fa una cernita di quelle più importanti da vedere diciamo che in 2-3 ore si può fare. ",Interessante, 24 aprile 2019,sciarra77,3.0,neutral
12554,"Per me un incanto, uno spazio verde infinito tra i grattacieli.Facile da girare ottimo per un pick nik o un riposino all'ombra dopo aver camminato tutto il giorno.All'interno del parco da vedere il memorial a john lennon e la statua di Alice !!!",Spettacolare!!!, 7 luglio 2017,GiliaGur,5.0,positive
8200,"Che mi ha rivelato dopo tanti anni di non essere mai stata a Milano ho organizzato un Sabato intensivo, che vi ha portato anche a visitare il Duomo che ci ha lasciato delusi rispetto a molti altri già visitati in giro per l’Europa. Le code non mancano dalla biglietteria gestita male tra totem e sportelli, all’ ingresso con controlli un po’ troppo ... mi sembravano buttafuori più che personale di controllo.Se fuori è uno spettacolare esempio dell’arte italiana, come al solito maltrattato, (il lato sud si deve far carico della stazione bagni pubblici direi quantomeno imbarazzante e il lato opposto utilizzato per la proiezione di video), dentro ho apprezzato le vetrate decorate e l’Assunta di Lucio Fontana, ma forse sono io che non so apprezzare tutto ciò.",Per mia moglie..., 11 febbraio 2020,Franco S,2.0,negative
13519,Figata pazzesca ora che la Darsena ha riaperto in occasione di Expo. Prenotare un viaggetto lungo il Naviglio Grande con la barca e una guida turistica è da fare. Si vedono i Navigli da una prospettiva diversa e molto più affascinante. Se poi si capita nella domenica dell'antiquariato allora è ancora tutto più speciale. non dimenticatevi di dare un'occhiata ai cortili: una vera chicca,Da fare- il Giro dei Navigli a piedi e in barca, 2 agosto 2016,Luisa C,3.0,neutral
503,Il simbolo di berlino. La porta neoclassica con colonne sormontate dalla famosa quadriga. Assolutamente da vedere. Mi aspettavo qualcosa di più imponente in realtà è anche di modeste dimensioni. ,Il simbolo di Berlino , 4 febbraio 2020,Robbartodanapi,2.0,negative
3758,"Il museo è bellissimo, ma confusionario se lo si affronta senza guida. Sono stata a marzo ed è già molto caldo all’interno a causa delle tante persone.",Attenti al caos, 31 marzo 2023,Nel,3.0,neutral
18896,"I Navigli sono stupendi, ma hanno creato troppo caos intorno a loro. Sì è bello fare aperitivi, festa etc... Ma a quelli che ci abitano non ci pensa nessuno??? Disturba tutto quel caos, credetemi!!! Basterebbe forse solo un po' più di educazione da parte di chi ci va... Magari non urinare in mezzo alla strada, non urlare alle due di notte e anche i locali limitare la musica a dei decibel ragionevoli... Ma si sa, è più importante il business che le persone!",Navigli belli ma rovinati dalla Movida, 24 giugno 2019,Angie F,1.0,negative
4577,"Passeggiata serale con amici Napoletani,venuti a trovarci. E' sicuramente una tappa da fare in visita a Milano, comunque nulla di proprio eccezionale.Ambulanti con la solita chincaglieria ,localini da aperitivi ,ristoranti ,abbigliamento,libri e e dischi. Ripeto un salto fatecelo ma Milano offre molto altro.",Passeggiata con amici, 1 maggio 2019,gendesa,3.0,neutral
17769,"In Corso Magenta 15, nel centro di Milano: dall’esterno sembra una chiesa minore. Appena si entra si rimane attoniti dalla bellezza della struttura, dai dipinti e, soprattutto dagli affreschi sulle pareti e sulla volta.E’ una chiesa che una volta era un convento di monache di clausura. Nella parte cui accedono i fedeli, da Corso Magenta, si assiste alla messa: la struttura, a base rettangolare, è divisa da un tramezzo dove è l’altare: dietro a questo è posizionata una grata e a lato un tabernacolo. La loro funzione era quella di consentire alle monache di clausura di assistere alla messa e di ricevere la comunione stando sempre nel cosiddetto “Coro delle Monache”. Oggi si accede anche al Coro delle Monache.L’intero Monastero di San Maurizio Maggiore è decorato da affreschi del Luini, semplicemente stupendi. Lasciano senza parole. E’ un luogo che non può mancare in alcun modo in una visita a Milano.",Non può mancare in una visita a Milano, 11 dicembre 2015,Cesare C,5.0,positive
1187,"Proma di tutto, per l'ingresso al quale consiglio di acquistare il biglietto online. Consiglio anche di non commettere l'errore di seguire le indicazioni dell'audioguida per una visita guidata della durata (teorica) di tre ore, onde evitare d'essere in tal modo catapultati in un girone infernale: avanti e indietro per tutto il museo, alla ricerca della numerazione bis e ter delle sale, numerazione assegnata in modo spesso incomprensibile. Chilometri percorsi in nome di una selezione artistica non si capisce bene con quale criterio stilata. Conviene piuttosto iniziare la visita metodica delle sale, seguendo tramite la guida la numerazione indicata accanto alle opere. Il voto è la media fra la qualità e la bellezza delle opere esposte e l'organizzazione del museo.",Organizzazione da migliorare, 18 novembre 2019,carzox,3.0,neutral
15343,"Una visita è d’obbligo, peccato che per la presenza della pista ciclabile e della quantità di turisti sia davvero complicato anche fare solo una foto. Avrei preferito fosse meglio gestito lo spazio nell’intorno della East side gallery!","Da vedere, ma speravo di meglio", 14 agosto 2018,daniela130415,3.0,neutral
8403,"Volevo entrare in Duomo con amici ma si deve pagare. Assurdo, anche per pregare devi sborsare euro. Visto solo da fuori, è molto bello comunque.",Denaro in mano, 6 novembre 2019,Storyteller764910,3.0,neutral
14600,"Vista la scarsa presenza di turisti la visita al Duomo è sembrata una buona occasione x vedere una delle cattedrali più belle al mondo. Si paga un ticket, va bene, ma poi quando entri se non sai a priori che devi comprare il ticket completo non puoi accedere alle cripte. Bene pago la differenza che problemi vi sono. No non è possibile in cattedrale devi uscire e fare il biglietto di nuovo ma non c'è  solo per le cripte.  Bene, già pagare x entrare in duomo non va bene,  ma pazienza, però questa situazione è assurda. Peccato xché da milanese avevo proprio voglia di fare un bel giro in duomo senza persone. Meno male che la cattedrale resterà visitabile nei prossimi millenni sperando che chi gestisce malamente il tutto cambi in meglio",Ma come si fa a gestire così il duomo , 1 novembre 2020,Alexsond,2.0,negative
8611,"ho prenotato con un certo anticipo una visita per un gruppo di signore con una guida privata. Al momento del ritiro biglietti, quindi il giorno della visita, ci hanno comunicato che, essendo prevista una funzione religiosa, avremmo dovuto svolgere la visita in 30 minuti anziché nell'ora prevista. Avrei gradito ricevere, almeno il giorno prima, una mail per essere informata del disguido, eventualmente per decidere se spostare la visita. Pessimo servizio, considerato che la visita è a pagamento.",brutta sorpresa senza preavviso, 17 giugno 2021,Paola P,2.0,negative
10540,"Dopo aver visitato Brera, siamo andati alla sua Navigli parlati, che in teoria doveva essere migliore. In realtà Navigli è un "" - copia bad "" , con l'unico aspetto positivo di avere i piccoli fiumi, che tuttavia Brig un sacco di zanzare.Inoltre ci sono molti ristoranti e bar, la cui qualità è molto bassa. Inoltre, è davvero un cattivo odore, sporco e rumoroso.","Troppo puzzolente, sporco e rumoroso!", 2 dicembre 2014,liskelle,2.0,negative
141,"ci sono stata di giorno e di sera. di giorno i locali sono quasi tutti chiusi e si possono ammirare i navigli. ma ho trovato il posto molto sporco e frequentato da ""gentaccia "". ti squadrano e mirano le borse. ho visto persone fare i loro bisogni davanti a tutti. di sera è un po' meglio perché c'è la movida ma stare molto attenti qui",sporchi, 8 settembre 2013,914Ballerina914,2.0,negative
1435,"Bellissimo parco all'interno di Manhattan, ma niente di più. Probabilmente essendo stata fatta in una giornata invernale e piovosa, era priva di vita e attività.",giro invernale a central park, 8 dicembre 2016,Luca C,3.0,neutral
11617,"Sono stata a Madrid con il mio ragazzo per qualche giorno e siamo andati al Museo Del Prado. Nulla da dire sulle opere che sono meravigliose, ma sull’organizzazione e la disposizione si. Troppo dispersivo e soprattutto con pochi cartelli. Non si capisce da che parte bisogna andare per proseguire. ",Troppo dispersivo e mal organizzato , 8 settembre 2018,ValeC,3.0,neutral
5214,Amo visitare i Navigli.... mi riempiono di gioia e buon umore... vedere tutti i locali e aver la possibilità di poter scegliere quello che si vuole non ha prezzo.... i Navigli sono sempre i Navigli....,Serata alternativa , 27 dicembre 2016,Katia G,5.0,positive
17010,Una paradiso nel bel mezzo di Manhattan. L’ho visitato in diverse stagioni dell’anno e sono rimasto ogni volta più affascinato. Da visitare assolutamente ,Speciale , 2 ottobre 2018,Dariocal91,5.0,positive
1692,"Siamo andate a visitare questo luogo con alte aspettative, che sono state assolutamente deluse.Non raccontato ne tanto meno testimoniano un parte della storia tedesca e mondiale.Non voglio dare giudizi sulla storia, ma avendo visitato tanti siti e memoriali sulla seconda guerra mondiale, questo l'ho trovato quasi offensivo e traviante.",Delusione, 2 luglio 2018,FraFryR,1.0,negative
19343,"Abito a Milano, il visitare il Duomo è una tappa usuale anche per ascoltare la Messa con rito ambrosiano!","Bellissimo, imponente: unico vero esempio di Gotico in Italia", 3 maggio 2019,Reni5,5.0,positive
9744,"In una calda domenica di luglio ho trovato rilassante passeggiare lungo i navigli al mattino presto, quando il sole non batteva ancora, una gran parte dei locali che rendono la zona così densa di vita alla sera era chiusa e tutto appariva più vivibile. Ogni tanto ci vuole di sostituire alla movida il lento scorrere delle acque.",passeggiata domenicale, 23 luglio 2013,PPCI-BG,3.0,neutral
1646,"Siamo stati a central park il giorno dell'eclissi di sole (21/8) . Nonostante ci fosse parecchia gente abbiamo girato con tranquillità il parco,ammirando il paesaggio che offre . Ci siamo sdraiati per un riposino , mangiato un semplice pretzel di uno dei tanti banchetti presenti , cercato e fotografato Alice in wonderland(statua). Se avete tempo a disposizione,passate qui almeno 4/5 ore di una giornata!",Giornata relax, 25 agosto 2017,lucagar,1.0,negative
13203,"Assolutamente da vedere, ci sono molti bei murales. E' molto affollata di turisti e a volte non si riesce a vedere bene  perchè davanti ci sono persone che si fanno i selfie e non si preoccupano di chi vorrebbe solo guardare. Ma ho risolto il problema andandoci una seconda volta al mattino presto. Poca gente e tempo per gustarmi e guardare senza tante interferenze il muro di Berlino dipinto da molti artisti. Nel quartiere li vicino ci sono altri murales fatti da artisti molto noti. Vale la pena di farsi un giro e vedere anche quelli a mio avviso.",East side gallery, 25 maggio 2019,tondocibei,3.0,neutral
1455,"abbiamo deciso di girare tutto il parco colle bici ed e' e stata un'esperienza simpatica.Purtroppo colle bici bisogna stare sulle vie principali , mentre sarebbe bello riuscire a vedere monumenti ed attrazioni , ma questo e' lunico modo per riuscire a fare un giro ampio e a circumnavigare anche il grande lago centrale, a meno di aver voglia di dedicare un'intera giornata solo al parco : ma onestamente a noi sembrava troppo..",un polmnoe verde in mezzo allo stress, 30 aprile 2017,nonmidisturba,4.0,positive
19601,Siamo tornati per una seconda visita durante il giorno. . . Tutto un po' deluso dalla nostra ultima visita. . . Sembra che la maggior parte dei piccoli negozi dal canale hanno chiuso? . . . Molto di più potrebbe essere fatto di questa zona!,Deludente, 4 maggio 2017,mike c,3.0,neutral
12799,"Molto bella e imponente e molto bello il lungo viale che porta ad esse! Forse un po troppo attaccati i palazzi retrostanti moderni comunque sia vale la visita!! Parcheggi a poca distanza a piedi e molto altro da vedere in zona.. Palazzo del Reichstag, Postdamer Platz, Muro, monumento ai caduto sovietici...",Visita d’obbligo!! Molto bella e imponente , 10 gennaio 2020,Roberto Gianelli,5.0,positive
15684,"Il duomo di Milano e'una delle attrazioni turistiche piu'famose d'Italia, pari alla torre di Pisa ed al Colosseo, questo e'certo! Al giorno d'oggi inoltre, e'molto famoso per essere sfondo dei selfie di tutti i turisti. Ebbene si, sicuramente da non perdere se si e'in visita a Milano, molto interessante da vedere anche al suo interno, o prendere l'occasione d'oro quando ospita anche mostre artistiche interessanti ma, apparte questo, non vedo che piú possa avere di esuberante, di bellissimo, di affascinante...","MONUMENTALE certamente, ma neanche pazzesco!", 17 giugno 2019,indiraM.,3.0,neutral
4129,Beh che dire il Duomo di Milano è meraviglioso..in questo momento è quasi tutto pulito..l merita una visita sia della piazza che dentro..,Giro in Duomo, 15 gennaio 2019,Giorgio D,5.0,positive
7856,"Nella zona a ridosso della darsena è un tripudio di bar , ristoranti , negozi, studi di pittori.Uno dei centri della ""movida"" milanese.",Molto caratteristico, 23 settembre 2018,GianPia,4.0,positive
16985,Metto questo titolo perche io e la mia amica ci siamo preoccupate un mese prima di prenotare la nostra visita (gratuita se effettuata senza guida) e la cupola attraverso il sito ufficiale ma 4 giorni prima della partenza ci è arriata una email con scritto che la nostra prenotazione era stata cancellata senza alcuna motivazione. Da fuori molto bello,Delusione, 14 settembre 2019,Sofia,2.0,negative
16282,una delle piazza più suggestive e belle d'italia un posto magico poi nel periodo natalizio ancora di più,incantevole, 12 dicembre 2018,Stefania C,5.0,positive
9149,"nulla a che dire per la magnifica collezione di opere d'arte , imperdibile, ma ho trovato l'esposizione molto confusa.",confuso, 1 novembre 2019,giuseppe g,3.0,neutral
